nohup: ignoring input
Watching for file changes with StatReloader
[07/Apr/2026 12:04:02] "OPTIONS /user/login/ HTTP/1.1" 200 0
[07/Apr/2026 12:04:03] "POST /user/login/ HTTP/1.1" 200 969
[07/Apr/2026 12:04:03] "OPTIONS /user/users-with-details-list/ HTTP/1.1" 200 0
[07/Apr/2026 12:04:03] "OPTIONS /department/departments/ HTTP/1.1" 200 0
[07/Apr/2026 12:04:03] "OPTIONS /supplier/supplier/ HTTP/1.1" 200 0
[07/Apr/2026 12:04:03] "OPTIONS /user/users-with-details-list/ HTTP/1.1" 200 0
[07/Apr/2026 12:04:03] "OPTIONS /stats/po/total-price-dinar/?start_date=2026-01-07&end_date=2026-04-07 HTTP/1.1" 200 0
[07/Apr/2026 12:04:03] "GET /supplier/supplier/ HTTP/1.1" 200 3142
[07/Apr/2026 12:04:03] "GET /department/departments/ HTTP/1.1" 200 521
[07/Apr/2026 12:04:03] "GET /stats/po/total-price-dinar/?start_date=2026-01-07&end_date=2026-04-07 HTTP/1.1" 200 71
[07/Apr/2026 12:04:03] "GET /user/users-with-details-list/ HTTP/1.1" 200 6529
[07/Apr/2026 12:04:04] "OPTIONS /purchase_request/purchaseRequests/?page=1&page_size=200 HTTP/1.1" 200 0
[07/Apr/2026 12:04:04] "GET /user/users-with-details-list/ HTTP/1.1" 200 6529
[07/Apr/2026 12:04:04] "GET /purchase_request/purchaseRequests/?page=1&page_size=200 HTTP/1.1" 200 39379
[07/Apr/2026 12:04:04] "OPTIONS /datatable/po/list/?start_date=2026-01-07&end_date=2026-04-07&page=1&page_size=10 HTTP/1.1" 200 0
[07/Apr/2026 12:04:04] "OPTIONS /stats/po/totals/?group_by=summary&start_date=2026-01-07&end_date=2026-04-07&status=approved%2Crejected HTTP/1.1" 200 0
[07/Apr/2026 12:04:04] "OPTIONS /purchase_request/purchaseRequests/110/ HTTP/1.1" 200 0
[07/Apr/2026 12:04:04] "GET /stats/po/total-price-dinar/?start_date=2026-01-07&end_date=2026-04-07 HTTP/1.1" 200 71
[07/Apr/2026 12:04:04] "GET /stats/po/totals/?group_by=summary&start_date=2026-01-07&end_date=2026-04-07&status=approved%2Crejected HTTP/1.1" 200 62
[07/Apr/2026 12:04:04] "GET /purchase_request/purchaseRequests/110/ HTTP/1.1" 200 415
[07/Apr/2026 12:04:04] "GET /datatable/po/list/?start_date=2026-01-07&end_date=2026-04-07&page=1&page_size=10 HTTP/1.1" 200 7661
[07/Apr/2026 12:04:04] "OPTIONS /purchase_request/purchaseRequests/115/ HTTP/1.1" 200 0
[07/Apr/2026 12:04:04] "GET /purchase_request/purchaseRequests/115/ HTTP/1.1" 200 412
[07/Apr/2026 12:04:04] "OPTIONS /purchase_request/purchaseRequests/122/ HTTP/1.1" 200 0
[07/Apr/2026 12:04:04] "GET /purchase_request/purchaseRequests/122/ HTTP/1.1" 200 409
[07/Apr/2026 12:04:04] "OPTIONS /purchase_request/purchaseRequests/123/ HTTP/1.1" 200 0
[07/Apr/2026 12:04:05] "GET /purchase_request/purchaseRequests/123/ HTTP/1.1" 200 414
[07/Apr/2026 12:04:05] "OPTIONS /purchase_request/purchaseRequests/127/ HTTP/1.1" 200 0
[07/Apr/2026 12:04:05] "GET /purchase_request/purchaseRequests/127/ HTTP/1.1" 200 414
[07/Apr/2026 12:04:05] "OPTIONS /purchase_request/purchaseRequests/131/ HTTP/1.1" 200 0
[07/Apr/2026 12:04:05] "GET /purchase_request/purchaseRequests/131/ HTTP/1.1" 200 400
[07/Apr/2026 12:04:05] "OPTIONS /purchase_request/purchaseRequests/146/ HTTP/1.1" 200 0
[07/Apr/2026 12:04:05] "GET /purchase_request/purchaseRequests/146/ HTTP/1.1" 200 410
[07/Apr/2026 12:04:05] "OPTIONS /purchase_request/purchaseRequests/148/ HTTP/1.1" 200 0
[07/Apr/2026 12:04:05] "GET /purchase_request/purchaseRequests/148/ HTTP/1.1" 200 412
[07/Apr/2026 12:04:06] "OPTIONS /purchase_request/purchaseRequests/281/ HTTP/1.1" 200 0
[07/Apr/2026 12:04:06] "GET /user/users-with-details-list/ HTTP/1.1" 200 6529
[07/Apr/2026 12:04:06] "GET /purchase_request/purchaseRequests/281/ HTTP/1.1" 200 443
[07/Apr/2026 12:04:06] "OPTIONS /purchase_request/purchaseRequests/?page=1&page_size=10 HTTP/1.1" 200 0
[07/Apr/2026 12:04:06] "GET /purchase_request/purchaseRequests/?page=1&page_size=10 HTTP/1.1" 200 39379
[07/Apr/2026 12:04:06] "OPTIONS /purchase_order/purchaseOrders/ HTTP/1.1" 200 0
[07/Apr/2026 12:04:06] "OPTIONS /purchase_request/purchaseRequests/280/ HTTP/1.1" 200 0
[07/Apr/2026 12:04:06] "GET /purchase_request/purchaseRequests/280/ HTTP/1.1" 200 446
[07/Apr/2026 12:04:06] "OPTIONS /category/category/ HTTP/1.1" 200 0
[07/Apr/2026 12:04:06] "GET /purchase_order/purchaseOrders/ HTTP/1.1" 200 8377
[07/Apr/2026 12:04:06] "OPTIONS /category/category/ HTTP/1.1" 200 0
[07/Apr/2026 12:04:06] "OPTIONS /purchase_order/purchaseOrders/276/ HTTP/1.1" 200 0
[07/Apr/2026 12:04:06] "GET /category/category/ HTTP/1.1" 200 8743
[07/Apr/2026 12:04:06] "GET /category/category/ HTTP/1.1" 200 8743
[07/Apr/2026 12:04:06] "PATCH /purchase_order/purchaseOrders/276/ HTTP/1.1" 200 757
[07/Apr/2026 12:04:06] "GET /purchase_order/purchaseOrders/ HTTP/1.1" 200 8376
[07/Apr/2026 12:04:07] "OPTIONS /purchase_order/purchaseOrders/282/ HTTP/1.1" 200 0
[07/Apr/2026 12:04:07] "PATCH /purchase_order/purchaseOrders/282/ HTTP/1.1" 200 766
[07/Apr/2026 12:04:07] "GET /user/users-with-details-list/ HTTP/1.1" 200 6529
[07/Apr/2026 12:04:07] "GET /purchase_order/purchaseOrders/ HTTP/1.1" 200 8375
[07/Apr/2026 12:04:07] "OPTIONS /purchase_order/purchaseOrders/279/ HTTP/1.1" 200 0
[07/Apr/2026 12:04:07] "PATCH /purchase_order/purchaseOrders/279/ HTTP/1.1" 200 748
[07/Apr/2026 12:04:07] "GET /purchase_order/purchaseOrders/ HTTP/1.1" 200 8374
[07/Apr/2026 12:04:07] "OPTIONS /purchase_order/purchaseOrders/284/ HTTP/1.1" 200 0
[07/Apr/2026 12:04:07] "PATCH /purchase_order/purchaseOrders/284/ HTTP/1.1" 200 751
[07/Apr/2026 12:04:08] "GET /purchase_order/purchaseOrders/ HTTP/1.1" 200 8373
[07/Apr/2026 12:04:08] "OPTIONS /purchase_order/purchaseOrders/281/ HTTP/1.1" 200 0
[07/Apr/2026 12:04:08] "PATCH /purchase_order/purchaseOrders/281/ HTTP/1.1" 200 774
[07/Apr/2026 12:04:08] "GET /purchase_order/purchaseOrders/ HTTP/1.1" 200 8372
[07/Apr/2026 12:04:08] "OPTIONS /purchase_order/purchaseOrders/277/ HTTP/1.1" 200 0
[07/Apr/2026 12:04:08] "PATCH /purchase_order/purchaseOrders/277/ HTTP/1.1" 200 753
[07/Apr/2026 12:04:08] "GET /purchase_order/purchaseOrders/ HTTP/1.1" 200 8371
[07/Apr/2026 12:04:08] "OPTIONS /purchase_order/purchaseOrders/283/ HTTP/1.1" 200 0
[07/Apr/2026 12:04:08] "PATCH /purchase_order/purchaseOrders/283/ HTTP/1.1" 200 757
[07/Apr/2026 12:04:09] "GET /purchase_order/purchaseOrders/ HTTP/1.1" 200 8370
[07/Apr/2026 12:04:09] "OPTIONS /purchase_order/purchaseOrders/280/ HTTP/1.1" 200 0
[07/Apr/2026 12:04:09] "PATCH /purchase_order/purchaseOrders/280/ HTTP/1.1" 200 777
[07/Apr/2026 12:04:09] "GET /purchase_order/purchaseOrders/ HTTP/1.1" 200 8369
[07/Apr/2026 12:04:09] "GET /department/departments/ HTTP/1.1" 200 521
[07/Apr/2026 12:04:09] "GET /user/users-with-details-list/ HTTP/1.1" 200 6529
[07/Apr/2026 12:04:09] "GET /stats/po/total-price-dinar/?start_date=2026-01-07&end_date=2026-04-07 HTTP/1.1" 200 71
[07/Apr/2026 12:04:09] "GET /stats/po/totals/?group_by=summary&start_date=2026-01-07&end_date=2026-04-07&status=approved%2Crejected HTTP/1.1" 200 62
[07/Apr/2026 12:04:09] "GET /datatable/po/list/?start_date=2026-01-07&end_date=2026-04-07&page=1&page_size=10 HTTP/1.1" 200 7653
[07/Apr/2026 12:04:09] "OPTIONS /purchase_request/purchaseRequests/293/ HTTP/1.1" 200 0
[07/Apr/2026 12:04:09] "GET /purchase_request/purchaseRequests/293/ HTTP/1.1" 200 421
[07/Apr/2026 12:04:09] "OPTIONS /purchase_request/purchaseRequests/288/ HTTP/1.1" 200 0
[07/Apr/2026 12:04:10] "GET /purchase_request/purchaseRequests/288/ HTTP/1.1" 200 436
[07/Apr/2026 12:04:10] "OPTIONS /purchase_request/purchaseRequests/287/ HTTP/1.1" 200 0
[07/Apr/2026 12:04:10] "GET /purchase_request/purchaseRequests/287/ HTTP/1.1" 200 431
[07/Apr/2026 12:04:10] "OPTIONS /purchase_request/purchaseRequests/286/ HTTP/1.1" 200 0
[07/Apr/2026 12:04:10] "GET /purchase_request/purchaseRequests/286/ HTTP/1.1" 200 438
[07/Apr/2026 12:04:10] "OPTIONS /purchase_request/purchaseRequests/285/ HTTP/1.1" 200 0
[07/Apr/2026 12:04:10] "GET /purchase_request/purchaseRequests/285/ HTTP/1.1" 200 443
[07/Apr/2026 12:04:10] "OPTIONS /purchase_request/purchaseRequests/284/ HTTP/1.1" 200 0
[07/Apr/2026 12:04:11] "GET /purchase_request/purchaseRequests/284/ HTTP/1.1" 200 432
[07/Apr/2026 12:04:11] "OPTIONS /purchase_request/purchaseRequests/283/ HTTP/1.1" 200 0
[07/Apr/2026 12:04:11] "GET /purchase_request/purchaseRequests/283/ HTTP/1.1" 200 438
[07/Apr/2026 12:04:11] "OPTIONS /purchase_request/purchaseRequests/282/ HTTP/1.1" 200 0
[07/Apr/2026 12:04:11] "GET /purchase_request/purchaseRequests/282/ HTTP/1.1" 200 444
[07/Apr/2026 12:04:11] "GET /purchase_request/purchaseRequests/293/ HTTP/1.1" 200 421
[07/Apr/2026 12:04:11] "GET /stats/po/total-price-dinar/?start_date=2026-01-07&end_date=2026-04-07 HTTP/1.1" 200 71
[07/Apr/2026 12:04:11] "GET /datatable/po/list/?start_date=2026-01-07&end_date=2026-04-07&page=1&page_size=10 HTTP/1.1" 200 7653
[07/Apr/2026 12:04:11] "GET /stats/po/totals/?group_by=summary&start_date=2026-01-07&end_date=2026-04-07&status=approved%2Crejected HTTP/1.1" 200 62
[07/Apr/2026 12:04:11] "GET /purchase_request/purchaseRequests/281/ HTTP/1.1" 200 443
[07/Apr/2026 12:04:11] "GET /purchase_request/purchaseRequests/288/ HTTP/1.1" 200 436
[07/Apr/2026 12:04:11] "GET /purchase_request/purchaseRequests/280/ HTTP/1.1" 200 446
[07/Apr/2026 12:04:11] "OPTIONS /purchase_request/purchaseRequests/279/ HTTP/1.1" 200 0
[07/Apr/2026 12:04:11] "GET /purchase_request/purchaseRequests/287/ HTTP/1.1" 200 431
[07/Apr/2026 12:04:11] "GET /purchase_request/purchaseRequests/279/ HTTP/1.1" 200 435
[07/Apr/2026 12:04:11] "GET /purchase_request/purchaseRequests/286/ HTTP/1.1" 200 438
[07/Apr/2026 12:04:12] "OPTIONS /purchase_request/purchaseRequests/278/ HTTP/1.1" 200 0
[07/Apr/2026 12:04:12] "GET /purchase_request/purchaseRequests/285/ HTTP/1.1" 200 443
[07/Apr/2026 12:04:12] "GET /purchase_request/purchaseRequests/278/ HTTP/1.1" 200 429
[07/Apr/2026 12:04:12] "GET /purchase_request/purchaseRequests/284/ HTTP/1.1" 200 432
[07/Apr/2026 12:04:12] "OPTIONS /purchase_request/purchaseRequests/277/ HTTP/1.1" 200 0
[07/Apr/2026 12:04:12] "GET /purchase_request/purchaseRequests/283/ HTTP/1.1" 200 438
[07/Apr/2026 12:04:12] "GET /purchase_request/purchaseRequests/277/ HTTP/1.1" 200 432
[07/Apr/2026 12:04:12] "GET /purchase_request/purchaseRequests/282/ HTTP/1.1" 200 444
[07/Apr/2026 12:04:12] "OPTIONS /purchase_request/purchaseRequests/276/ HTTP/1.1" 200 0
[07/Apr/2026 12:04:12] "GET /purchase_request/purchaseRequests/281/ HTTP/1.1" 200 443
[07/Apr/2026 12:04:12] "GET /purchase_request/purchaseRequests/276/ HTTP/1.1" 200 429
[07/Apr/2026 12:04:12] "GET /purchase_request/purchaseRequests/280/ HTTP/1.1" 200 446
[07/Apr/2026 12:04:12] "OPTIONS /purchase_request/purchaseRequests/265/ HTTP/1.1" 200 0
[07/Apr/2026 12:04:12] "GET /purchase_request/purchaseRequests/279/ HTTP/1.1" 200 435
[07/Apr/2026 12:04:12] "GET /purchase_request/purchaseRequests/265/ HTTP/1.1" 200 428
[07/Apr/2026 12:04:12] "GET /purchase_request/purchaseRequests/278/ HTTP/1.1" 200 429
[07/Apr/2026 12:04:12] "OPTIONS /purchase_request/purchaseRequests/264/ HTTP/1.1" 200 0
[07/Apr/2026 12:04:13] "GET /purchase_request/purchaseRequests/277/ HTTP/1.1" 200 432
[07/Apr/2026 12:04:13] "GET /purchase_request/purchaseRequests/264/ HTTP/1.1" 200 438
[07/Apr/2026 12:04:13] "GET /purchase_request/purchaseRequests/276/ HTTP/1.1" 200 429
[07/Apr/2026 12:04:13] "OPTIONS /purchase_request/purchaseRequests/263/ HTTP/1.1" 200 0
[07/Apr/2026 12:04:13] "GET /purchase_request/purchaseRequests/265/ HTTP/1.1" 200 428
[07/Apr/2026 12:04:13] "GET /purchase_request/purchaseRequests/263/ HTTP/1.1" 200 432
[07/Apr/2026 12:04:13] "GET /purchase_request/purchaseRequests/264/ HTTP/1.1" 200 438
[07/Apr/2026 12:04:13] "OPTIONS /purchase_request/purchaseRequests/262/ HTTP/1.1" 200 0
[07/Apr/2026 12:04:13] "GET /purchase_request/purchaseRequests/262/ HTTP/1.1" 200 446
[07/Apr/2026 12:04:13] "GET /purchase_request/purchaseRequests/263/ HTTP/1.1" 200 432
[07/Apr/2026 12:04:13] "OPTIONS /purchase_request/purchaseRequests/261/ HTTP/1.1" 200 0
[07/Apr/2026 12:04:13] "GET /purchase_request/purchaseRequests/262/ HTTP/1.1" 200 446
[07/Apr/2026 12:04:13] "GET /purchase_request/purchaseRequests/261/ HTTP/1.1" 200 443
[07/Apr/2026 12:04:13] "OPTIONS /purchase_request/purchaseRequests/260/ HTTP/1.1" 200 0
[07/Apr/2026 12:04:13] "GET /purchase_request/purchaseRequests/261/ HTTP/1.1" 200 443
[07/Apr/2026 12:04:13] "GET /stats/po/total-price-dinar/?start_date=2026-01-07&end_date=2026-04-07 HTTP/1.1" 200 71
[07/Apr/2026 12:04:13] "GET /datatable/po/list/?start_date=2026-01-07&end_date=2026-04-07&page=1&page_size=10 HTTP/1.1" 200 7653
[07/Apr/2026 12:04:13] "GET /stats/po/totals/?group_by=summary&start_date=2026-01-07&end_date=2026-04-07&status=approved%2Crejected HTTP/1.1" 200 62
[07/Apr/2026 12:04:13] "GET /purchase_request/purchaseRequests/293/ HTTP/1.1" 200 421
[07/Apr/2026 12:04:13] "GET /purchase_request/purchaseRequests/260/ HTTP/1.1" 200 435
[07/Apr/2026 12:04:14] "GET /purchase_request/purchaseRequests/288/ HTTP/1.1" 200 436
[07/Apr/2026 12:04:14] "OPTIONS /purchase_request/purchaseRequests/259/ HTTP/1.1" 200 0
[07/Apr/2026 12:04:14] "GET /purchase_request/purchaseRequests/260/ HTTP/1.1" 200 435
[07/Apr/2026 12:04:14] "GET /purchase_request/purchaseRequests/287/ HTTP/1.1" 200 431
[07/Apr/2026 12:04:14] "GET /purchase_request/purchaseRequests/259/ HTTP/1.1" 200 439
[07/Apr/2026 12:04:14] "GET /purchase_request/purchaseRequests/286/ HTTP/1.1" 200 438
[07/Apr/2026 12:04:14] "OPTIONS /purchase_request/purchaseRequests/258/ HTTP/1.1" 200 0
[07/Apr/2026 12:04:14] "GET /purchase_request/purchaseRequests/259/ HTTP/1.1" 200 439
[07/Apr/2026 12:04:14] "GET /purchase_request/purchaseRequests/285/ HTTP/1.1" 200 443
[07/Apr/2026 12:04:14] "GET /purchase_request/purchaseRequests/258/ HTTP/1.1" 200 432
[07/Apr/2026 12:04:14] "GET /purchase_request/purchaseRequests/284/ HTTP/1.1" 200 432
[07/Apr/2026 12:04:14] "OPTIONS /purchase_request/purchaseRequests/257/ HTTP/1.1" 200 0
[07/Apr/2026 12:04:14] "GET /purchase_request/purchaseRequests/258/ HTTP/1.1" 200 432
[07/Apr/2026 12:04:14] "GET /purchase_request/purchaseRequests/283/ HTTP/1.1" 200 438
[07/Apr/2026 12:04:14] "GET /purchase_request/purchaseRequests/257/ HTTP/1.1" 200 428
[07/Apr/2026 12:04:14] "GET /purchase_request/purchaseRequests/282/ HTTP/1.1" 200 444
[07/Apr/2026 12:04:14] "OPTIONS /purchase_request/purchaseRequests/256/ HTTP/1.1" 200 0
[07/Apr/2026 12:04:14] "GET /purchase_request/purchaseRequests/257/ HTTP/1.1" 200 428
[07/Apr/2026 12:04:14] "GET /purchase_request/purchaseRequests/281/ HTTP/1.1" 200 443
[07/Apr/2026 12:04:14] "GET /purchase_request/purchaseRequests/256/ HTTP/1.1" 200 436
[07/Apr/2026 12:04:14] "OPTIONS /purchase_request/purchaseRequests/255/ HTTP/1.1" 200 0
[07/Apr/2026 12:04:14] "GET /purchase_request/purchaseRequests/280/ HTTP/1.1" 200 446
[07/Apr/2026 12:04:15] "GET /purchase_request/purchaseRequests/256/ HTTP/1.1" 200 436
[07/Apr/2026 12:04:15] "GET /purchase_request/purchaseRequests/255/ HTTP/1.1" 200 442
[07/Apr/2026 12:04:15] "GET /purchase_request/purchaseRequests/279/ HTTP/1.1" 200 435
[07/Apr/2026 12:04:15] "OPTIONS /purchase_request/purchaseRequests/254/ HTTP/1.1" 200 0
[07/Apr/2026 12:04:15] "GET /purchase_request/purchaseRequests/255/ HTTP/1.1" 200 442
[07/Apr/2026 12:04:15] "GET /purchase_request/purchaseRequests/278/ HTTP/1.1" 200 429
[07/Apr/2026 12:04:15] "GET /purchase_request/purchaseRequests/254/ HTTP/1.1" 200 412
[07/Apr/2026 12:04:15] "GET /purchase_request/purchaseRequests/277/ HTTP/1.1" 200 432
[07/Apr/2026 12:04:15] "OPTIONS /purchase_request/purchaseRequests/253/ HTTP/1.1" 200 0
[07/Apr/2026 12:04:15] "GET /purchase_request/purchaseRequests/254/ HTTP/1.1" 200 412
[07/Apr/2026 12:04:15] "GET /purchase_request/purchaseRequests/276/ HTTP/1.1" 200 429
[07/Apr/2026 12:04:15] "GET /purchase_request/purchaseRequests/253/ HTTP/1.1" 200 446
[07/Apr/2026 12:04:15] "GET /purchase_request/purchaseRequests/265/ HTTP/1.1" 200 428
[07/Apr/2026 12:04:15] "OPTIONS /purchase_request/purchaseRequests/252/ HTTP/1.1" 200 0
[07/Apr/2026 12:04:15] "GET /purchase_request/purchaseRequests/253/ HTTP/1.1" 200 446
[07/Apr/2026 12:04:15] "GET /purchase_request/purchaseRequests/264/ HTTP/1.1" 200 438
[07/Apr/2026 12:04:15] "GET /purchase_request/purchaseRequests/252/ HTTP/1.1" 200 441
[07/Apr/2026 12:04:15] "GET /purchase_request/purchaseRequests/263/ HTTP/1.1" 200 432
[07/Apr/2026 12:04:15] "OPTIONS /purchase_request/purchaseRequests/251/ HTTP/1.1" 200 0
[07/Apr/2026 12:04:15] "GET /purchase_request/purchaseRequests/252/ HTTP/1.1" 200 441
[07/Apr/2026 12:04:15] "GET /purchase_request/purchaseRequests/262/ HTTP/1.1" 200 446
[07/Apr/2026 12:04:16] "GET /purchase_request/purchaseRequests/251/ HTTP/1.1" 200 435
[07/Apr/2026 12:04:16] "GET /purchase_request/purchaseRequests/261/ HTTP/1.1" 200 443
[07/Apr/2026 12:04:16] "OPTIONS /purchase_request/purchaseRequests/250/ HTTP/1.1" 200 0
[07/Apr/2026 12:04:16] "GET /purchase_request/purchaseRequests/251/ HTTP/1.1" 200 435
[07/Apr/2026 12:04:16] "GET /purchase_request/purchaseRequests/260/ HTTP/1.1" 200 435
[07/Apr/2026 12:04:16] "GET /purchase_request/purchaseRequests/250/ HTTP/1.1" 200 543
[07/Apr/2026 12:04:16] "GET /purchase_request/purchaseRequests/259/ HTTP/1.1" 200 439
[07/Apr/2026 12:04:16] "OPTIONS /purchase_request/purchaseRequests/249/ HTTP/1.1" 200 0
[07/Apr/2026 12:04:16] "GET /purchase_request/purchaseRequests/250/ HTTP/1.1" 200 543
[07/Apr/2026 12:04:16] "GET /stats/po/total-price-dinar/?start_date=2026-01-07&end_date=2026-04-07 HTTP/1.1" 200 71
[07/Apr/2026 12:04:16] "GET /stats/po/totals/?group_by=summary&start_date=2026-01-07&end_date=2026-04-07&status=approved%2Crejected HTTP/1.1" 200 62
[07/Apr/2026 12:04:16] "GET /datatable/po/list/?start_date=2026-01-07&end_date=2026-04-07&page=1&page_size=10 HTTP/1.1" 200 7653
[07/Apr/2026 12:04:16] "GET /purchase_request/purchaseRequests/249/ HTTP/1.1" 200 433
[07/Apr/2026 12:04:16] "GET /purchase_request/purchaseRequests/293/ HTTP/1.1" 200 421
[07/Apr/2026 12:04:16] "GET /purchase_request/purchaseRequests/258/ HTTP/1.1" 200 432
[07/Apr/2026 12:04:16] "OPTIONS /purchase_request/purchaseRequests/248/ HTTP/1.1" 200 0
[07/Apr/2026 12:04:16] "GET /purchase_request/purchaseRequests/249/ HTTP/1.1" 200 433
[07/Apr/2026 12:04:16] "GET /purchase_request/purchaseRequests/257/ HTTP/1.1" 200 428
[07/Apr/2026 12:04:16] "GET /purchase_request/purchaseRequests/288/ HTTP/1.1" 200 436
[07/Apr/2026 12:04:16] "GET /purchase_request/purchaseRequests/248/ HTTP/1.1" 200 426
[07/Apr/2026 12:04:16] "GET /purchase_request/purchaseRequests/256/ HTTP/1.1" 200 436
[07/Apr/2026 12:04:16] "GET /purchase_request/purchaseRequests/287/ HTTP/1.1" 200 431
[07/Apr/2026 12:04:16] "OPTIONS /purchase_request/purchaseRequests/247/ HTTP/1.1" 200 0
[07/Apr/2026 12:04:16] "GET /purchase_request/purchaseRequests/248/ HTTP/1.1" 200 426
[07/Apr/2026 12:04:16] "GET /purchase_request/purchaseRequests/255/ HTTP/1.1" 200 442
[07/Apr/2026 12:04:16] "GET /purchase_request/purchaseRequests/286/ HTTP/1.1" 200 438
[07/Apr/2026 12:04:16] "GET /purchase_request/purchaseRequests/247/ HTTP/1.1" 200 431
[07/Apr/2026 12:04:16] "GET /purchase_request/purchaseRequests/254/ HTTP/1.1" 200 412
[07/Apr/2026 12:04:16] "GET /purchase_request/purchaseRequests/285/ HTTP/1.1" 200 443
[07/Apr/2026 12:04:17] "OPTIONS /purchase_request/purchaseRequests/246/ HTTP/1.1" 200 0
[07/Apr/2026 12:04:17] "GET /purchase_request/purchaseRequests/247/ HTTP/1.1" 200 431
[07/Apr/2026 12:04:17] "GET /purchase_request/purchaseRequests/284/ HTTP/1.1" 200 432
[07/Apr/2026 12:04:17] "GET /purchase_request/purchaseRequests/253/ HTTP/1.1" 200 446
[07/Apr/2026 12:04:17] "GET /purchase_request/purchaseRequests/246/ HTTP/1.1" 200 431
[07/Apr/2026 12:04:17] "GET /purchase_request/purchaseRequests/283/ HTTP/1.1" 200 438
[07/Apr/2026 12:04:17] "GET /purchase_request/purchaseRequests/252/ HTTP/1.1" 200 441
[07/Apr/2026 12:04:17] "OPTIONS /purchase_request/purchaseRequests/245/ HTTP/1.1" 200 0
[07/Apr/2026 12:04:17] "GET /purchase_request/purchaseRequests/246/ HTTP/1.1" 200 431
[07/Apr/2026 12:04:17] "GET /purchase_request/purchaseRequests/282/ HTTP/1.1" 200 444
[07/Apr/2026 12:04:17] "GET /purchase_request/purchaseRequests/251/ HTTP/1.1" 200 435
[07/Apr/2026 12:04:17] "GET /purchase_request/purchaseRequests/245/ HTTP/1.1" 200 438
[07/Apr/2026 12:04:17] "GET /purchase_request/purchaseRequests/281/ HTTP/1.1" 200 443
[07/Apr/2026 12:04:17] "OPTIONS /purchase_request/purchaseRequests/244/ HTTP/1.1" 200 0
[07/Apr/2026 12:04:17] "GET /purchase_request/purchaseRequests/245/ HTTP/1.1" 200 438
[07/Apr/2026 12:04:17] "GET /purchase_request/purchaseRequests/250/ HTTP/1.1" 200 543
[07/Apr/2026 12:04:17] "GET /purchase_request/purchaseRequests/280/ HTTP/1.1" 200 446
[07/Apr/2026 12:04:17] "GET /purchase_request/purchaseRequests/244/ HTTP/1.1" 200 446
[07/Apr/2026 12:04:17] "GET /purchase_request/purchaseRequests/249/ HTTP/1.1" 200 433
[07/Apr/2026 12:04:17] "OPTIONS /purchase_request/purchaseRequests/243/ HTTP/1.1" 200 0
[07/Apr/2026 12:04:17] "GET /purchase_request/purchaseRequests/279/ HTTP/1.1" 200 435
[07/Apr/2026 12:04:17] "GET /purchase_request/purchaseRequests/244/ HTTP/1.1" 200 446
[07/Apr/2026 12:04:17] "GET /purchase_request/purchaseRequests/248/ HTTP/1.1" 200 426
[07/Apr/2026 12:04:17] "GET /purchase_request/purchaseRequests/278/ HTTP/1.1" 200 429
[07/Apr/2026 12:04:17] "GET /purchase_request/purchaseRequests/243/ HTTP/1.1" 200 430
[07/Apr/2026 12:04:17] "GET /purchase_request/purchaseRequests/247/ HTTP/1.1" 200 431
[07/Apr/2026 12:04:17] "OPTIONS /purchase_request/purchaseRequests/242/ HTTP/1.1" 200 0
[07/Apr/2026 12:04:17] "GET /purchase_request/purchaseRequests/243/ HTTP/1.1" 200 430
[07/Apr/2026 12:04:17] "GET /purchase_request/purchaseRequests/277/ HTTP/1.1" 200 432
[07/Apr/2026 12:04:17] "GET /purchase_request/purchaseRequests/246/ HTTP/1.1" 200 431
[07/Apr/2026 12:04:18] "GET /purchase_request/purchaseRequests/242/ HTTP/1.1" 200 443
[07/Apr/2026 12:04:18] "GET /purchase_request/purchaseRequests/245/ HTTP/1.1" 200 438
[07/Apr/2026 12:04:18] "GET /purchase_request/purchaseRequests/276/ HTTP/1.1" 200 429
[07/Apr/2026 12:04:18] "OPTIONS /purchase_request/purchaseRequests/241/ HTTP/1.1" 200 0
[07/Apr/2026 12:04:18] "GET /purchase_request/purchaseRequests/242/ HTTP/1.1" 200 443
[07/Apr/2026 12:04:18] "GET /purchase_request/purchaseRequests/244/ HTTP/1.1" 200 446
[07/Apr/2026 12:04:18] "GET /purchase_request/purchaseRequests/265/ HTTP/1.1" 200 428
[07/Apr/2026 12:04:18] "GET /purchase_request/purchaseRequests/241/ HTTP/1.1" 200 442
[07/Apr/2026 12:04:18] "GET /purchase_request/purchaseRequests/264/ HTTP/1.1" 200 438
[07/Apr/2026 12:04:18] "GET /purchase_request/purchaseRequests/243/ HTTP/1.1" 200 430
[07/Apr/2026 12:04:18] "GET /purchase_request/purchaseRequests/241/ HTTP/1.1" 200 442
[07/Apr/2026 12:04:18] "OPTIONS /purchase_request/purchaseRequests/240/ HTTP/1.1" 200 0
[07/Apr/2026 12:04:18] "GET /purchase_request/purchaseRequests/263/ HTTP/1.1" 200 432
[07/Apr/2026 12:04:18] "GET /purchase_request/purchaseRequests/242/ HTTP/1.1" 200 443
[07/Apr/2026 12:04:18] "OPTIONS /purchase_request/purchaseRequests/240/ HTTP/1.1" 200 0
[07/Apr/2026 12:04:18] "GET /purchase_request/purchaseRequests/240/ HTTP/1.1" 200 436
[07/Apr/2026 12:04:18] "GET /purchase_request/purchaseRequests/241/ HTTP/1.1" 200 442
[07/Apr/2026 12:04:18] "GET /purchase_request/purchaseRequests/262/ HTTP/1.1" 200 446
[07/Apr/2026 12:04:18] "OPTIONS /purchase_request/purchaseRequests/239/ HTTP/1.1" 200 0
[07/Apr/2026 12:04:18] "GET /purchase_request/purchaseRequests/240/ HTTP/1.1" 200 436
[07/Apr/2026 12:04:18] "GET /purchase_request/purchaseRequests/261/ HTTP/1.1" 200 443
[07/Apr/2026 12:04:18] "GET /purchase_request/purchaseRequests/239/ HTTP/1.1" 200 430
[07/Apr/2026 12:04:18] "GET /purchase_request/purchaseRequests/240/ HTTP/1.1" 200 436
[07/Apr/2026 12:04:18] "GET /purchase_request/purchaseRequests/260/ HTTP/1.1" 200 435
[07/Apr/2026 12:04:18] "OPTIONS /purchase_request/purchaseRequests/238/ HTTP/1.1" 200 0
[07/Apr/2026 12:04:18] "GET /purchase_request/purchaseRequests/239/ HTTP/1.1" 200 430
[07/Apr/2026 12:04:19] "GET /purchase_request/purchaseRequests/259/ HTTP/1.1" 200 439
[07/Apr/2026 12:04:19] "GET /purchase_request/purchaseRequests/238/ HTTP/1.1" 200 432
[07/Apr/2026 12:04:19] "GET /purchase_request/purchaseRequests/239/ HTTP/1.1" 200 430
[07/Apr/2026 12:04:19] "GET /purchase_request/purchaseRequests/258/ HTTP/1.1" 200 432
[07/Apr/2026 12:04:19] "OPTIONS /purchase_request/purchaseRequests/237/ HTTP/1.1" 200 0
[07/Apr/2026 12:04:19] "GET /purchase_request/purchaseRequests/238/ HTTP/1.1" 200 432
[07/Apr/2026 12:04:19] "GET /purchase_request/purchaseRequests/257/ HTTP/1.1" 200 428
[07/Apr/2026 12:04:19] "GET /purchase_request/purchaseRequests/237/ HTTP/1.1" 200 430
[07/Apr/2026 12:04:19] "GET /purchase_request/purchaseRequests/238/ HTTP/1.1" 200 432
[07/Apr/2026 12:04:19] "GET /purchase_request/purchaseRequests/256/ HTTP/1.1" 200 436
[07/Apr/2026 12:04:19] "OPTIONS /purchase_request/purchaseRequests/236/ HTTP/1.1" 200 0
[07/Apr/2026 12:04:19] "GET /purchase_request/purchaseRequests/237/ HTTP/1.1" 200 430
[07/Apr/2026 12:04:19] "GET /purchase_request/purchaseRequests/255/ HTTP/1.1" 200 442
[07/Apr/2026 12:04:19] "GET /purchase_request/purchaseRequests/236/ HTTP/1.1" 200 428
[07/Apr/2026 12:04:19] "GET /purchase_request/purchaseRequests/237/ HTTP/1.1" 200 430
[07/Apr/2026 12:04:19] "OPTIONS /purchase_request/purchaseRequests/235/ HTTP/1.1" 200 0
[07/Apr/2026 12:04:19] "GET /purchase_request/purchaseRequests/254/ HTTP/1.1" 200 412
[07/Apr/2026 12:04:19] "GET /purchase_request/purchaseRequests/236/ HTTP/1.1" 200 428
[07/Apr/2026 12:04:19] "GET /purchase_request/purchaseRequests/235/ HTTP/1.1" 200 427
[07/Apr/2026 12:04:19] "GET /purchase_request/purchaseRequests/253/ HTTP/1.1" 200 446
[07/Apr/2026 12:04:19] "GET /purchase_request/purchaseRequests/236/ HTTP/1.1" 200 428
[07/Apr/2026 12:04:19] "OPTIONS /purchase_request/purchaseRequests/234/ HTTP/1.1" 200 0
[07/Apr/2026 12:04:19] "GET /purchase_request/purchaseRequests/252/ HTTP/1.1" 200 441
[07/Apr/2026 12:04:19] "GET /purchase_request/purchaseRequests/235/ HTTP/1.1" 200 427
[07/Apr/2026 12:04:20] "GET /purchase_request/purchaseRequests/234/ HTTP/1.1" 200 411
[07/Apr/2026 12:04:20] "GET /purchase_request/purchaseRequests/251/ HTTP/1.1" 200 435
[07/Apr/2026 12:04:20] "GET /purchase_request/purchaseRequests/235/ HTTP/1.1" 200 427
[07/Apr/2026 12:04:20] "OPTIONS /purchase_request/purchaseRequests/233/ HTTP/1.1" 200 0
[07/Apr/2026 12:04:20] "GET /purchase_request/purchaseRequests/234/ HTTP/1.1" 200 411
[07/Apr/2026 12:04:20] "GET /purchase_request/purchaseRequests/250/ HTTP/1.1" 200 543
[07/Apr/2026 12:04:20] "GET /purchase_request/purchaseRequests/233/ HTTP/1.1" 200 444
[07/Apr/2026 12:04:20] "GET /purchase_request/purchaseRequests/234/ HTTP/1.1" 200 411
[07/Apr/2026 12:04:20] "GET /datatable/po/list/?start_date=2026-01-07&end_date=2026-04-07&page=1&page_size=10 HTTP/1.1" 200 7653
[07/Apr/2026 12:04:20] "GET /stats/po/total-price-dinar/?start_date=2026-01-07&end_date=2026-04-07 HTTP/1.1" 200 71
[07/Apr/2026 12:04:20] "GET /purchase_request/purchaseRequests/293/ HTTP/1.1" 200 421
[07/Apr/2026 12:04:20] "GET /stats/po/totals/?group_by=summary&start_date=2026-01-07&end_date=2026-04-07&status=approved%2Crejected HTTP/1.1" 200 62
[07/Apr/2026 12:04:20] "GET /purchase_request/purchaseRequests/249/ HTTP/1.1" 200 433
[07/Apr/2026 12:04:20] "OPTIONS /purchase_request/purchaseRequests/232/ HTTP/1.1" 200 0
[07/Apr/2026 12:04:20] "GET /purchase_request/purchaseRequests/233/ HTTP/1.1" 200 444
[07/Apr/2026 12:04:20] "GET /purchase_request/purchaseRequests/232/ HTTP/1.1" 200 443
[07/Apr/2026 12:04:20] "GET /purchase_request/purchaseRequests/248/ HTTP/1.1" 200 426
[07/Apr/2026 12:04:20] "GET /purchase_request/purchaseRequests/233/ HTTP/1.1" 200 444
[07/Apr/2026 12:04:20] "OPTIONS /purchase_request/purchaseRequests/231/ HTTP/1.1" 200 0
[07/Apr/2026 12:04:20] "GET /purchase_request/purchaseRequests/232/ HTTP/1.1" 200 443
[07/Apr/2026 12:04:20] "GET /purchase_request/purchaseRequests/288/ HTTP/1.1" 200 436
[07/Apr/2026 12:04:20] "GET /purchase_request/purchaseRequests/247/ HTTP/1.1" 200 431
[07/Apr/2026 12:04:20] "GET /purchase_request/purchaseRequests/231/ HTTP/1.1" 200 437
[07/Apr/2026 12:04:20] "GET /purchase_request/purchaseRequests/232/ HTTP/1.1" 200 443
[07/Apr/2026 12:04:20] "GET /purchase_request/purchaseRequests/287/ HTTP/1.1" 200 431
[07/Apr/2026 12:04:20] "GET /purchase_request/purchaseRequests/246/ HTTP/1.1" 200 431
[07/Apr/2026 12:04:20] "OPTIONS /purchase_request/purchaseRequests/230/ HTTP/1.1" 200 0
[07/Apr/2026 12:04:20] "GET /purchase_request/purchaseRequests/231/ HTTP/1.1" 200 437
[07/Apr/2026 12:04:20] "GET /purchase_request/purchaseRequests/286/ HTTP/1.1" 200 438
[07/Apr/2026 12:04:20] "GET /purchase_request/purchaseRequests/245/ HTTP/1.1" 200 438
[07/Apr/2026 12:04:20] "GET /purchase_request/purchaseRequests/230/ HTTP/1.1" 200 443
[07/Apr/2026 12:04:21] "GET /purchase_request/purchaseRequests/231/ HTTP/1.1" 200 437
[07/Apr/2026 12:04:21] "GET /purchase_request/purchaseRequests/285/ HTTP/1.1" 200 443
[07/Apr/2026 12:04:21] "GET /purchase_request/purchaseRequests/244/ HTTP/1.1" 200 446
[07/Apr/2026 12:04:21] "OPTIONS /purchase_request/purchaseRequests/229/ HTTP/1.1" 200 0
[07/Apr/2026 12:04:21] "GET /purchase_request/purchaseRequests/230/ HTTP/1.1" 200 443
[07/Apr/2026 12:04:21] "GET /purchase_request/purchaseRequests/284/ HTTP/1.1" 200 432
[07/Apr/2026 12:04:21] "GET /purchase_request/purchaseRequests/243/ HTTP/1.1" 200 430
[07/Apr/2026 12:04:21] "GET /purchase_request/purchaseRequests/229/ HTTP/1.1" 200 503
[07/Apr/2026 12:04:21] "GET /purchase_request/purchaseRequests/230/ HTTP/1.1" 200 443
[07/Apr/2026 12:04:21] "OPTIONS /purchase_request/purchaseRequests/228/ HTTP/1.1" 200 0
[07/Apr/2026 12:04:21] "GET /purchase_request/purchaseRequests/229/ HTTP/1.1" 200 503
[07/Apr/2026 12:04:21] "GET /purchase_request/purchaseRequests/242/ HTTP/1.1" 200 443
[07/Apr/2026 12:04:21] "GET /purchase_request/purchaseRequests/283/ HTTP/1.1" 200 438
[07/Apr/2026 12:04:21] "GET /purchase_request/purchaseRequests/228/ HTTP/1.1" 200 412
[07/Apr/2026 12:04:21] "GET /purchase_request/purchaseRequests/229/ HTTP/1.1" 200 503
[07/Apr/2026 12:04:21] "GET /purchase_request/purchaseRequests/282/ HTTP/1.1" 200 444
[07/Apr/2026 12:04:21] "GET /purchase_request/purchaseRequests/241/ HTTP/1.1" 200 442
[07/Apr/2026 12:04:21] "OPTIONS /purchase_request/purchaseRequests/227/ HTTP/1.1" 200 0
[07/Apr/2026 12:04:21] "GET /purchase_request/purchaseRequests/228/ HTTP/1.1" 200 412
[07/Apr/2026 12:04:21] "GET /purchase_request/purchaseRequests/240/ HTTP/1.1" 200 436
[07/Apr/2026 12:04:21] "GET /purchase_request/purchaseRequests/281/ HTTP/1.1" 200 443
[07/Apr/2026 12:04:21] "GET /purchase_request/purchaseRequests/228/ HTTP/1.1" 200 412
[07/Apr/2026 12:04:21] "GET /purchase_request/purchaseRequests/227/ HTTP/1.1" 200 440
[07/Apr/2026 12:04:21] "GET /purchase_request/purchaseRequests/280/ HTTP/1.1" 200 446
[07/Apr/2026 12:04:21] "GET /purchase_request/purchaseRequests/239/ HTTP/1.1" 200 430
[07/Apr/2026 12:04:21] "GET /purchase_request/purchaseRequests/227/ HTTP/1.1" 200 440
[07/Apr/2026 12:04:21] "GET /purchase_request/purchaseRequests/238/ HTTP/1.1" 200 432
[07/Apr/2026 12:04:21] "OPTIONS /purchase_request/purchaseRequests/226/ HTTP/1.1" 200 0
[07/Apr/2026 12:04:21] "GET /purchase_request/purchaseRequests/279/ HTTP/1.1" 200 435
[07/Apr/2026 12:04:22] "GET /purchase_request/purchaseRequests/226/ HTTP/1.1" 200 411
[07/Apr/2026 12:04:22] "GET /purchase_request/purchaseRequests/227/ HTTP/1.1" 200 440
[07/Apr/2026 12:04:22] "GET /purchase_request/purchaseRequests/237/ HTTP/1.1" 200 430
[07/Apr/2026 12:04:22] "GET /purchase_request/purchaseRequests/226/ HTTP/1.1" 200 411
[07/Apr/2026 12:04:22] "OPTIONS /purchase_request/purchaseRequests/225/ HTTP/1.1" 200 0
[07/Apr/2026 12:04:22] "GET /purchase_request/purchaseRequests/278/ HTTP/1.1" 200 429
[07/Apr/2026 12:04:22] "OPTIONS /purchase_request/purchaseRequests/225/ HTTP/1.1" 200 0
[07/Apr/2026 12:04:22] "GET /purchase_request/purchaseRequests/226/ HTTP/1.1" 200 411
[07/Apr/2026 12:04:22] "GET /purchase_request/purchaseRequests/236/ HTTP/1.1" 200 428
[07/Apr/2026 12:04:22] "GET /purchase_request/purchaseRequests/225/ HTTP/1.1" 200 438
[07/Apr/2026 12:04:22] "GET /purchase_request/purchaseRequests/277/ HTTP/1.1" 200 432
[07/Apr/2026 12:04:22] "OPTIONS /purchase_request/purchaseRequests/224/ HTTP/1.1" 200 0
[07/Apr/2026 12:04:22] "GET /purchase_request/purchaseRequests/235/ HTTP/1.1" 200 427
[07/Apr/2026 12:04:22] "GET /purchase_request/purchaseRequests/225/ HTTP/1.1" 200 438
[07/Apr/2026 12:04:22] "GET /purchase_request/purchaseRequests/276/ HTTP/1.1" 200 429
[07/Apr/2026 12:04:22] "GET /purchase_request/purchaseRequests/234/ HTTP/1.1" 200 411
[07/Apr/2026 12:04:22] "GET /purchase_request/purchaseRequests/225/ HTTP/1.1" 200 438
[07/Apr/2026 12:04:22] "GET /purchase_request/purchaseRequests/224/ HTTP/1.1" 200 437
[07/Apr/2026 12:04:22] "GET /purchase_request/purchaseRequests/265/ HTTP/1.1" 200 428
[07/Apr/2026 12:04:22] "GET /stats/po/totals/?group_by=summary&start_date=2026-01-07&end_date=2026-04-07&status=approved%2Crejected HTTP/1.1" 200 62
[07/Apr/2026 12:04:22] "GET /stats/po/total-price-dinar/?start_date=2026-01-07&end_date=2026-04-07 HTTP/1.1" 200 71
[07/Apr/2026 12:04:22] "GET /datatable/po/list/?start_date=2026-01-07&end_date=2026-04-07&page=1&page_size=10 HTTP/1.1" 200 7653
[07/Apr/2026 12:04:22] "GET /purchase_request/purchaseRequests/233/ HTTP/1.1" 200 444
[07/Apr/2026 12:04:22] "GET /purchase_request/purchaseRequests/293/ HTTP/1.1" 200 421
[07/Apr/2026 12:04:22] "GET /purchase_request/purchaseRequests/224/ HTTP/1.1" 200 437
[07/Apr/2026 12:04:22] "OPTIONS /purchase_request/purchaseRequests/223/ HTTP/1.1" 200 0
[07/Apr/2026 12:04:22] "GET /purchase_request/purchaseRequests/264/ HTTP/1.1" 200 438
[07/Apr/2026 12:04:22] "GET /purchase_request/purchaseRequests/224/ HTTP/1.1" 200 437
[07/Apr/2026 12:04:22] "GET /purchase_request/purchaseRequests/223/ HTTP/1.1" 200 432
[07/Apr/2026 12:04:22] "GET /purchase_request/purchaseRequests/232/ HTTP/1.1" 200 443
[07/Apr/2026 12:04:23] "GET /purchase_request/purchaseRequests/288/ HTTP/1.1" 200 436
[07/Apr/2026 12:04:23] "GET /purchase_request/purchaseRequests/263/ HTTP/1.1" 200 432
[07/Apr/2026 12:04:23] "OPTIONS /purchase_request/purchaseRequests/222/ HTTP/1.1" 200 0
[07/Apr/2026 12:04:23] "GET /purchase_request/purchaseRequests/223/ HTTP/1.1" 200 432
[07/Apr/2026 12:04:23] "GET /purchase_request/purchaseRequests/231/ HTTP/1.1" 200 437
[07/Apr/2026 12:04:23] "GET /purchase_request/purchaseRequests/287/ HTTP/1.1" 200 431
[07/Apr/2026 12:04:23] "GET /purchase_request/purchaseRequests/262/ HTTP/1.1" 200 446
[07/Apr/2026 12:04:23] "GET /purchase_request/purchaseRequests/222/ HTTP/1.1" 200 442
[07/Apr/2026 12:04:23] "GET /purchase_request/purchaseRequests/223/ HTTP/1.1" 200 432
[07/Apr/2026 12:04:23] "GET /purchase_request/purchaseRequests/230/ HTTP/1.1" 200 443
[07/Apr/2026 12:04:23] "GET /purchase_request/purchaseRequests/286/ HTTP/1.1" 200 438
[07/Apr/2026 12:04:23] "GET /purchase_request/purchaseRequests/261/ HTTP/1.1" 200 443
[07/Apr/2026 12:04:23] "OPTIONS /purchase_request/purchaseRequests/221/ HTTP/1.1" 200 0
[07/Apr/2026 12:04:23] "GET /purchase_request/purchaseRequests/222/ HTTP/1.1" 200 442
[07/Apr/2026 12:04:23] "GET /purchase_request/purchaseRequests/260/ HTTP/1.1" 200 435
[07/Apr/2026 12:04:23] "GET /purchase_request/purchaseRequests/229/ HTTP/1.1" 200 503
[07/Apr/2026 12:04:23] "GET /purchase_request/purchaseRequests/285/ HTTP/1.1" 200 443
[07/Apr/2026 12:04:23] "GET /purchase_request/purchaseRequests/222/ HTTP/1.1" 200 442
[07/Apr/2026 12:04:23] "GET /purchase_request/purchaseRequests/221/ HTTP/1.1" 200 430
[07/Apr/2026 12:04:23] "GET /purchase_request/purchaseRequests/259/ HTTP/1.1" 200 439
[07/Apr/2026 12:04:23] "GET /purchase_request/purchaseRequests/284/ HTTP/1.1" 200 432
[07/Apr/2026 12:04:23] "GET /purchase_request/purchaseRequests/228/ HTTP/1.1" 200 412
[07/Apr/2026 12:04:23] "OPTIONS /purchase_request/purchaseRequests/220/ HTTP/1.1" 200 0
[07/Apr/2026 12:04:23] "GET /purchase_request/purchaseRequests/221/ HTTP/1.1" 200 430
[07/Apr/2026 12:04:23] "GET /purchase_request/purchaseRequests/258/ HTTP/1.1" 200 432
[07/Apr/2026 12:04:23] "GET /purchase_request/purchaseRequests/283/ HTTP/1.1" 200 438
[07/Apr/2026 12:04:23] "GET /purchase_request/purchaseRequests/227/ HTTP/1.1" 200 440
[07/Apr/2026 12:04:23] "GET /purchase_request/purchaseRequests/220/ HTTP/1.1" 200 429
[07/Apr/2026 12:04:23] "GET /purchase_request/purchaseRequests/221/ HTTP/1.1" 200 430
[07/Apr/2026 12:04:23] "GET /purchase_request/purchaseRequests/257/ HTTP/1.1" 200 428
[07/Apr/2026 12:04:23] "GET /purchase_request/purchaseRequests/226/ HTTP/1.1" 200 411
[07/Apr/2026 12:04:23] "GET /purchase_request/purchaseRequests/282/ HTTP/1.1" 200 444
[07/Apr/2026 12:04:23] "OPTIONS /purchase_request/purchaseRequests/219/ HTTP/1.1" 200 0
[07/Apr/2026 12:04:23] "GET /purchase_request/purchaseRequests/220/ HTTP/1.1" 200 429
[07/Apr/2026 12:04:23] "GET /purchase_request/purchaseRequests/256/ HTTP/1.1" 200 436
[07/Apr/2026 12:04:23] "GET /purchase_request/purchaseRequests/225/ HTTP/1.1" 200 438
[07/Apr/2026 12:04:23] "GET /purchase_request/purchaseRequests/281/ HTTP/1.1" 200 443
[07/Apr/2026 12:04:23] "GET /purchase_request/purchaseRequests/219/ HTTP/1.1" 200 440
[07/Apr/2026 12:04:23] "GET /purchase_request/purchaseRequests/220/ HTTP/1.1" 200 429
[07/Apr/2026 12:04:23] "GET /purchase_request/purchaseRequests/255/ HTTP/1.1" 200 442
[07/Apr/2026 12:04:23] "GET /purchase_request/purchaseRequests/224/ HTTP/1.1" 200 437
[07/Apr/2026 12:04:24] "GET /purchase_request/purchaseRequests/280/ HTTP/1.1" 200 446
[07/Apr/2026 12:04:24] "OPTIONS /purchase_request/purchaseRequests/218/ HTTP/1.1" 200 0
[07/Apr/2026 12:04:24] "GET /purchase_request/purchaseRequests/219/ HTTP/1.1" 200 440
[07/Apr/2026 12:04:24] "GET /purchase_request/purchaseRequests/254/ HTTP/1.1" 200 412
[07/Apr/2026 12:04:24] "GET /purchase_request/purchaseRequests/223/ HTTP/1.1" 200 432
[07/Apr/2026 12:04:24] "GET /purchase_request/purchaseRequests/279/ HTTP/1.1" 200 435
[07/Apr/2026 12:04:24] "GET /purchase_request/purchaseRequests/219/ HTTP/1.1" 200 440
[07/Apr/2026 12:04:24] "GET /purchase_request/purchaseRequests/218/ HTTP/1.1" 200 428
[07/Apr/2026 12:04:24] "GET /purchase_request/purchaseRequests/222/ HTTP/1.1" 200 442
[07/Apr/2026 12:04:24] "GET /purchase_request/purchaseRequests/253/ HTTP/1.1" 200 446
[07/Apr/2026 12:04:24] "GET /purchase_request/purchaseRequests/278/ HTTP/1.1" 200 429
[07/Apr/2026 12:04:24] "OPTIONS /purchase_request/purchaseRequests/217/ HTTP/1.1" 200 0
[07/Apr/2026 12:04:24] "GET /purchase_request/purchaseRequests/218/ HTTP/1.1" 200 428
[07/Apr/2026 12:04:24] "GET /purchase_request/purchaseRequests/221/ HTTP/1.1" 200 430
[07/Apr/2026 12:04:24] "GET /purchase_request/purchaseRequests/252/ HTTP/1.1" 200 441
[07/Apr/2026 12:04:24] "GET /purchase_request/purchaseRequests/277/ HTTP/1.1" 200 432
[07/Apr/2026 12:04:24] "GET /purchase_request/purchaseRequests/218/ HTTP/1.1" 200 428
[07/Apr/2026 12:04:24] "GET /purchase_request/purchaseRequests/217/ HTTP/1.1" 200 429
[07/Apr/2026 12:04:24] "GET /purchase_request/purchaseRequests/220/ HTTP/1.1" 200 429
[07/Apr/2026 12:04:24] "GET /purchase_request/purchaseRequests/251/ HTTP/1.1" 200 435
[07/Apr/2026 12:04:24] "GET /purchase_request/purchaseRequests/276/ HTTP/1.1" 200 429
[07/Apr/2026 12:04:24] "OPTIONS /purchase_request/purchaseRequests/216/ HTTP/1.1" 200 0
[07/Apr/2026 12:04:24] "GET /purchase_request/purchaseRequests/217/ HTTP/1.1" 200 429
[07/Apr/2026 12:04:24] "GET /purchase_request/purchaseRequests/219/ HTTP/1.1" 200 440
[07/Apr/2026 12:04:24] "GET /purchase_request/purchaseRequests/250/ HTTP/1.1" 200 543
[07/Apr/2026 12:04:24] "GET /purchase_request/purchaseRequests/265/ HTTP/1.1" 200 428
[07/Apr/2026 12:04:24] "GET /purchase_request/purchaseRequests/216/ HTTP/1.1" 200 426
[07/Apr/2026 12:04:24] "GET /purchase_request/purchaseRequests/217/ HTTP/1.1" 200 429
[07/Apr/2026 12:04:24] "GET /purchase_request/purchaseRequests/218/ HTTP/1.1" 200 428
[07/Apr/2026 12:04:24] "GET /purchase_request/purchaseRequests/249/ HTTP/1.1" 200 433
[07/Apr/2026 12:04:24] "OPTIONS /purchase_request/purchaseRequests/215/ HTTP/1.1" 200 0
[07/Apr/2026 12:04:24] "GET /purchase_request/purchaseRequests/264/ HTTP/1.1" 200 438
[07/Apr/2026 12:04:24] "GET /purchase_request/purchaseRequests/216/ HTTP/1.1" 200 426
[07/Apr/2026 12:04:24] "GET /purchase_request/purchaseRequests/217/ HTTP/1.1" 200 429
[07/Apr/2026 12:04:24] "GET /purchase_request/purchaseRequests/215/ HTTP/1.1" 200 428
[07/Apr/2026 12:04:24] "GET /purchase_request/purchaseRequests/216/ HTTP/1.1" 200 426
[07/Apr/2026 12:04:24] "GET /purchase_request/purchaseRequests/263/ HTTP/1.1" 200 432
[07/Apr/2026 12:04:24] "GET /purchase_request/purchaseRequests/248/ HTTP/1.1" 200 426
[07/Apr/2026 12:04:24] "OPTIONS /purchase_request/purchaseRequests/214/ HTTP/1.1" 200 0
[07/Apr/2026 12:04:25] "GET /purchase_request/purchaseRequests/216/ HTTP/1.1" 200 426
[07/Apr/2026 12:04:25] "GET /purchase_request/purchaseRequests/262/ HTTP/1.1" 200 446
[07/Apr/2026 12:04:25] "GET /purchase_request/purchaseRequests/215/ HTTP/1.1" 200 428
[07/Apr/2026 12:04:25] "GET /purchase_request/purchaseRequests/247/ HTTP/1.1" 200 431
[07/Apr/2026 12:04:25] "GET /purchase_request/purchaseRequests/214/ HTTP/1.1" 200 436
[07/Apr/2026 12:04:25] "GET /purchase_request/purchaseRequests/215/ HTTP/1.1" 200 428
[07/Apr/2026 12:04:25] "GET /purchase_request/purchaseRequests/261/ HTTP/1.1" 200 443
[07/Apr/2026 12:04:25] "GET /purchase_request/purchaseRequests/246/ HTTP/1.1" 200 431
[07/Apr/2026 12:04:25] "OPTIONS /purchase_request/purchaseRequests/206/ HTTP/1.1" 200 0
[07/Apr/2026 12:04:25] "GET /purchase_request/purchaseRequests/214/ HTTP/1.1" 200 436
[07/Apr/2026 12:04:25] "GET /purchase_request/purchaseRequests/215/ HTTP/1.1" 200 428
[07/Apr/2026 12:04:25] "GET /purchase_request/purchaseRequests/260/ HTTP/1.1" 200 435
[07/Apr/2026 12:04:25] "GET /purchase_request/purchaseRequests/245/ HTTP/1.1" 200 438
[07/Apr/2026 12:04:25] "GET /purchase_request/purchaseRequests/206/ HTTP/1.1" 200 418
[07/Apr/2026 12:04:25] "GET /purchase_request/purchaseRequests/214/ HTTP/1.1" 200 436
[07/Apr/2026 12:04:25] "GET /purchase_request/purchaseRequests/259/ HTTP/1.1" 200 439
[07/Apr/2026 12:04:25] "GET /purchase_request/purchaseRequests/244/ HTTP/1.1" 200 446
[07/Apr/2026 12:04:25] "OPTIONS /purchase_request/purchaseRequests/204/ HTTP/1.1" 200 0
[07/Apr/2026 12:04:25] "GET /purchase_request/purchaseRequests/206/ HTTP/1.1" 200 418
[07/Apr/2026 12:04:25] "GET /purchase_request/purchaseRequests/214/ HTTP/1.1" 200 436
[07/Apr/2026 12:04:25] "GET /purchase_request/purchaseRequests/243/ HTTP/1.1" 200 430
[07/Apr/2026 12:04:25] "GET /purchase_request/purchaseRequests/258/ HTTP/1.1" 200 432
[07/Apr/2026 12:04:25] "GET /purchase_request/purchaseRequests/204/ HTTP/1.1" 200 402
[07/Apr/2026 12:04:25] "GET /purchase_request/purchaseRequests/206/ HTTP/1.1" 200 418
[07/Apr/2026 12:04:25] "GET /purchase_request/purchaseRequests/257/ HTTP/1.1" 200 428
[07/Apr/2026 12:04:25] "GET /purchase_request/purchaseRequests/242/ HTTP/1.1" 200 443
[07/Apr/2026 12:04:25] "OPTIONS /purchase_request/purchaseRequests/203/ HTTP/1.1" 200 0
[07/Apr/2026 12:04:25] "GET /purchase_request/purchaseRequests/204/ HTTP/1.1" 200 402
[07/Apr/2026 12:04:25] "GET /purchase_request/purchaseRequests/206/ HTTP/1.1" 200 418
[07/Apr/2026 12:04:25] "GET /purchase_request/purchaseRequests/256/ HTTP/1.1" 200 436
[07/Apr/2026 12:04:25] "GET /purchase_request/purchaseRequests/241/ HTTP/1.1" 200 442
[07/Apr/2026 12:04:25] "GET /purchase_request/purchaseRequests/203/ HTTP/1.1" 200 445
[07/Apr/2026 12:04:25] "GET /purchase_request/purchaseRequests/204/ HTTP/1.1" 200 402
[07/Apr/2026 12:04:25] "OPTIONS /purchase_request/purchaseRequests/202/ HTTP/1.1" 200 0
[07/Apr/2026 12:04:25] "GET /purchase_request/purchaseRequests/255/ HTTP/1.1" 200 442
[07/Apr/2026 12:04:25] "GET /purchase_request/purchaseRequests/203/ HTTP/1.1" 200 445
[07/Apr/2026 12:04:25] "GET /purchase_request/purchaseRequests/240/ HTTP/1.1" 200 436
[07/Apr/2026 12:04:25] "GET /purchase_request/purchaseRequests/204/ HTTP/1.1" 200 402
[07/Apr/2026 12:04:25] "GET /purchase_request/purchaseRequests/202/ HTTP/1.1" 200 438
[07/Apr/2026 12:04:25] "GET /purchase_request/purchaseRequests/203/ HTTP/1.1" 200 445
[07/Apr/2026 12:04:25] "GET /purchase_request/purchaseRequests/254/ HTTP/1.1" 200 412
[07/Apr/2026 12:04:26] "GET /purchase_request/purchaseRequests/239/ HTTP/1.1" 200 430
[07/Apr/2026 12:04:26] "OPTIONS /purchase_request/purchaseRequests/200/ HTTP/1.1" 200 0
[07/Apr/2026 12:04:26] "GET /purchase_request/purchaseRequests/202/ HTTP/1.1" 200 438
[07/Apr/2026 12:04:26] "GET /purchase_request/purchaseRequests/203/ HTTP/1.1" 200 445
[07/Apr/2026 12:04:26] "GET /purchase_request/purchaseRequests/253/ HTTP/1.1" 200 446
[07/Apr/2026 12:04:26] "GET /purchase_request/purchaseRequests/238/ HTTP/1.1" 200 432
[07/Apr/2026 12:04:26] "GET /purchase_request/purchaseRequests/200/ HTTP/1.1" 200 406
[07/Apr/2026 12:04:26] "GET /purchase_request/purchaseRequests/202/ HTTP/1.1" 200 438
[07/Apr/2026 12:04:26] "GET /purchase_request/purchaseRequests/252/ HTTP/1.1" 200 441
[07/Apr/2026 12:04:26] "GET /purchase_request/purchaseRequests/237/ HTTP/1.1" 200 430
[07/Apr/2026 12:04:26] "OPTIONS /purchase_request/purchaseRequests/199/ HTTP/1.1" 200 0
[07/Apr/2026 12:04:26] "GET /purchase_request/purchaseRequests/200/ HTTP/1.1" 200 406
[07/Apr/2026 12:04:26] "GET /purchase_request/purchaseRequests/202/ HTTP/1.1" 200 438
[07/Apr/2026 12:04:26] "GET /purchase_request/purchaseRequests/251/ HTTP/1.1" 200 435
[07/Apr/2026 12:04:26] "GET /purchase_request/purchaseRequests/236/ HTTP/1.1" 200 428
[07/Apr/2026 12:04:26] "GET /purchase_request/purchaseRequests/199/ HTTP/1.1" 200 424
[07/Apr/2026 12:04:26] "GET /purchase_request/purchaseRequests/200/ HTTP/1.1" 200 406
[07/Apr/2026 12:04:26] "GET /purchase_request/purchaseRequests/235/ HTTP/1.1" 200 427
[07/Apr/2026 12:04:26] "GET /purchase_request/purchaseRequests/250/ HTTP/1.1" 200 543
[07/Apr/2026 12:04:26] "OPTIONS /purchase_request/purchaseRequests/198/ HTTP/1.1" 200 0
[07/Apr/2026 12:04:26] "GET /purchase_request/purchaseRequests/199/ HTTP/1.1" 200 424
[07/Apr/2026 12:04:26] "GET /purchase_request/purchaseRequests/200/ HTTP/1.1" 200 406
[07/Apr/2026 12:04:26] "GET /purchase_request/purchaseRequests/234/ HTTP/1.1" 200 411
[07/Apr/2026 12:04:26] "GET /purchase_request/purchaseRequests/249/ HTTP/1.1" 200 433
[07/Apr/2026 12:04:26] "GET /purchase_request/purchaseRequests/198/ HTTP/1.1" 200 517
[07/Apr/2026 12:04:26] "GET /purchase_request/purchaseRequests/199/ HTTP/1.1" 200 424
[07/Apr/2026 12:04:26] "GET /purchase_request/purchaseRequests/248/ HTTP/1.1" 200 426
[07/Apr/2026 12:04:26] "GET /purchase_request/purchaseRequests/233/ HTTP/1.1" 200 444
[07/Apr/2026 12:04:26] "OPTIONS /purchase_request/purchaseRequests/197/ HTTP/1.1" 200 0
[07/Apr/2026 12:04:26] "GET /purchase_request/purchaseRequests/199/ HTTP/1.1" 200 424
[07/Apr/2026 12:04:26] "GET /purchase_request/purchaseRequests/198/ HTTP/1.1" 200 517
[07/Apr/2026 12:04:26] "GET /purchase_request/purchaseRequests/232/ HTTP/1.1" 200 443
[07/Apr/2026 12:04:26] "GET /purchase_request/purchaseRequests/247/ HTTP/1.1" 200 431
[07/Apr/2026 12:04:26] "GET /purchase_request/purchaseRequests/197/ HTTP/1.1" 200 426
[07/Apr/2026 12:04:26] "GET /purchase_request/purchaseRequests/198/ HTTP/1.1" 200 517
[07/Apr/2026 12:04:27] "GET /purchase_request/purchaseRequests/246/ HTTP/1.1" 200 431
[07/Apr/2026 12:04:27] "GET /purchase_request/purchaseRequests/231/ HTTP/1.1" 200 437
[07/Apr/2026 12:04:27] "OPTIONS /purchase_request/purchaseRequests/192/ HTTP/1.1" 200 0
[07/Apr/2026 12:04:27] "GET /purchase_request/purchaseRequests/197/ HTTP/1.1" 200 426
[07/Apr/2026 12:04:27] "GET /purchase_request/purchaseRequests/198/ HTTP/1.1" 200 517
[07/Apr/2026 12:04:27] "GET /purchase_request/purchaseRequests/245/ HTTP/1.1" 200 438
[07/Apr/2026 12:04:27] "GET /purchase_request/purchaseRequests/230/ HTTP/1.1" 200 443
[07/Apr/2026 12:04:27] "GET /purchase_request/purchaseRequests/192/ HTTP/1.1" 200 412
[07/Apr/2026 12:04:27] "GET /purchase_request/purchaseRequests/197/ HTTP/1.1" 200 426
[07/Apr/2026 12:04:27] "GET /purchase_request/purchaseRequests/244/ HTTP/1.1" 200 446
[07/Apr/2026 12:04:27] "OPTIONS /purchase_request/purchaseRequests/175/ HTTP/1.1" 200 0
[07/Apr/2026 12:04:27] "GET /purchase_request/purchaseRequests/192/ HTTP/1.1" 200 412
[07/Apr/2026 12:04:27] "GET /purchase_request/purchaseRequests/229/ HTTP/1.1" 200 503
[07/Apr/2026 12:04:27] "GET /purchase_request/purchaseRequests/197/ HTTP/1.1" 200 426
[07/Apr/2026 12:04:27] "GET /purchase_request/purchaseRequests/175/ HTTP/1.1" 200 414
[07/Apr/2026 12:04:27] "GET /purchase_request/purchaseRequests/243/ HTTP/1.1" 200 430
[07/Apr/2026 12:04:27] "GET /purchase_request/purchaseRequests/192/ HTTP/1.1" 200 412
[07/Apr/2026 12:04:27] "GET /purchase_request/purchaseRequests/228/ HTTP/1.1" 200 412
[07/Apr/2026 12:04:27] "OPTIONS /purchase_request/purchaseRequests/174/ HTTP/1.1" 200 0
[07/Apr/2026 12:04:27] "GET /purchase_request/purchaseRequests/175/ HTTP/1.1" 200 414
[07/Apr/2026 12:04:27] "GET /purchase_request/purchaseRequests/242/ HTTP/1.1" 200 443
[07/Apr/2026 12:04:27] "GET /purchase_request/purchaseRequests/192/ HTTP/1.1" 200 412
[07/Apr/2026 12:04:27] "GET /purchase_request/purchaseRequests/227/ HTTP/1.1" 200 440
[07/Apr/2026 12:04:27] "GET /purchase_request/purchaseRequests/174/ HTTP/1.1" 200 410
[07/Apr/2026 12:04:27] "GET /purchase_request/purchaseRequests/175/ HTTP/1.1" 200 414
[07/Apr/2026 12:04:27] "GET /purchase_request/purchaseRequests/241/ HTTP/1.1" 200 442
[07/Apr/2026 12:04:27] "GET /purchase_request/purchaseRequests/226/ HTTP/1.1" 200 411
[07/Apr/2026 12:04:27] "OPTIONS /purchase_request/purchaseRequests/173/ HTTP/1.1" 200 0
[07/Apr/2026 12:04:27] "GET /purchase_request/purchaseRequests/174/ HTTP/1.1" 200 410
[07/Apr/2026 12:04:27] "GET /purchase_request/purchaseRequests/175/ HTTP/1.1" 200 414
[07/Apr/2026 12:04:27] "GET /purchase_request/purchaseRequests/240/ HTTP/1.1" 200 436
[07/Apr/2026 12:04:27] "GET /purchase_request/purchaseRequests/225/ HTTP/1.1" 200 438
[07/Apr/2026 12:04:27] "GET /purchase_request/purchaseRequests/173/ HTTP/1.1" 200 412
[07/Apr/2026 12:04:27] "GET /purchase_request/purchaseRequests/174/ HTTP/1.1" 200 410
[07/Apr/2026 12:04:27] "GET /purchase_request/purchaseRequests/239/ HTTP/1.1" 200 430
[07/Apr/2026 12:04:27] "GET /purchase_request/purchaseRequests/224/ HTTP/1.1" 200 437
[07/Apr/2026 12:04:27] "OPTIONS /purchase_request/purchaseRequests/156/ HTTP/1.1" 200 0
[07/Apr/2026 12:04:27] "GET /purchase_request/purchaseRequests/173/ HTTP/1.1" 200 412
[07/Apr/2026 12:04:27] "GET /purchase_request/purchaseRequests/174/ HTTP/1.1" 200 410
[07/Apr/2026 12:04:28] "GET /purchase_request/purchaseRequests/238/ HTTP/1.1" 200 432
[07/Apr/2026 12:04:28] "GET /purchase_request/purchaseRequests/223/ HTTP/1.1" 200 432
[07/Apr/2026 12:04:28] "GET /purchase_request/purchaseRequests/156/ HTTP/1.1" 200 412
[07/Apr/2026 12:04:28] "GET /purchase_request/purchaseRequests/173/ HTTP/1.1" 200 412
[07/Apr/2026 12:04:28] "GET /purchase_request/purchaseRequests/237/ HTTP/1.1" 200 430
[07/Apr/2026 12:04:28] "GET /purchase_request/purchaseRequests/222/ HTTP/1.1" 200 442
[07/Apr/2026 12:04:28] "OPTIONS /purchase_request/purchaseRequests/154/ HTTP/1.1" 200 0
[07/Apr/2026 12:04:28] "GET /purchase_request/purchaseRequests/156/ HTTP/1.1" 200 412
[07/Apr/2026 12:04:28] "GET /purchase_request/purchaseRequests/173/ HTTP/1.1" 200 412
[07/Apr/2026 12:04:28] "GET /purchase_request/purchaseRequests/236/ HTTP/1.1" 200 428
[07/Apr/2026 12:04:28] "GET /purchase_request/purchaseRequests/221/ HTTP/1.1" 200 430
[07/Apr/2026 12:04:28] "GET /purchase_request/purchaseRequests/154/ HTTP/1.1" 200 412
[07/Apr/2026 12:04:28] "GET /purchase_request/purchaseRequests/156/ HTTP/1.1" 200 412
[07/Apr/2026 12:04:28] "GET /purchase_request/purchaseRequests/235/ HTTP/1.1" 200 427
[07/Apr/2026 12:04:28] "GET /purchase_request/purchaseRequests/220/ HTTP/1.1" 200 429
[07/Apr/2026 12:04:28] "OPTIONS /purchase_request/purchaseRequests/153/ HTTP/1.1" 200 0
[07/Apr/2026 12:04:28] "GET /purchase_request/purchaseRequests/154/ HTTP/1.1" 200 412
[07/Apr/2026 12:04:28] "GET /purchase_request/purchaseRequests/156/ HTTP/1.1" 200 412
[07/Apr/2026 12:04:28] "GET /purchase_request/purchaseRequests/234/ HTTP/1.1" 200 411
[07/Apr/2026 12:04:28] "GET /purchase_request/purchaseRequests/219/ HTTP/1.1" 200 440
[07/Apr/2026 12:04:28] "GET /purchase_request/purchaseRequests/153/ HTTP/1.1" 200 414
[07/Apr/2026 12:04:28] "GET /purchase_request/purchaseRequests/154/ HTTP/1.1" 200 412
[07/Apr/2026 12:04:28] "GET /purchase_request/purchaseRequests/233/ HTTP/1.1" 200 444
[07/Apr/2026 12:04:28] "OPTIONS /purchase_request/purchaseRequests/152/ HTTP/1.1" 200 0
[07/Apr/2026 12:04:28] "GET /purchase_request/purchaseRequests/153/ HTTP/1.1" 200 414
[07/Apr/2026 12:04:28] "GET /purchase_request/purchaseRequests/218/ HTTP/1.1" 200 428
[07/Apr/2026 12:04:28] "GET /purchase_request/purchaseRequests/154/ HTTP/1.1" 200 412
[07/Apr/2026 12:04:28] "GET /purchase_request/purchaseRequests/232/ HTTP/1.1" 200 443
[07/Apr/2026 12:04:28] "GET /purchase_request/purchaseRequests/153/ HTTP/1.1" 200 414
[07/Apr/2026 12:04:28] "GET /purchase_request/purchaseRequests/217/ HTTP/1.1" 200 429
[07/Apr/2026 12:04:28] "GET /purchase_request/purchaseRequests/152/ HTTP/1.1" 200 414
[07/Apr/2026 12:04:28] "GET /purchase_request/purchaseRequests/231/ HTTP/1.1" 200 437
[07/Apr/2026 12:04:28] "OPTIONS /purchase_request/purchaseRequests/149/ HTTP/1.1" 200 0
[07/Apr/2026 12:04:28] "GET /purchase_request/purchaseRequests/153/ HTTP/1.1" 200 414
[07/Apr/2026 12:04:28] "GET /purchase_request/purchaseRequests/152/ HTTP/1.1" 200 414
[07/Apr/2026 12:04:28] "GET /purchase_request/purchaseRequests/216/ HTTP/1.1" 200 426
[07/Apr/2026 12:04:28] "GET /purchase_request/purchaseRequests/230/ HTTP/1.1" 200 443
[07/Apr/2026 12:04:29] "GET /purchase_request/purchaseRequests/149/ HTTP/1.1" 200 410
[07/Apr/2026 12:04:29] "GET /purchase_request/purchaseRequests/152/ HTTP/1.1" 200 414
[07/Apr/2026 12:04:29] "GET /purchase_request/purchaseRequests/215/ HTTP/1.1" 200 428
[07/Apr/2026 12:04:29] "GET /purchase_request/purchaseRequests/229/ HTTP/1.1" 200 503
[07/Apr/2026 12:04:29] "GET /purchase_request/purchaseRequests/149/ HTTP/1.1" 200 410
[07/Apr/2026 12:04:29] "GET /purchase_request/purchaseRequests/148/ HTTP/1.1" 200 412
[07/Apr/2026 12:04:29] "GET /purchase_request/purchaseRequests/152/ HTTP/1.1" 200 414
[07/Apr/2026 12:04:29] "GET /purchase_request/purchaseRequests/214/ HTTP/1.1" 200 436
[07/Apr/2026 12:04:29] "GET /purchase_request/purchaseRequests/228/ HTTP/1.1" 200 412
[07/Apr/2026 12:04:29] "GET /purchase_request/purchaseRequests/149/ HTTP/1.1" 200 410
[07/Apr/2026 12:04:29] "GET /purchase_request/purchaseRequests/148/ HTTP/1.1" 200 412
[07/Apr/2026 12:04:29] "GET /purchase_request/purchaseRequests/146/ HTTP/1.1" 200 410
[07/Apr/2026 12:04:29] "GET /purchase_request/purchaseRequests/206/ HTTP/1.1" 200 418
[07/Apr/2026 12:04:29] "GET /purchase_request/purchaseRequests/227/ HTTP/1.1" 200 440
[07/Apr/2026 12:04:29] "GET /purchase_request/purchaseRequests/149/ HTTP/1.1" 200 410
[07/Apr/2026 12:04:29] "GET /purchase_request/purchaseRequests/148/ HTTP/1.1" 200 412
[07/Apr/2026 12:04:29] "GET /purchase_request/purchaseRequests/131/ HTTP/1.1" 200 400
[07/Apr/2026 12:04:29] "GET /purchase_request/purchaseRequests/146/ HTTP/1.1" 200 410
[07/Apr/2026 12:04:29] "GET /purchase_request/purchaseRequests/204/ HTTP/1.1" 200 402
[07/Apr/2026 12:04:29] "GET /purchase_request/purchaseRequests/226/ HTTP/1.1" 200 411
[07/Apr/2026 12:04:29] "GET /purchase_request/purchaseRequests/148/ HTTP/1.1" 200 412
[07/Apr/2026 12:04:29] "GET /purchase_request/purchaseRequests/127/ HTTP/1.1" 200 414
[07/Apr/2026 12:04:29] "GET /purchase_request/purchaseRequests/131/ HTTP/1.1" 200 400
[07/Apr/2026 12:04:29] "GET /purchase_request/purchaseRequests/146/ HTTP/1.1" 200 410
[07/Apr/2026 12:04:29] "GET /purchase_request/purchaseRequests/203/ HTTP/1.1" 200 445
[07/Apr/2026 12:04:29] "GET /purchase_request/purchaseRequests/225/ HTTP/1.1" 200 438
[07/Apr/2026 12:04:29] "GET /purchase_request/purchaseRequests/146/ HTTP/1.1" 200 410
[07/Apr/2026 12:04:29] "GET /purchase_request/purchaseRequests/123/ HTTP/1.1" 200 414
[07/Apr/2026 12:04:29] "GET /purchase_request/purchaseRequests/127/ HTTP/1.1" 200 414
[07/Apr/2026 12:04:29] "GET /purchase_request/purchaseRequests/131/ HTTP/1.1" 200 400
[07/Apr/2026 12:04:29] "GET /purchase_request/purchaseRequests/202/ HTTP/1.1" 200 438
[07/Apr/2026 12:04:29] "GET /purchase_request/purchaseRequests/224/ HTTP/1.1" 200 437
[07/Apr/2026 12:04:29] "GET /purchase_request/purchaseRequests/122/ HTTP/1.1" 200 409
[07/Apr/2026 12:04:29] "GET /purchase_request/purchaseRequests/131/ HTTP/1.1" 200 400
[07/Apr/2026 12:04:29] "GET /purchase_request/purchaseRequests/123/ HTTP/1.1" 200 414
[07/Apr/2026 12:04:29] "GET /purchase_request/purchaseRequests/127/ HTTP/1.1" 200 414
[07/Apr/2026 12:04:29] "GET /purchase_request/purchaseRequests/223/ HTTP/1.1" 200 432
[07/Apr/2026 12:04:29] "GET /purchase_request/purchaseRequests/200/ HTTP/1.1" 200 406
[07/Apr/2026 12:04:29] "GET /purchase_request/purchaseRequests/115/ HTTP/1.1" 200 412
[07/Apr/2026 12:04:29] "GET /purchase_request/purchaseRequests/123/ HTTP/1.1" 200 414
[07/Apr/2026 12:04:29] "GET /purchase_request/purchaseRequests/122/ HTTP/1.1" 200 409
[07/Apr/2026 12:04:29] "GET /purchase_request/purchaseRequests/127/ HTTP/1.1" 200 414
[07/Apr/2026 12:04:29] "GET /purchase_request/purchaseRequests/222/ HTTP/1.1" 200 442
[07/Apr/2026 12:04:29] "GET /purchase_request/purchaseRequests/199/ HTTP/1.1" 200 424
[07/Apr/2026 12:04:30] "GET /purchase_request/purchaseRequests/110/ HTTP/1.1" 200 415
[07/Apr/2026 12:04:30] "GET /purchase_request/purchaseRequests/122/ HTTP/1.1" 200 409
[07/Apr/2026 12:04:30] "GET /purchase_request/purchaseRequests/115/ HTTP/1.1" 200 412
[07/Apr/2026 12:04:30] "GET /purchase_request/purchaseRequests/198/ HTTP/1.1" 200 517
[07/Apr/2026 12:04:30] "GET /purchase_request/purchaseRequests/221/ HTTP/1.1" 200 430
[07/Apr/2026 12:04:30] "GET /purchase_request/purchaseRequests/123/ HTTP/1.1" 200 414
[07/Apr/2026 12:04:30] "GET /purchase_request/purchaseRequests/115/ HTTP/1.1" 200 412
[07/Apr/2026 12:04:30] "GET /purchase_request/purchaseRequests/110/ HTTP/1.1" 200 415
[07/Apr/2026 12:04:30] "GET /purchase_request/purchaseRequests/197/ HTTP/1.1" 200 426
[07/Apr/2026 12:04:30] "GET /purchase_request/purchaseRequests/122/ HTTP/1.1" 200 409
[07/Apr/2026 12:04:30] "GET /purchase_request/purchaseRequests/220/ HTTP/1.1" 200 429
[07/Apr/2026 12:04:30] "GET /purchase_request/purchaseRequests/110/ HTTP/1.1" 200 415
[07/Apr/2026 12:04:30] "GET /purchase_request/purchaseRequests/219/ HTTP/1.1" 200 440
[07/Apr/2026 12:04:30] "GET /purchase_request/purchaseRequests/115/ HTTP/1.1" 200 412
[07/Apr/2026 12:04:30] "GET /purchase_request/purchaseRequests/192/ HTTP/1.1" 200 412
[07/Apr/2026 12:04:30] "GET /purchase_request/purchaseRequests/110/ HTTP/1.1" 200 415
[07/Apr/2026 12:04:30] "GET /purchase_request/purchaseRequests/218/ HTTP/1.1" 200 428
[07/Apr/2026 12:04:30] "GET /purchase_request/purchaseRequests/175/ HTTP/1.1" 200 414
[07/Apr/2026 12:04:30] "GET /purchase_request/purchaseRequests/217/ HTTP/1.1" 200 429
[07/Apr/2026 12:04:30] "GET /purchase_request/purchaseRequests/174/ HTTP/1.1" 200 410
[07/Apr/2026 12:04:30] "GET /purchase_request/purchaseRequests/216/ HTTP/1.1" 200 426
[07/Apr/2026 12:04:30] "GET /purchase_request/purchaseRequests/173/ HTTP/1.1" 200 412
[07/Apr/2026 12:04:30] "GET /purchase_request/purchaseRequests/215/ HTTP/1.1" 200 428
[07/Apr/2026 12:04:30] "GET /purchase_request/purchaseRequests/156/ HTTP/1.1" 200 412
[07/Apr/2026 12:04:30] "GET /purchase_request/purchaseRequests/214/ HTTP/1.1" 200 436
[07/Apr/2026 12:04:31] "GET /purchase_request/purchaseRequests/154/ HTTP/1.1" 200 412
[07/Apr/2026 12:04:31] "GET /purchase_request/purchaseRequests/206/ HTTP/1.1" 200 418
[07/Apr/2026 12:04:31] "GET /purchase_request/purchaseRequests/153/ HTTP/1.1" 200 414
[07/Apr/2026 12:04:31] "GET /purchase_request/purchaseRequests/204/ HTTP/1.1" 200 402
[07/Apr/2026 12:04:31] "GET /purchase_request/purchaseRequests/152/ HTTP/1.1" 200 414
[07/Apr/2026 12:04:31] "GET /purchase_request/purchaseRequests/203/ HTTP/1.1" 200 445
[07/Apr/2026 12:04:31] "GET /purchase_request/purchaseRequests/149/ HTTP/1.1" 200 410
[07/Apr/2026 12:04:31] "GET /purchase_request/purchaseRequests/202/ HTTP/1.1" 200 438
[07/Apr/2026 12:04:31] "GET /purchase_request/purchaseRequests/148/ HTTP/1.1" 200 412
[07/Apr/2026 12:04:31] "GET /purchase_request/purchaseRequests/200/ HTTP/1.1" 200 406
[07/Apr/2026 12:04:31] "GET /purchase_request/purchaseRequests/146/ HTTP/1.1" 200 410
[07/Apr/2026 12:04:31] "GET /purchase_request/purchaseRequests/199/ HTTP/1.1" 200 424
[07/Apr/2026 12:04:31] "GET /purchase_request/purchaseRequests/131/ HTTP/1.1" 200 400
[07/Apr/2026 12:04:31] "GET /purchase_request/purchaseRequests/198/ HTTP/1.1" 200 517
[07/Apr/2026 12:04:31] "GET /purchase_request/purchaseRequests/127/ HTTP/1.1" 200 414
[07/Apr/2026 12:04:32] "GET /purchase_request/purchaseRequests/197/ HTTP/1.1" 200 426
[07/Apr/2026 12:04:32] "GET /purchase_request/purchaseRequests/123/ HTTP/1.1" 200 414
[07/Apr/2026 12:04:32] "GET /purchase_request/purchaseRequests/192/ HTTP/1.1" 200 412
[07/Apr/2026 12:04:32] "GET /purchase_request/purchaseRequests/122/ HTTP/1.1" 200 409
[07/Apr/2026 12:04:32] "GET /purchase_request/purchaseRequests/175/ HTTP/1.1" 200 414
[07/Apr/2026 12:04:32] "GET /purchase_request/purchaseRequests/115/ HTTP/1.1" 200 412
[07/Apr/2026 12:04:32] "GET /purchase_request/purchaseRequests/174/ HTTP/1.1" 200 410
[07/Apr/2026 12:04:32] "GET /purchase_request/purchaseRequests/110/ HTTP/1.1" 200 415
[07/Apr/2026 12:04:32] "GET /purchase_request/purchaseRequests/173/ HTTP/1.1" 200 412
[07/Apr/2026 12:04:32] "GET /purchase_request/purchaseRequests/156/ HTTP/1.1" 200 412
[07/Apr/2026 12:04:32] "GET /purchase_request/purchaseRequests/154/ HTTP/1.1" 200 412
[07/Apr/2026 12:04:32] "GET /purchase_request/purchaseRequests/153/ HTTP/1.1" 200 414
[07/Apr/2026 12:04:33] "GET /purchase_request/purchaseRequests/152/ HTTP/1.1" 200 414
[07/Apr/2026 12:04:33] "GET /purchase_request/purchaseRequests/149/ HTTP/1.1" 200 410
[07/Apr/2026 12:04:33] "GET /purchase_request/purchaseRequests/148/ HTTP/1.1" 200 412
[07/Apr/2026 12:04:33] "GET /purchase_request/purchaseRequests/146/ HTTP/1.1" 200 410
[07/Apr/2026 12:04:33] "GET /purchase_request/purchaseRequests/131/ HTTP/1.1" 200 400
[07/Apr/2026 12:04:33] "GET /purchase_request/purchaseRequests/127/ HTTP/1.1" 200 414
[07/Apr/2026 12:04:33] "GET /purchase_request/purchaseRequests/123/ HTTP/1.1" 200 414
[07/Apr/2026 12:04:33] "GET /purchase_request/purchaseRequests/122/ HTTP/1.1" 200 409
[07/Apr/2026 12:04:34] "GET /purchase_request/purchaseRequests/115/ HTTP/1.1" 200 412
[07/Apr/2026 12:04:34] "GET /purchase_request/purchaseRequests/110/ HTTP/1.1" 200 415
[07/Apr/2026 12:04:39] "GET /datatable/po/list/?start_date=2026-01-07&end_date=2026-04-07&page=1&page_size=10 HTTP/1.1" 200 7653
[07/Apr/2026 12:05:09] "GET /datatable/po/list/?start_date=2026-01-07&end_date=2026-04-07&page=1&page_size=10 HTTP/1.1" 200 7653
[07/Apr/2026 12:05:35] "OPTIONS /user/login/ HTTP/1.1" 200 0
Unauthorized: /user/login/
[07/Apr/2026 12:05:35] "POST /user/login/ HTTP/1.1" 401 33
[07/Apr/2026 12:05:39] "POST /user/login/ HTTP/1.1" 200 969
[07/Apr/2026 12:05:39] "OPTIONS /user/users/1/ HTTP/1.1" 200 0
[07/Apr/2026 12:05:39] "PATCH /user/users/1/ HTTP/1.1" 200 392
[07/Apr/2026 12:05:40] "OPTIONS /user/users-with-details-list/ HTTP/1.1" 200 0
[07/Apr/2026 12:05:40] "OPTIONS /department/departments/ HTTP/1.1" 200 0
[07/Apr/2026 12:05:40] "OPTIONS /stats/po/total-price-dinar/?start_date=2026-01-07&end_date=2026-04-07 HTTP/1.1" 200 0
[07/Apr/2026 12:05:40] "OPTIONS /user/users-with-details-list/ HTTP/1.1" 200 0
[07/Apr/2026 12:05:40] "OPTIONS /supplier/supplier/ HTTP/1.1" 200 0
[07/Apr/2026 12:05:40] "GET /stats/po/total-price-dinar/?start_date=2026-01-07&end_date=2026-04-07 HTTP/1.1" 200 71
[07/Apr/2026 12:05:40] "GET /supplier/supplier/ HTTP/1.1" 200 3142
[07/Apr/2026 12:05:40] "GET /department/departments/ HTTP/1.1" 200 521
[07/Apr/2026 12:05:40] "GET /user/users-with-details-list/ HTTP/1.1" 200 6529
[07/Apr/2026 12:05:40] "GET /user/users-with-details-list/ HTTP/1.1" 200 6529
[07/Apr/2026 12:05:41] "OPTIONS /purchase_request/purchaseRequests/?page=1&page_size=200 HTTP/1.1" 200 0
[07/Apr/2026 12:05:41] "GET /purchase_request/purchaseRequests/?page=1&page_size=200 HTTP/1.1" 200 39379
[07/Apr/2026 12:05:41] "OPTIONS /stats/po/totals/?group_by=summary&start_date=2026-01-07&end_date=2026-04-07&status=approved%2Crejected HTTP/1.1" 200 0
[07/Apr/2026 12:05:41] "OPTIONS /datatable/po/list/?start_date=2026-01-07&end_date=2026-04-07&page=1&page_size=10 HTTP/1.1" 200 0
[07/Apr/2026 12:05:41] "GET /stats/po/total-price-dinar/?start_date=2026-01-07&end_date=2026-04-07 HTTP/1.1" 200 71
[07/Apr/2026 12:05:41] "OPTIONS /purchase_request/purchaseRequests/110/ HTTP/1.1" 200 0
[07/Apr/2026 12:05:41] "GET /stats/po/totals/?group_by=summary&start_date=2026-01-07&end_date=2026-04-07&status=approved%2Crejected HTTP/1.1" 200 62
[07/Apr/2026 12:05:41] "GET /datatable/po/list/?start_date=2026-01-07&end_date=2026-04-07&page=1&page_size=10 HTTP/1.1" 200 7653
[07/Apr/2026 12:05:41] "GET /purchase_request/purchaseRequests/110/ HTTP/1.1" 200 415
[07/Apr/2026 12:05:42] "OPTIONS /purchase_request/purchaseRequests/115/ HTTP/1.1" 200 0
[07/Apr/2026 12:05:42] "GET /stats/po/total-price-dinar/?start_date=2026-01-07&end_date=2026-04-07 HTTP/1.1" 200 71
[07/Apr/2026 12:05:42] "GET /purchase_request/purchaseRequests/110/ HTTP/1.1" 200 415
[07/Apr/2026 12:05:42] "GET /datatable/po/list/?start_date=2026-01-07&end_date=2026-04-07&page=1&page_size=10 HTTP/1.1" 200 7653
[07/Apr/2026 12:05:42] "GET /stats/po/totals/?group_by=summary&start_date=2026-01-07&end_date=2026-04-07&status=approved%2Crejected HTTP/1.1" 200 62
[07/Apr/2026 12:05:42] "GET /purchase_request/purchaseRequests/115/ HTTP/1.1" 200 412
[07/Apr/2026 12:05:42] "OPTIONS /purchase_request/purchaseRequests/122/ HTTP/1.1" 200 0
[07/Apr/2026 12:05:42] "GET /purchase_request/purchaseRequests/115/ HTTP/1.1" 200 412
[07/Apr/2026 12:05:43] "GET /purchase_request/purchaseRequests/122/ HTTP/1.1" 200 409
[07/Apr/2026 12:05:43] "OPTIONS /purchase_request/purchaseRequests/123/ HTTP/1.1" 200 0
[07/Apr/2026 12:05:43] "GET /purchase_request/purchaseRequests/122/ HTTP/1.1" 200 409
[07/Apr/2026 12:05:43] "GET /purchase_request/purchaseRequests/123/ HTTP/1.1" 200 414
[07/Apr/2026 12:05:43] "GET /purchase_request/purchaseRequests/123/ HTTP/1.1" 200 414
[07/Apr/2026 12:05:43] "OPTIONS /purchase_request/purchaseRequests/127/ HTTP/1.1" 200 0
[07/Apr/2026 12:05:43] "GET /purchase_request/purchaseRequests/127/ HTTP/1.1" 200 414
[07/Apr/2026 12:05:43] "OPTIONS /purchase_request/purchaseRequests/131/ HTTP/1.1" 200 0
[07/Apr/2026 12:05:43] "GET /purchase_request/purchaseRequests/127/ HTTP/1.1" 200 414
[07/Apr/2026 12:05:43] "GET /purchase_request/purchaseRequests/131/ HTTP/1.1" 200 400
[07/Apr/2026 12:05:43] "GET /datatable/po/list/?start_date=2026-01-07&end_date=2026-04-07&page=1&page_size=10 HTTP/1.1" 200 7653
[07/Apr/2026 12:05:43] "OPTIONS /purchase_request/purchaseRequests/146/ HTTP/1.1" 200 0
[07/Apr/2026 12:05:43] "GET /purchase_request/purchaseRequests/131/ HTTP/1.1" 200 400
[07/Apr/2026 12:05:43] "GET /purchase_request/purchaseRequests/146/ HTTP/1.1" 200 410
[07/Apr/2026 12:05:44] "OPTIONS /purchase_request/purchaseRequests/148/ HTTP/1.1" 200 0
[07/Apr/2026 12:05:44] "GET /purchase_request/purchaseRequests/146/ HTTP/1.1" 200 410
[07/Apr/2026 12:05:44] "GET /purchase_request/purchaseRequests/148/ HTTP/1.1" 200 412
[07/Apr/2026 12:05:44] "OPTIONS /purchase_request/purchaseRequests/149/ HTTP/1.1" 200 0
[07/Apr/2026 12:05:44] "GET /purchase_request/purchaseRequests/148/ HTTP/1.1" 200 412
[07/Apr/2026 12:05:44] "GET /purchase_request/purchaseRequests/149/ HTTP/1.1" 200 410
[07/Apr/2026 12:05:44] "OPTIONS /purchase_request/purchaseRequests/152/ HTTP/1.1" 200 0
[07/Apr/2026 12:05:44] "GET /purchase_request/purchaseRequests/149/ HTTP/1.1" 200 410
[07/Apr/2026 12:05:44] "GET /purchase_request/purchaseRequests/152/ HTTP/1.1" 200 414
[07/Apr/2026 12:05:44] "GET /purchase_request/purchaseRequests/152/ HTTP/1.1" 200 414
[07/Apr/2026 12:05:44] "OPTIONS /purchase_request/purchaseRequests/153/ HTTP/1.1" 200 0
[07/Apr/2026 12:05:44] "GET /purchase_request/purchaseRequests/153/ HTTP/1.1" 200 414
[07/Apr/2026 12:05:45] "OPTIONS /purchase_request/purchaseRequests/154/ HTTP/1.1" 200 0
[07/Apr/2026 12:05:45] "GET /purchase_request/purchaseRequests/153/ HTTP/1.1" 200 414
[07/Apr/2026 12:05:45] "GET /purchase_request/purchaseRequests/154/ HTTP/1.1" 200 412
[07/Apr/2026 12:05:45] "OPTIONS /purchase_request/purchaseRequests/156/ HTTP/1.1" 200 0
[07/Apr/2026 12:05:45] "GET /purchase_request/purchaseRequests/154/ HTTP/1.1" 200 412
[07/Apr/2026 12:05:45] "GET /purchase_request/purchaseRequests/156/ HTTP/1.1" 200 412
[07/Apr/2026 12:05:45] "OPTIONS /category/category/ HTTP/1.1" 200 0
[07/Apr/2026 12:05:45] "OPTIONS /category/category/ HTTP/1.1" 200 0
[07/Apr/2026 12:05:45] "OPTIONS /purchase_request/purchaseRequests/173/ HTTP/1.1" 200 0
[07/Apr/2026 12:05:45] "GET /purchase_request/purchaseRequests/156/ HTTP/1.1" 200 412
[07/Apr/2026 12:05:45] "GET /category/category/ HTTP/1.1" 200 8743
[07/Apr/2026 12:05:45] "GET /purchase_request/purchaseRequests/173/ HTTP/1.1" 200 412
[07/Apr/2026 12:05:45] "GET /category/category/ HTTP/1.1" 200 8743
[07/Apr/2026 12:05:46] "OPTIONS /purchase_request/purchaseRequests/174/ HTTP/1.1" 200 0
[07/Apr/2026 12:05:46] "GET /purchase_request/purchaseRequests/173/ HTTP/1.1" 200 412
[07/Apr/2026 12:05:46] "GET /purchase_request/purchaseRequests/174/ HTTP/1.1" 200 410
[07/Apr/2026 12:05:46] "OPTIONS /purchase_request/purchaseRequests/175/ HTTP/1.1" 200 0
[07/Apr/2026 12:05:46] "GET /purchase_request/purchaseRequests/174/ HTTP/1.1" 200 410
[07/Apr/2026 12:05:46] "GET /purchase_request/purchaseRequests/175/ HTTP/1.1" 200 414
[07/Apr/2026 12:05:47] "OPTIONS /category/category/?parent_category=34 HTTP/1.1" 200 0
[07/Apr/2026 12:05:47] "OPTIONS /purchase_request/purchaseRequests/192/ HTTP/1.1" 200 0
[07/Apr/2026 12:05:47] "GET /purchase_request/purchaseRequests/175/ HTTP/1.1" 200 414
[07/Apr/2026 12:05:47] "GET /category/category/?parent_category=34 HTTP/1.1" 200 460
[07/Apr/2026 12:05:47] "GET /purchase_request/purchaseRequests/192/ HTTP/1.1" 200 412
[07/Apr/2026 12:05:47] "GET /purchase_request/purchaseRequests/192/ HTTP/1.1" 200 412
[07/Apr/2026 12:05:47] "OPTIONS /purchase_request/purchaseRequests/197/ HTTP/1.1" 200 0
[07/Apr/2026 12:05:47] "OPTIONS /purchase_request/purchaseRequests/197/ HTTP/1.1" 200 0
[07/Apr/2026 12:05:47] "GET /purchase_request/purchaseRequests/197/ HTTP/1.1" 200 426
[07/Apr/2026 12:05:47] "OPTIONS /purchase_request/purchaseRequests/198/ HTTP/1.1" 200 0
[07/Apr/2026 12:05:47] "GET /purchase_request/purchaseRequests/197/ HTTP/1.1" 200 426
[07/Apr/2026 12:05:47] "GET /purchase_request/purchaseRequests/198/ HTTP/1.1" 200 517
[07/Apr/2026 12:05:48] "OPTIONS /purchase_request/purchaseRequests/199/ HTTP/1.1" 200 0
[07/Apr/2026 12:05:48] "GET /purchase_request/purchaseRequests/198/ HTTP/1.1" 200 517
[07/Apr/2026 12:05:48] "GET /purchase_request/purchaseRequests/199/ HTTP/1.1" 200 424
[07/Apr/2026 12:05:48] "OPTIONS /purchase_request/purchaseRequests/200/ HTTP/1.1" 200 0
[07/Apr/2026 12:05:48] "GET /purchase_request/purchaseRequests/199/ HTTP/1.1" 200 424
[07/Apr/2026 12:05:48] "GET /purchase_request/purchaseRequests/200/ HTTP/1.1" 200 406
[07/Apr/2026 12:05:48] "OPTIONS /purchase_request/purchaseRequests/202/ HTTP/1.1" 200 0
[07/Apr/2026 12:05:48] "GET /purchase_request/purchaseRequests/200/ HTTP/1.1" 200 406
[07/Apr/2026 12:05:48] "GET /purchase_request/purchaseRequests/202/ HTTP/1.1" 200 438
[07/Apr/2026 12:05:48] "OPTIONS /purchase_request/purchaseRequests/203/ HTTP/1.1" 200 0
[07/Apr/2026 12:05:48] "GET /purchase_request/purchaseRequests/202/ HTTP/1.1" 200 438
[07/Apr/2026 12:05:48] "GET /purchase_request/purchaseRequests/203/ HTTP/1.1" 200 445
[07/Apr/2026 12:05:48] "OPTIONS /purchase_request/purchaseRequests/204/ HTTP/1.1" 200 0
[07/Apr/2026 12:05:48] "GET /purchase_request/purchaseRequests/203/ HTTP/1.1" 200 445
[07/Apr/2026 12:05:49] "GET /purchase_request/purchaseRequests/204/ HTTP/1.1" 200 402
[07/Apr/2026 12:05:49] "OPTIONS /purchase_request/purchaseRequests/206/ HTTP/1.1" 200 0
[07/Apr/2026 12:05:49] "GET /purchase_request/purchaseRequests/204/ HTTP/1.1" 200 402
[07/Apr/2026 12:05:49] "GET /purchase_request/purchaseRequests/206/ HTTP/1.1" 200 418
[07/Apr/2026 12:05:49] "OPTIONS /purchase_request/purchaseRequests/214/ HTTP/1.1" 200 0
[07/Apr/2026 12:05:49] "GET /purchase_request/purchaseRequests/206/ HTTP/1.1" 200 418
[07/Apr/2026 12:05:49] "GET /purchase_request/purchaseRequests/214/ HTTP/1.1" 200 436
[07/Apr/2026 12:05:49] "OPTIONS /purchase_request/purchaseRequests/215/ HTTP/1.1" 200 0
[07/Apr/2026 12:05:49] "GET /purchase_request/purchaseRequests/214/ HTTP/1.1" 200 436
[07/Apr/2026 12:05:49] "GET /purchase_request/purchaseRequests/215/ HTTP/1.1" 200 428
[07/Apr/2026 12:05:49] "OPTIONS /purchase_request/purchaseRequests/216/ HTTP/1.1" 200 0
[07/Apr/2026 12:05:49] "GET /purchase_request/purchaseRequests/215/ HTTP/1.1" 200 428
[07/Apr/2026 12:05:50] "GET /purchase_request/purchaseRequests/216/ HTTP/1.1" 200 426
[07/Apr/2026 12:05:50] "OPTIONS /purchase_request/purchaseRequests/217/ HTTP/1.1" 200 0
[07/Apr/2026 12:05:50] "GET /purchase_request/purchaseRequests/216/ HTTP/1.1" 200 426
[07/Apr/2026 12:05:50] "GET /purchase_request/purchaseRequests/217/ HTTP/1.1" 200 429
[07/Apr/2026 12:05:50] "OPTIONS /purchase_request/purchaseRequests/218/ HTTP/1.1" 200 0
[07/Apr/2026 12:05:50] "GET /purchase_request/purchaseRequests/217/ HTTP/1.1" 200 429
[07/Apr/2026 12:05:50] "GET /purchase_request/purchaseRequests/218/ HTTP/1.1" 200 428
[07/Apr/2026 12:05:50] "OPTIONS /purchase_request/purchaseRequests/219/ HTTP/1.1" 200 0
[07/Apr/2026 12:05:50] "GET /purchase_request/purchaseRequests/218/ HTTP/1.1" 200 428
[07/Apr/2026 12:05:50] "GET /purchase_request/purchaseRequests/219/ HTTP/1.1" 200 440
[07/Apr/2026 12:05:50] "OPTIONS /purchase_request/purchaseRequests/220/ HTTP/1.1" 200 0
[07/Apr/2026 12:05:50] "GET /purchase_request/purchaseRequests/219/ HTTP/1.1" 200 440
[07/Apr/2026 12:05:50] "GET /purchase_request/purchaseRequests/220/ HTTP/1.1" 200 429
[07/Apr/2026 12:05:51] "OPTIONS /purchase_request/purchaseRequests/221/ HTTP/1.1" 200 0
[07/Apr/2026 12:05:51] "GET /purchase_request/purchaseRequests/220/ HTTP/1.1" 200 429
[07/Apr/2026 12:05:51] "GET /purchase_request/purchaseRequests/221/ HTTP/1.1" 200 430
[07/Apr/2026 12:05:51] "OPTIONS /purchase_request/purchaseRequests/222/ HTTP/1.1" 200 0
[07/Apr/2026 12:05:51] "GET /purchase_request/purchaseRequests/221/ HTTP/1.1" 200 430
[07/Apr/2026 12:05:51] "GET /purchase_request/purchaseRequests/222/ HTTP/1.1" 200 442
[07/Apr/2026 12:05:51] "OPTIONS /purchase_request/purchaseRequests/223/ HTTP/1.1" 200 0
[07/Apr/2026 12:05:51] "GET /purchase_request/purchaseRequests/222/ HTTP/1.1" 200 442
[07/Apr/2026 12:05:51] "GET /purchase_request/purchaseRequests/223/ HTTP/1.1" 200 432
[07/Apr/2026 12:05:51] "OPTIONS /purchase_request/purchaseRequests/224/ HTTP/1.1" 200 0
[07/Apr/2026 12:05:51] "GET /purchase_request/purchaseRequests/223/ HTTP/1.1" 200 432
[07/Apr/2026 12:05:51] "GET /purchase_request/purchaseRequests/224/ HTTP/1.1" 200 437
[07/Apr/2026 12:05:52] "OPTIONS /purchase_request/purchaseRequests/225/ HTTP/1.1" 200 0
[07/Apr/2026 12:05:52] "GET /purchase_request/purchaseRequests/224/ HTTP/1.1" 200 437
[07/Apr/2026 12:05:52] "GET /purchase_request/purchaseRequests/225/ HTTP/1.1" 200 438
[07/Apr/2026 12:05:52] "OPTIONS /purchase_request/purchaseRequests/226/ HTTP/1.1" 200 0
[07/Apr/2026 12:05:52] "GET /purchase_request/purchaseRequests/225/ HTTP/1.1" 200 438
[07/Apr/2026 12:05:52] "GET /purchase_request/purchaseRequests/226/ HTTP/1.1" 200 411
[07/Apr/2026 12:05:52] "OPTIONS /purchase_request/purchaseRequests/227/ HTTP/1.1" 200 0
[07/Apr/2026 12:05:52] "GET /purchase_request/purchaseRequests/226/ HTTP/1.1" 200 411
[07/Apr/2026 12:05:52] "GET /purchase_request/purchaseRequests/227/ HTTP/1.1" 200 440
[07/Apr/2026 12:05:52] "OPTIONS /purchase_request/purchaseRequests/228/ HTTP/1.1" 200 0
[07/Apr/2026 12:05:52] "GET /purchase_request/purchaseRequests/227/ HTTP/1.1" 200 440
[07/Apr/2026 12:05:52] "GET /purchase_request/purchaseRequests/228/ HTTP/1.1" 200 412
[07/Apr/2026 12:05:52] "OPTIONS /purchase_request/purchaseRequests/229/ HTTP/1.1" 200 0
[07/Apr/2026 12:05:52] "GET /purchase_request/purchaseRequests/228/ HTTP/1.1" 200 412
[07/Apr/2026 12:05:53] "GET /purchase_request/purchaseRequests/229/ HTTP/1.1" 200 503
[07/Apr/2026 12:05:53] "OPTIONS /purchase_request/purchaseRequests/230/ HTTP/1.1" 200 0
[07/Apr/2026 12:05:53] "GET /purchase_request/purchaseRequests/229/ HTTP/1.1" 200 503
[07/Apr/2026 12:05:53] "GET /purchase_request/purchaseRequests/230/ HTTP/1.1" 200 443
[07/Apr/2026 12:05:53] "OPTIONS /purchase_request/purchaseRequests/231/ HTTP/1.1" 200 0
[07/Apr/2026 12:05:53] "GET /purchase_request/purchaseRequests/230/ HTTP/1.1" 200 443
[07/Apr/2026 12:05:53] "GET /purchase_request/purchaseRequests/231/ HTTP/1.1" 200 437
[07/Apr/2026 12:05:53] "OPTIONS /purchase_request/purchaseRequests/232/ HTTP/1.1" 200 0
[07/Apr/2026 12:05:53] "GET /purchase_request/purchaseRequests/231/ HTTP/1.1" 200 437
[07/Apr/2026 12:05:53] "GET /purchase_request/purchaseRequests/232/ HTTP/1.1" 200 443
[07/Apr/2026 12:05:53] "OPTIONS /purchase_request/purchaseRequests/233/ HTTP/1.1" 200 0
[07/Apr/2026 12:05:53] "GET /purchase_request/purchaseRequests/232/ HTTP/1.1" 200 443
[07/Apr/2026 12:05:54] "GET /purchase_request/purchaseRequests/233/ HTTP/1.1" 200 444
[07/Apr/2026 12:05:54] "GET /purchase_request/purchaseRequests/233/ HTTP/1.1" 200 444
[07/Apr/2026 12:05:54] "OPTIONS /purchase_request/purchaseRequests/234/ HTTP/1.1" 200 0
[07/Apr/2026 12:05:54] "OPTIONS /product/product/?subcategory=35 HTTP/1.1" 200 0
[07/Apr/2026 12:05:54] "GET /purchase_request/purchaseRequests/234/ HTTP/1.1" 200 411
[07/Apr/2026 12:05:54] "GET /product/product/?subcategory=35 HTTP/1.1" 200 2
[07/Apr/2026 12:05:54] "GET /purchase_request/purchaseRequests/234/ HTTP/1.1" 200 411
[07/Apr/2026 12:05:54] "OPTIONS /purchase_request/purchaseRequests/235/ HTTP/1.1" 200 0
[07/Apr/2026 12:05:54] "OPTIONS /purchase_request/purchaseRequests/235/ HTTP/1.1" 200 0
[07/Apr/2026 12:05:54] "GET /purchase_request/purchaseRequests/235/ HTTP/1.1" 200 427
[07/Apr/2026 12:05:54] "OPTIONS /purchase_request/purchaseRequests/236/ HTTP/1.1" 200 0
[07/Apr/2026 12:05:54] "GET /purchase_request/purchaseRequests/235/ HTTP/1.1" 200 427
[07/Apr/2026 12:05:54] "GET /purchase_request/purchaseRequests/236/ HTTP/1.1" 200 428
[07/Apr/2026 12:05:54] "OPTIONS /purchase_request/purchaseRequests/237/ HTTP/1.1" 200 0
[07/Apr/2026 12:05:54] "GET /purchase_request/purchaseRequests/236/ HTTP/1.1" 200 428
[07/Apr/2026 12:05:55] "GET /purchase_request/purchaseRequests/237/ HTTP/1.1" 200 430
[07/Apr/2026 12:05:55] "OPTIONS /purchase_request/purchaseRequests/238/ HTTP/1.1" 200 0
[07/Apr/2026 12:05:55] "GET /purchase_request/purchaseRequests/237/ HTTP/1.1" 200 430
[07/Apr/2026 12:05:55] "GET /purchase_request/purchaseRequests/238/ HTTP/1.1" 200 432
[07/Apr/2026 12:05:55] "OPTIONS /purchase_request/purchaseRequests/239/ HTTP/1.1" 200 0
[07/Apr/2026 12:05:55] "GET /purchase_request/purchaseRequests/238/ HTTP/1.1" 200 432
[07/Apr/2026 12:05:55] "GET /purchase_request/purchaseRequests/239/ HTTP/1.1" 200 430
[07/Apr/2026 12:05:55] "OPTIONS /purchase_request/purchaseRequests/240/ HTTP/1.1" 200 0
[07/Apr/2026 12:05:55] "GET /purchase_request/purchaseRequests/239/ HTTP/1.1" 200 430
[07/Apr/2026 12:05:55] "GET /purchase_request/purchaseRequests/240/ HTTP/1.1" 200 436
[07/Apr/2026 12:05:55] "OPTIONS /purchase_request/purchaseRequests/241/ HTTP/1.1" 200 0
[07/Apr/2026 12:05:55] "GET /purchase_request/purchaseRequests/240/ HTTP/1.1" 200 436
[07/Apr/2026 12:05:56] "GET /purchase_request/purchaseRequests/241/ HTTP/1.1" 200 442
[07/Apr/2026 12:05:56] "GET /purchase_request/purchaseRequests/241/ HTTP/1.1" 200 442
[07/Apr/2026 12:05:56] "OPTIONS /purchase_request/purchaseRequests/242/ HTTP/1.1" 200 0
[07/Apr/2026 12:05:56] "OPTIONS /purchase_request/purchaseRequests/242/ HTTP/1.1" 200 0
[07/Apr/2026 12:05:56] "GET /purchase_request/purchaseRequests/242/ HTTP/1.1" 200 443
[07/Apr/2026 12:05:56] "OPTIONS /purchase_request/purchaseRequests/243/ HTTP/1.1" 200 0
[07/Apr/2026 12:05:56] "GET /purchase_request/purchaseRequests/242/ HTTP/1.1" 200 443
[07/Apr/2026 12:05:56] "GET /purchase_request/purchaseRequests/243/ HTTP/1.1" 200 430
[07/Apr/2026 12:05:56] "OPTIONS /purchase_request/purchaseRequests/244/ HTTP/1.1" 200 0
[07/Apr/2026 12:05:56] "GET /purchase_request/purchaseRequests/243/ HTTP/1.1" 200 430
[07/Apr/2026 12:05:56] "GET /purchase_request/purchaseRequests/244/ HTTP/1.1" 200 446
[07/Apr/2026 12:05:56] "OPTIONS /purchase_request/purchaseRequests/245/ HTTP/1.1" 200 0
[07/Apr/2026 12:05:56] "GET /purchase_request/purchaseRequests/244/ HTTP/1.1" 200 446
[07/Apr/2026 12:05:56] "GET /purchase_request/purchaseRequests/245/ HTTP/1.1" 200 438
[07/Apr/2026 12:05:57] "OPTIONS /purchase_request/purchaseRequests/246/ HTTP/1.1" 200 0
[07/Apr/2026 12:05:57] "GET /purchase_request/purchaseRequests/245/ HTTP/1.1" 200 438
[07/Apr/2026 12:05:57] "GET /purchase_request/purchaseRequests/246/ HTTP/1.1" 200 431
[07/Apr/2026 12:05:57] "OPTIONS /purchase_request/purchaseRequests/247/ HTTP/1.1" 200 0
[07/Apr/2026 12:05:57] "GET /purchase_request/purchaseRequests/246/ HTTP/1.1" 200 431
[07/Apr/2026 12:05:57] "GET /purchase_request/purchaseRequests/247/ HTTP/1.1" 200 431
[07/Apr/2026 12:05:57] "OPTIONS /purchase_request/purchaseRequests/248/ HTTP/1.1" 200 0
[07/Apr/2026 12:05:57] "GET /purchase_request/purchaseRequests/247/ HTTP/1.1" 200 431
[07/Apr/2026 12:05:57] "GET /purchase_request/purchaseRequests/248/ HTTP/1.1" 200 426
[07/Apr/2026 12:05:57] "OPTIONS /purchase_request/purchaseRequests/249/ HTTP/1.1" 200 0
[07/Apr/2026 12:05:57] "GET /purchase_request/purchaseRequests/248/ HTTP/1.1" 200 426
[07/Apr/2026 12:05:57] "GET /purchase_request/purchaseRequests/249/ HTTP/1.1" 200 433
[07/Apr/2026 12:05:57] "OPTIONS /purchase_request/purchaseRequests/250/ HTTP/1.1" 200 0
[07/Apr/2026 12:05:57] "GET /purchase_request/purchaseRequests/249/ HTTP/1.1" 200 433
[07/Apr/2026 12:05:58] "GET /purchase_request/purchaseRequests/250/ HTTP/1.1" 200 543
[07/Apr/2026 12:05:58] "OPTIONS /purchase_request/purchaseRequests/251/ HTTP/1.1" 200 0
[07/Apr/2026 12:05:58] "GET /purchase_request/purchaseRequests/250/ HTTP/1.1" 200 543
[07/Apr/2026 12:05:58] "GET /purchase_request/purchaseRequests/251/ HTTP/1.1" 200 435
[07/Apr/2026 12:05:58] "OPTIONS /purchase_request/purchaseRequests/252/ HTTP/1.1" 200 0
[07/Apr/2026 12:05:58] "GET /purchase_request/purchaseRequests/251/ HTTP/1.1" 200 435
[07/Apr/2026 12:05:58] "GET /purchase_request/purchaseRequests/252/ HTTP/1.1" 200 441
[07/Apr/2026 12:05:58] "OPTIONS /purchase_request/purchaseRequests/253/ HTTP/1.1" 200 0
[07/Apr/2026 12:05:58] "GET /purchase_request/purchaseRequests/252/ HTTP/1.1" 200 441
[07/Apr/2026 12:05:58] "GET /purchase_request/purchaseRequests/253/ HTTP/1.1" 200 446
[07/Apr/2026 12:05:58] "OPTIONS /purchase_request/purchaseRequests/254/ HTTP/1.1" 200 0
[07/Apr/2026 12:05:58] "GET /purchase_request/purchaseRequests/253/ HTTP/1.1" 200 446
[07/Apr/2026 12:05:58] "GET /purchase_request/purchaseRequests/254/ HTTP/1.1" 200 412
[07/Apr/2026 12:05:59] "OPTIONS /purchase_request/purchaseRequests/255/ HTTP/1.1" 200 0
[07/Apr/2026 12:05:59] "GET /purchase_request/purchaseRequests/254/ HTTP/1.1" 200 412
[07/Apr/2026 12:05:59] "GET /purchase_request/purchaseRequests/255/ HTTP/1.1" 200 442
[07/Apr/2026 12:05:59] "OPTIONS /purchase_request/purchaseRequests/256/ HTTP/1.1" 200 0
[07/Apr/2026 12:05:59] "GET /purchase_request/purchaseRequests/255/ HTTP/1.1" 200 442
[07/Apr/2026 12:05:59] "GET /purchase_request/purchaseRequests/256/ HTTP/1.1" 200 436
[07/Apr/2026 12:05:59] "GET /purchase_request/purchaseRequests/256/ HTTP/1.1" 200 436
[07/Apr/2026 12:05:59] "OPTIONS /purchase_request/purchaseRequests/257/ HTTP/1.1" 200 0
[07/Apr/2026 12:05:59] "GET /purchase_request/purchaseRequests/257/ HTTP/1.1" 200 428
[07/Apr/2026 12:06:00] "OPTIONS /purchase_request/purchaseRequests/258/ HTTP/1.1" 200 0
[07/Apr/2026 12:06:00] "GET /purchase_request/purchaseRequests/257/ HTTP/1.1" 200 428
[07/Apr/2026 12:06:00] "GET /purchase_request/purchaseRequests/258/ HTTP/1.1" 200 432
[07/Apr/2026 12:06:00] "OPTIONS /purchase_request/purchaseRequests/259/ HTTP/1.1" 200 0
[07/Apr/2026 12:06:00] "GET /purchase_request/purchaseRequests/258/ HTTP/1.1" 200 432
[07/Apr/2026 12:06:00] "GET /purchase_request/purchaseRequests/259/ HTTP/1.1" 200 439
[07/Apr/2026 12:06:00] "OPTIONS /purchase_request/purchaseRequests/260/ HTTP/1.1" 200 0
[07/Apr/2026 12:06:00] "GET /purchase_request/purchaseRequests/260/ HTTP/1.1" 200 435
[07/Apr/2026 12:06:00] "GET /purchase_request/purchaseRequests/259/ HTTP/1.1" 200 439
[07/Apr/2026 12:06:00] "OPTIONS /purchase_request/purchaseRequests/261/ HTTP/1.1" 200 0
[07/Apr/2026 12:06:00] "GET /purchase_request/purchaseRequests/260/ HTTP/1.1" 200 435
[07/Apr/2026 12:06:00] "GET /purchase_request/purchaseRequests/261/ HTTP/1.1" 200 443
[07/Apr/2026 12:06:01] "OPTIONS /purchase_request/purchaseRequests/262/ HTTP/1.1" 200 0
[07/Apr/2026 12:06:01] "GET /purchase_request/purchaseRequests/261/ HTTP/1.1" 200 443
[07/Apr/2026 12:06:01] "GET /purchase_request/purchaseRequests/262/ HTTP/1.1" 200 446
[07/Apr/2026 12:06:01] "OPTIONS /purchase_request/purchaseRequests/263/ HTTP/1.1" 200 0
[07/Apr/2026 12:06:01] "GET /purchase_request/purchaseRequests/262/ HTTP/1.1" 200 446
[07/Apr/2026 12:06:01] "GET /purchase_request/purchaseRequests/263/ HTTP/1.1" 200 432
[07/Apr/2026 12:06:01] "OPTIONS /purchase_request/purchaseRequests/264/ HTTP/1.1" 200 0
[07/Apr/2026 12:06:01] "GET /purchase_request/purchaseRequests/263/ HTTP/1.1" 200 432
[07/Apr/2026 12:06:01] "GET /purchase_request/purchaseRequests/264/ HTTP/1.1" 200 438
[07/Apr/2026 12:06:01] "OPTIONS /category/category/?parent_category=38 HTTP/1.1" 200 0
[07/Apr/2026 12:06:01] "GET /purchase_request/purchaseRequests/264/ HTTP/1.1" 200 438
[07/Apr/2026 12:06:01] "OPTIONS /purchase_request/purchaseRequests/265/ HTTP/1.1" 200 0
[07/Apr/2026 12:06:01] "GET /category/category/?parent_category=38 HTTP/1.1" 200 460
[07/Apr/2026 12:06:01] "OPTIONS /purchase_request/purchaseRequests/265/ HTTP/1.1" 200 0
[07/Apr/2026 12:06:02] "GET /purchase_request/purchaseRequests/265/ HTTP/1.1" 200 428
[07/Apr/2026 12:06:02] "OPTIONS /purchase_request/purchaseRequests/276/ HTTP/1.1" 200 0
[07/Apr/2026 12:06:02] "GET /purchase_request/purchaseRequests/265/ HTTP/1.1" 200 428
[07/Apr/2026 12:06:02] "GET /purchase_request/purchaseRequests/276/ HTTP/1.1" 200 429
[07/Apr/2026 12:06:02] "OPTIONS /purchase_request/purchaseRequests/277/ HTTP/1.1" 200 0
[07/Apr/2026 12:06:02] "GET /purchase_request/purchaseRequests/276/ HTTP/1.1" 200 429
[07/Apr/2026 12:06:02] "GET /purchase_request/purchaseRequests/277/ HTTP/1.1" 200 432
[07/Apr/2026 12:06:02] "GET /purchase_request/purchaseRequests/277/ HTTP/1.1" 200 432
[07/Apr/2026 12:06:02] "OPTIONS /purchase_request/purchaseRequests/278/ HTTP/1.1" 200 0
[07/Apr/2026 12:06:02] "OPTIONS /purchase_request/purchaseRequests/278/ HTTP/1.1" 200 0
[07/Apr/2026 12:06:02] "GET /purchase_request/purchaseRequests/278/ HTTP/1.1" 200 429
[07/Apr/2026 12:06:03] "GET /purchase_request/purchaseRequests/278/ HTTP/1.1" 200 429
[07/Apr/2026 12:06:03] "OPTIONS /purchase_request/purchaseRequests/279/ HTTP/1.1" 200 0
[07/Apr/2026 12:06:03] "OPTIONS /purchase_request/purchaseRequests/279/ HTTP/1.1" 200 0
[07/Apr/2026 12:06:03] "GET /purchase_request/purchaseRequests/279/ HTTP/1.1" 200 435
[07/Apr/2026 12:06:03] "OPTIONS /purchase_request/purchaseRequests/280/ HTTP/1.1" 200 0
[07/Apr/2026 12:06:03] "GET /purchase_request/purchaseRequests/279/ HTTP/1.1" 200 435
[07/Apr/2026 12:06:03] "GET /purchase_request/purchaseRequests/280/ HTTP/1.1" 200 446
[07/Apr/2026 12:06:03] "GET /purchase_request/purchaseRequests/280/ HTTP/1.1" 200 446
[07/Apr/2026 12:06:03] "OPTIONS /product/product/?subcategory=40 HTTP/1.1" 200 0
[07/Apr/2026 12:06:03] "OPTIONS /purchase_request/purchaseRequests/281/ HTTP/1.1" 200 0
[07/Apr/2026 12:06:03] "GET /product/product/?subcategory=40 HTTP/1.1" 200 340
[07/Apr/2026 12:06:03] "OPTIONS /purchase_request/purchaseRequests/281/ HTTP/1.1" 200 0
[07/Apr/2026 12:06:03] "GET /purchase_request/purchaseRequests/281/ HTTP/1.1" 200 443
[07/Apr/2026 12:06:03] "OPTIONS /purchase_request/purchaseRequests/282/ HTTP/1.1" 200 0
[07/Apr/2026 12:06:04] "GET /purchase_request/purchaseRequests/281/ HTTP/1.1" 200 443
[07/Apr/2026 12:06:04] "GET /purchase_request/purchaseRequests/282/ HTTP/1.1" 200 444
[07/Apr/2026 12:06:04] "OPTIONS /purchase_request/purchaseRequests/283/ HTTP/1.1" 200 0
[07/Apr/2026 12:06:04] "GET /purchase_request/purchaseRequests/282/ HTTP/1.1" 200 444
[07/Apr/2026 12:06:04] "GET /purchase_request/purchaseRequests/283/ HTTP/1.1" 200 438
[07/Apr/2026 12:06:04] "OPTIONS /purchase_request/purchaseRequests/284/ HTTP/1.1" 200 0
[07/Apr/2026 12:06:04] "GET /purchase_request/purchaseRequests/283/ HTTP/1.1" 200 438
[07/Apr/2026 12:06:04] "GET /purchase_request/purchaseRequests/284/ HTTP/1.1" 200 432
[07/Apr/2026 12:06:04] "OPTIONS /purchase_request/purchaseRequests/285/ HTTP/1.1" 200 0
[07/Apr/2026 12:06:04] "GET /purchase_request/purchaseRequests/284/ HTTP/1.1" 200 432
[07/Apr/2026 12:06:04] "GET /purchase_request/purchaseRequests/285/ HTTP/1.1" 200 443
[07/Apr/2026 12:06:04] "OPTIONS /purchase_request/purchaseRequests/286/ HTTP/1.1" 200 0
[07/Apr/2026 12:06:04] "GET /purchase_request/purchaseRequests/285/ HTTP/1.1" 200 443
[07/Apr/2026 12:06:05] "GET /purchase_request/purchaseRequests/286/ HTTP/1.1" 200 438
[07/Apr/2026 12:06:05] "OPTIONS /purchase_request/purchaseRequests/287/ HTTP/1.1" 200 0
[07/Apr/2026 12:06:05] "GET /purchase_request/purchaseRequests/286/ HTTP/1.1" 200 438
[07/Apr/2026 12:06:05] "GET /purchase_request/purchaseRequests/287/ HTTP/1.1" 200 431
[07/Apr/2026 12:06:05] "OPTIONS /purchase_request/purchaseRequests/288/ HTTP/1.1" 200 0
[07/Apr/2026 12:06:05] "GET /purchase_request/purchaseRequests/287/ HTTP/1.1" 200 431
[07/Apr/2026 12:06:05] "GET /purchase_request/purchaseRequests/288/ HTTP/1.1" 200 436
[07/Apr/2026 12:06:05] "OPTIONS /purchase_request/purchaseRequests/293/ HTTP/1.1" 200 0
[07/Apr/2026 12:06:05] "GET /purchase_request/purchaseRequests/288/ HTTP/1.1" 200 436
[07/Apr/2026 12:06:05] "GET /purchase_request/purchaseRequests/293/ HTTP/1.1" 200 421
[07/Apr/2026 12:06:06] "GET /purchase_request/purchaseRequests/293/ HTTP/1.1" 200 421
[07/Apr/2026 12:06:10] "OPTIONS /product/product/ HTTP/1.1" 200 0
[07/Apr/2026 12:06:11] "POST /product/product/ HTTP/1.1" 201 168
[07/Apr/2026 12:06:11] "GET /product/product/?subcategory=40 HTTP/1.1" 200 509
[07/Apr/2026 12:06:14] "GET /datatable/po/list/?start_date=2026-01-07&end_date=2026-04-07&page=1&page_size=10 HTTP/1.1" 200 7653
[07/Apr/2026 12:06:15] "GET /stats/po/total-price-dinar/?start_date=2026-01-07&end_date=2026-04-07 HTTP/1.1" 200 71
[07/Apr/2026 12:06:15] "GET /stats/po/totals/?group_by=summary&start_date=2026-01-07&end_date=2026-04-07&status=approved%2Crejected HTTP/1.1" 200 62
[07/Apr/2026 12:06:15] "GET /purchase_request/purchaseRequests/293/ HTTP/1.1" 200 421
[07/Apr/2026 12:06:15] "GET /datatable/po/list/?start_date=2026-01-07&end_date=2026-04-07&page=1&page_size=10 HTTP/1.1" 200 7653
[07/Apr/2026 12:06:15] "GET /purchase_request/purchaseRequests/288/ HTTP/1.1" 200 436
[07/Apr/2026 12:06:15] "GET /purchase_request/purchaseRequests/287/ HTTP/1.1" 200 431
[07/Apr/2026 12:06:15] "GET /purchase_request/purchaseRequests/286/ HTTP/1.1" 200 438
[07/Apr/2026 12:06:15] "GET /purchase_request/purchaseRequests/285/ HTTP/1.1" 200 443
[07/Apr/2026 12:06:16] "GET /purchase_request/purchaseRequests/284/ HTTP/1.1" 200 432
[07/Apr/2026 12:06:16] "GET /purchase_request/purchaseRequests/283/ HTTP/1.1" 200 438
[07/Apr/2026 12:06:16] "GET /purchase_request/purchaseRequests/282/ HTTP/1.1" 200 444
[07/Apr/2026 12:06:16] "GET /purchase_request/purchaseRequests/281/ HTTP/1.1" 200 443
[07/Apr/2026 12:06:16] "GET /purchase_request/purchaseRequests/280/ HTTP/1.1" 200 446
[07/Apr/2026 12:06:16] "GET /purchase_request/purchaseRequests/279/ HTTP/1.1" 200 435
[07/Apr/2026 12:06:16] "GET /purchase_request/purchaseRequests/278/ HTTP/1.1" 200 429
[07/Apr/2026 12:06:16] "GET /purchase_request/purchaseRequests/277/ HTTP/1.1" 200 432
[07/Apr/2026 12:06:17] "GET /purchase_request/purchaseRequests/276/ HTTP/1.1" 200 429
[07/Apr/2026 12:06:17] "GET /purchase_request/purchaseRequests/265/ HTTP/1.1" 200 428
[07/Apr/2026 12:06:17] "GET /purchase_request/purchaseRequests/264/ HTTP/1.1" 200 438
[07/Apr/2026 12:06:17] "GET /purchase_request/purchaseRequests/263/ HTTP/1.1" 200 432
[07/Apr/2026 12:06:17] "GET /purchase_request/purchaseRequests/262/ HTTP/1.1" 200 446
[07/Apr/2026 12:06:17] "GET /purchase_request/purchaseRequests/261/ HTTP/1.1" 200 443
[07/Apr/2026 12:06:17] "GET /purchase_request/purchaseRequests/260/ HTTP/1.1" 200 435
[07/Apr/2026 12:06:18] "GET /purchase_request/purchaseRequests/259/ HTTP/1.1" 200 439
[07/Apr/2026 12:06:18] "GET /product/product/?subcategory=40 HTTP/1.1" 200 509
[07/Apr/2026 12:06:18] "GET /purchase_request/purchaseRequests/258/ HTTP/1.1" 200 432
[07/Apr/2026 12:06:18] "GET /purchase_request/purchaseRequests/257/ HTTP/1.1" 200 428
[07/Apr/2026 12:06:18] "GET /purchase_request/purchaseRequests/256/ HTTP/1.1" 200 436
[07/Apr/2026 12:06:18] "GET /purchase_request/purchaseRequests/255/ HTTP/1.1" 200 442
[07/Apr/2026 12:06:18] "GET /purchase_request/purchaseRequests/254/ HTTP/1.1" 200 412
[07/Apr/2026 12:06:18] "GET /purchase_request/purchaseRequests/253/ HTTP/1.1" 200 446
[07/Apr/2026 12:06:18] "GET /purchase_request/purchaseRequests/252/ HTTP/1.1" 200 441
[07/Apr/2026 12:06:19] "GET /purchase_request/purchaseRequests/251/ HTTP/1.1" 200 435
[07/Apr/2026 12:06:19] "GET /purchase_request/purchaseRequests/250/ HTTP/1.1" 200 543
[07/Apr/2026 12:06:19] "GET /purchase_request/purchaseRequests/249/ HTTP/1.1" 200 433
[07/Apr/2026 12:06:19] "GET /purchase_request/purchaseRequests/248/ HTTP/1.1" 200 426
[07/Apr/2026 12:06:19] "GET /purchase_request/purchaseRequests/247/ HTTP/1.1" 200 431
[07/Apr/2026 12:06:19] "GET /purchase_request/purchaseRequests/246/ HTTP/1.1" 200 431
[07/Apr/2026 12:06:19] "GET /purchase_request/purchaseRequests/245/ HTTP/1.1" 200 438
[07/Apr/2026 12:06:19] "GET /purchase_request/purchaseRequests/244/ HTTP/1.1" 200 446
[07/Apr/2026 12:06:20] "GET /purchase_request/purchaseRequests/243/ HTTP/1.1" 200 430
[07/Apr/2026 12:06:20] "GET /purchase_request/purchaseRequests/242/ HTTP/1.1" 200 443
[07/Apr/2026 12:06:20] "GET /purchase_request/purchaseRequests/241/ HTTP/1.1" 200 442
[07/Apr/2026 12:06:20] "GET /purchase_request/purchaseRequests/240/ HTTP/1.1" 200 436
[07/Apr/2026 12:06:20] "GET /purchase_request/purchaseRequests/239/ HTTP/1.1" 200 430
[07/Apr/2026 12:06:20] "GET /purchase_request/purchaseRequests/238/ HTTP/1.1" 200 432
[07/Apr/2026 12:06:20] "GET /purchase_request/purchaseRequests/237/ HTTP/1.1" 200 430
[07/Apr/2026 12:06:20] "GET /purchase_request/purchaseRequests/236/ HTTP/1.1" 200 428
[07/Apr/2026 12:06:21] "GET /purchase_request/purchaseRequests/235/ HTTP/1.1" 200 427
[07/Apr/2026 12:06:21] "GET /purchase_request/purchaseRequests/234/ HTTP/1.1" 200 411
[07/Apr/2026 12:06:21] "GET /purchase_request/purchaseRequests/233/ HTTP/1.1" 200 444
[07/Apr/2026 12:06:21] "GET /purchase_request/purchaseRequests/232/ HTTP/1.1" 200 443
[07/Apr/2026 12:06:21] "GET /purchase_request/purchaseRequests/231/ HTTP/1.1" 200 437
[07/Apr/2026 12:06:21] "GET /purchase_request/purchaseRequests/230/ HTTP/1.1" 200 443
[07/Apr/2026 12:06:21] "GET /purchase_request/purchaseRequests/229/ HTTP/1.1" 200 503
[07/Apr/2026 12:06:21] "GET /purchase_request/purchaseRequests/228/ HTTP/1.1" 200 412
[07/Apr/2026 12:06:22] "GET /purchase_request/purchaseRequests/227/ HTTP/1.1" 200 440
[07/Apr/2026 12:06:22] "GET /purchase_request/purchaseRequests/226/ HTTP/1.1" 200 411
[07/Apr/2026 12:06:22] "GET /purchase_request/purchaseRequests/225/ HTTP/1.1" 200 438
[07/Apr/2026 12:06:22] "GET /purchase_request/purchaseRequests/224/ HTTP/1.1" 200 437
[07/Apr/2026 12:06:22] "GET /purchase_request/purchaseRequests/223/ HTTP/1.1" 200 432
[07/Apr/2026 12:06:22] "GET /purchase_request/purchaseRequests/222/ HTTP/1.1" 200 442
[07/Apr/2026 12:06:22] "GET /purchase_request/purchaseRequests/221/ HTTP/1.1" 200 430
[07/Apr/2026 12:06:22] "GET /purchase_request/purchaseRequests/220/ HTTP/1.1" 200 429
[07/Apr/2026 12:06:23] "GET /purchase_request/purchaseRequests/219/ HTTP/1.1" 200 440
[07/Apr/2026 12:06:23] "GET /purchase_request/purchaseRequests/218/ HTTP/1.1" 200 428
[07/Apr/2026 12:06:23] "GET /purchase_request/purchaseRequests/217/ HTTP/1.1" 200 429
[07/Apr/2026 12:06:23] "GET /purchase_request/purchaseRequests/216/ HTTP/1.1" 200 426
[07/Apr/2026 12:06:23] "GET /purchase_request/purchaseRequests/215/ HTTP/1.1" 200 428
[07/Apr/2026 12:06:23] "GET /purchase_request/purchaseRequests/214/ HTTP/1.1" 200 436
[07/Apr/2026 12:06:23] "GET /purchase_request/purchaseRequests/206/ HTTP/1.1" 200 418
[07/Apr/2026 12:06:23] "GET /purchase_request/purchaseRequests/204/ HTTP/1.1" 200 402
[07/Apr/2026 12:06:23] "GET /purchase_request/purchaseRequests/203/ HTTP/1.1" 200 445
[07/Apr/2026 12:06:24] "GET /purchase_request/purchaseRequests/202/ HTTP/1.1" 200 438
[07/Apr/2026 12:06:24] "GET /purchase_request/purchaseRequests/200/ HTTP/1.1" 200 406
[07/Apr/2026 12:06:24] "GET /purchase_request/purchaseRequests/199/ HTTP/1.1" 200 424
[07/Apr/2026 12:06:24] "GET /purchase_request/purchaseRequests/198/ HTTP/1.1" 200 517
[07/Apr/2026 12:06:24] "GET /purchase_request/purchaseRequests/197/ HTTP/1.1" 200 426
[07/Apr/2026 12:06:24] "GET /purchase_request/purchaseRequests/192/ HTTP/1.1" 200 412
[07/Apr/2026 12:06:24] "GET /purchase_request/purchaseRequests/175/ HTTP/1.1" 200 414
[07/Apr/2026 12:06:24] "GET /purchase_request/purchaseRequests/174/ HTTP/1.1" 200 410
[07/Apr/2026 12:06:25] "GET /purchase_request/purchaseRequests/173/ HTTP/1.1" 200 412
[07/Apr/2026 12:06:25] "GET /purchase_request/purchaseRequests/156/ HTTP/1.1" 200 412
[07/Apr/2026 12:06:25] "GET /purchase_request/purchaseRequests/154/ HTTP/1.1" 200 412
[07/Apr/2026 12:06:25] "GET /purchase_request/purchaseRequests/153/ HTTP/1.1" 200 414
[07/Apr/2026 12:06:25] "GET /purchase_request/purchaseRequests/152/ HTTP/1.1" 200 414
[07/Apr/2026 12:06:25] "GET /purchase_request/purchaseRequests/149/ HTTP/1.1" 200 410
[07/Apr/2026 12:06:25] "GET /purchase_request/purchaseRequests/148/ HTTP/1.1" 200 412
[07/Apr/2026 12:06:25] "GET /purchase_request/purchaseRequests/146/ HTTP/1.1" 200 410
[07/Apr/2026 12:06:26] "GET /purchase_request/purchaseRequests/131/ HTTP/1.1" 200 400
[07/Apr/2026 12:06:26] "GET /purchase_request/purchaseRequests/127/ HTTP/1.1" 200 414
[07/Apr/2026 12:06:26] "GET /purchase_request/purchaseRequests/123/ HTTP/1.1" 200 414
[07/Apr/2026 12:06:26] "GET /purchase_request/purchaseRequests/122/ HTTP/1.1" 200 409
[07/Apr/2026 12:06:26] "GET /purchase_request/purchaseRequests/115/ HTTP/1.1" 200 412
[07/Apr/2026 12:06:26] "GET /purchase_request/purchaseRequests/110/ HTTP/1.1" 200 415
[07/Apr/2026 12:06:30] "GET /purchase_request/purchaseRequests/293/ HTTP/1.1" 200 421
[07/Apr/2026 12:06:30] "GET /stats/po/total-price-dinar/?start_date=2026-01-07&end_date=2026-04-07 HTTP/1.1" 200 71
[07/Apr/2026 12:06:30] "GET /datatable/po/list/?start_date=2026-01-07&end_date=2026-04-07&page=1&page_size=10 HTTP/1.1" 200 7653
[07/Apr/2026 12:06:30] "GET /stats/po/totals/?group_by=summary&start_date=2026-01-07&end_date=2026-04-07&status=approved%2Crejected HTTP/1.1" 200 62
[07/Apr/2026 12:06:31] "GET /purchase_request/purchaseRequests/288/ HTTP/1.1" 200 436
[07/Apr/2026 12:06:31] "GET /purchase_request/purchaseRequests/287/ HTTP/1.1" 200 431
[07/Apr/2026 12:06:31] "GET /purchase_request/purchaseRequests/286/ HTTP/1.1" 200 438
[07/Apr/2026 12:06:31] "GET /purchase_request/purchaseRequests/285/ HTTP/1.1" 200 443
[07/Apr/2026 12:06:31] "GET /purchase_request/purchaseRequests/284/ HTTP/1.1" 200 432
[07/Apr/2026 12:06:31] "GET /purchase_request/purchaseRequests/283/ HTTP/1.1" 200 438
[07/Apr/2026 12:06:31] "GET /purchase_request/purchaseRequests/282/ HTTP/1.1" 200 444
[07/Apr/2026 12:06:32] "GET /purchase_request/purchaseRequests/281/ HTTP/1.1" 200 443
[07/Apr/2026 12:06:32] "GET /purchase_request/purchaseRequests/280/ HTTP/1.1" 200 446
[07/Apr/2026 12:06:32] "GET /purchase_request/purchaseRequests/279/ HTTP/1.1" 200 435
[07/Apr/2026 12:06:32] "GET /purchase_request/purchaseRequests/278/ HTTP/1.1" 200 429
[07/Apr/2026 12:06:32] "GET /purchase_request/purchaseRequests/277/ HTTP/1.1" 200 432
[07/Apr/2026 12:06:32] "GET /purchase_request/purchaseRequests/276/ HTTP/1.1" 200 429
[07/Apr/2026 12:06:32] "GET /purchase_request/purchaseRequests/265/ HTTP/1.1" 200 428
[07/Apr/2026 12:06:32] "GET /purchase_request/purchaseRequests/264/ HTTP/1.1" 200 438
[07/Apr/2026 12:06:33] "GET /purchase_request/purchaseRequests/263/ HTTP/1.1" 200 432
[07/Apr/2026 12:06:33] "GET /purchase_request/purchaseRequests/262/ HTTP/1.1" 200 446
[07/Apr/2026 12:06:33] "GET /purchase_request/purchaseRequests/261/ HTTP/1.1" 200 443
[07/Apr/2026 12:06:33] "GET /purchase_request/purchaseRequests/260/ HTTP/1.1" 200 435
[07/Apr/2026 12:06:33] "GET /purchase_request/purchaseRequests/259/ HTTP/1.1" 200 439
[07/Apr/2026 12:06:33] "GET /purchase_request/purchaseRequests/258/ HTTP/1.1" 200 432
[07/Apr/2026 12:06:33] "GET /purchase_request/purchaseRequests/257/ HTTP/1.1" 200 428
[07/Apr/2026 12:06:33] "GET /purchase_request/purchaseRequests/256/ HTTP/1.1" 200 436
[07/Apr/2026 12:06:34] "GET /purchase_request/purchaseRequests/255/ HTTP/1.1" 200 442
[07/Apr/2026 12:06:34] "GET /purchase_request/purchaseRequests/254/ HTTP/1.1" 200 412
[07/Apr/2026 12:06:34] "GET /purchase_request/purchaseRequests/253/ HTTP/1.1" 200 446
[07/Apr/2026 12:06:34] "GET /purchase_request/purchaseRequests/252/ HTTP/1.1" 200 441
[07/Apr/2026 12:06:34] "GET /purchase_request/purchaseRequests/251/ HTTP/1.1" 200 435
[07/Apr/2026 12:06:34] "GET /purchase_request/purchaseRequests/250/ HTTP/1.1" 200 543
[07/Apr/2026 12:06:34] "GET /purchase_request/purchaseRequests/249/ HTTP/1.1" 200 433
[07/Apr/2026 12:06:34] "GET /purchase_request/purchaseRequests/248/ HTTP/1.1" 200 426
[07/Apr/2026 12:06:34] "GET /purchase_request/purchaseRequests/247/ HTTP/1.1" 200 431
[07/Apr/2026 12:06:35] "GET /purchase_request/purchaseRequests/246/ HTTP/1.1" 200 431
[07/Apr/2026 12:06:35] "GET /purchase_request/purchaseRequests/245/ HTTP/1.1" 200 438
[07/Apr/2026 12:06:35] "GET /purchase_request/purchaseRequests/244/ HTTP/1.1" 200 446
[07/Apr/2026 12:06:35] "GET /purchase_request/purchaseRequests/243/ HTTP/1.1" 200 430
[07/Apr/2026 12:06:35] "GET /purchase_request/purchaseRequests/242/ HTTP/1.1" 200 443
[07/Apr/2026 12:06:35] "GET /purchase_request/purchaseRequests/241/ HTTP/1.1" 200 442
[07/Apr/2026 12:06:35] "GET /purchase_request/purchaseRequests/240/ HTTP/1.1" 200 436
[07/Apr/2026 12:06:35] "GET /purchase_request/purchaseRequests/239/ HTTP/1.1" 200 430
[07/Apr/2026 12:06:36] "GET /purchase_request/purchaseRequests/238/ HTTP/1.1" 200 432
[07/Apr/2026 12:06:36] "GET /purchase_request/purchaseRequests/237/ HTTP/1.1" 200 430
[07/Apr/2026 12:06:36] "GET /purchase_request/purchaseRequests/236/ HTTP/1.1" 200 428
[07/Apr/2026 12:06:36] "GET /purchase_request/purchaseRequests/235/ HTTP/1.1" 200 427
[07/Apr/2026 12:06:36] "GET /purchase_request/purchaseRequests/234/ HTTP/1.1" 200 411
[07/Apr/2026 12:06:36] "GET /purchase_request/purchaseRequests/233/ HTTP/1.1" 200 444
[07/Apr/2026 12:06:36] "GET /purchase_request/purchaseRequests/232/ HTTP/1.1" 200 443
[07/Apr/2026 12:06:36] "GET /purchase_request/purchaseRequests/231/ HTTP/1.1" 200 437
[07/Apr/2026 12:06:37] "GET /purchase_request/purchaseRequests/230/ HTTP/1.1" 200 443
[07/Apr/2026 12:06:37] "GET /purchase_request/purchaseRequests/229/ HTTP/1.1" 200 503
[07/Apr/2026 12:06:37] "GET /purchase_request/purchaseRequests/228/ HTTP/1.1" 200 412
[07/Apr/2026 12:06:37] "GET /purchase_request/purchaseRequests/227/ HTTP/1.1" 200 440
[07/Apr/2026 12:06:37] "GET /purchase_request/purchaseRequests/226/ HTTP/1.1" 200 411
[07/Apr/2026 12:06:37] "GET /purchase_request/purchaseRequests/225/ HTTP/1.1" 200 438
[07/Apr/2026 12:06:37] "GET /purchase_request/purchaseRequests/224/ HTTP/1.1" 200 437
[07/Apr/2026 12:06:37] "GET /purchase_request/purchaseRequests/223/ HTTP/1.1" 200 432
[07/Apr/2026 12:06:37] "GET /purchase_request/purchaseRequests/222/ HTTP/1.1" 200 442
[07/Apr/2026 12:06:38] "GET /purchase_request/purchaseRequests/221/ HTTP/1.1" 200 430
[07/Apr/2026 12:06:38] "GET /purchase_request/purchaseRequests/220/ HTTP/1.1" 200 429
[07/Apr/2026 12:06:38] "GET /purchase_request/purchaseRequests/219/ HTTP/1.1" 200 440
[07/Apr/2026 12:06:38] "GET /purchase_request/purchaseRequests/218/ HTTP/1.1" 200 428
[07/Apr/2026 12:06:38] "GET /purchase_request/purchaseRequests/217/ HTTP/1.1" 200 429
[07/Apr/2026 12:06:38] "GET /purchase_request/purchaseRequests/216/ HTTP/1.1" 200 426
[07/Apr/2026 12:06:38] "GET /purchase_request/purchaseRequests/215/ HTTP/1.1" 200 428
[07/Apr/2026 12:06:38] "GET /purchase_request/purchaseRequests/214/ HTTP/1.1" 200 436
[07/Apr/2026 12:06:39] "GET /purchase_request/purchaseRequests/206/ HTTP/1.1" 200 418
[07/Apr/2026 12:06:39] "GET /purchase_request/purchaseRequests/204/ HTTP/1.1" 200 402
[07/Apr/2026 12:06:39] "GET /purchase_request/purchaseRequests/203/ HTTP/1.1" 200 445
[07/Apr/2026 12:06:39] "GET /category/category/ HTTP/1.1" 200 8743
[07/Apr/2026 12:06:39] "GET /purchase_request/purchaseRequests/202/ HTTP/1.1" 200 438
[07/Apr/2026 12:06:39] "GET /purchase_request/purchaseRequests/200/ HTTP/1.1" 200 406
[07/Apr/2026 12:06:39] "GET /purchase_request/purchaseRequests/199/ HTTP/1.1" 200 424
[07/Apr/2026 12:06:39] "GET /purchase_request/purchaseRequests/198/ HTTP/1.1" 200 517
[07/Apr/2026 12:06:40] "GET /purchase_request/purchaseRequests/197/ HTTP/1.1" 200 426
[07/Apr/2026 12:06:40] "GET /purchase_request/purchaseRequests/192/ HTTP/1.1" 200 412
[07/Apr/2026 12:06:40] "GET /purchase_request/purchaseRequests/175/ HTTP/1.1" 200 414
[07/Apr/2026 12:06:40] "GET /purchase_request/purchaseRequests/174/ HTTP/1.1" 200 410
[07/Apr/2026 12:06:40] "GET /purchase_request/purchaseRequests/173/ HTTP/1.1" 200 412
[07/Apr/2026 12:06:40] "GET /purchase_request/purchaseRequests/156/ HTTP/1.1" 200 412
[07/Apr/2026 12:06:40] "GET /purchase_request/purchaseRequests/154/ HTTP/1.1" 200 412
[07/Apr/2026 12:06:40] "GET /purchase_request/purchaseRequests/153/ HTTP/1.1" 200 414
[07/Apr/2026 12:06:41] "GET /purchase_request/purchaseRequests/152/ HTTP/1.1" 200 414
[07/Apr/2026 12:06:41] "GET /purchase_request/purchaseRequests/149/ HTTP/1.1" 200 410
[07/Apr/2026 12:06:41] "GET /purchase_request/purchaseRequests/148/ HTTP/1.1" 200 412
[07/Apr/2026 12:06:41] "GET /purchase_request/purchaseRequests/146/ HTTP/1.1" 200 410
[07/Apr/2026 12:06:41] "GET /purchase_request/purchaseRequests/131/ HTTP/1.1" 200 400
[07/Apr/2026 12:06:41] "GET /purchase_request/purchaseRequests/127/ HTTP/1.1" 200 414
[07/Apr/2026 12:06:41] "GET /purchase_request/purchaseRequests/123/ HTTP/1.1" 200 414
[07/Apr/2026 12:06:41] "GET /purchase_request/purchaseRequests/122/ HTTP/1.1" 200 409
[07/Apr/2026 12:06:41] "GET /purchase_request/purchaseRequests/115/ HTTP/1.1" 200 412
[07/Apr/2026 12:06:42] "GET /purchase_request/purchaseRequests/110/ HTTP/1.1" 200 415
[07/Apr/2026 12:06:44] "GET /datatable/po/list/?start_date=2026-01-07&end_date=2026-04-07&page=1&page_size=10 HTTP/1.1" 200 7653
[07/Apr/2026 12:07:02] "GET /stats/po/totals/?group_by=summary&start_date=2026-01-07&end_date=2026-04-07&status=approved%2Crejected HTTP/1.1" 200 62
[07/Apr/2026 12:07:02] "GET /stats/po/total-price-dinar/?start_date=2026-01-07&end_date=2026-04-07 HTTP/1.1" 200 71
[07/Apr/2026 12:07:02] "GET /purchase_request/purchaseRequests/293/ HTTP/1.1" 200 421
[07/Apr/2026 12:07:02] "GET /datatable/po/list/?start_date=2026-01-07&end_date=2026-04-07&page=1&page_size=10 HTTP/1.1" 200 7653
[07/Apr/2026 12:07:02] "GET /purchase_request/purchaseRequests/288/ HTTP/1.1" 200 436
[07/Apr/2026 12:07:03] "GET /purchase_request/purchaseRequests/287/ HTTP/1.1" 200 431
[07/Apr/2026 12:07:03] "GET /purchase_request/purchaseRequests/286/ HTTP/1.1" 200 438
[07/Apr/2026 12:07:03] "GET /purchase_request/purchaseRequests/285/ HTTP/1.1" 200 443
[07/Apr/2026 12:07:03] "GET /purchase_request/purchaseRequests/284/ HTTP/1.1" 200 432
[07/Apr/2026 12:07:03] "GET /purchase_request/purchaseRequests/283/ HTTP/1.1" 200 438
[07/Apr/2026 12:07:03] "GET /purchase_request/purchaseRequests/282/ HTTP/1.1" 200 444
[07/Apr/2026 12:07:03] "GET /purchase_request/purchaseRequests/281/ HTTP/1.1" 200 443
[07/Apr/2026 12:07:04] "GET /purchase_request/purchaseRequests/280/ HTTP/1.1" 200 446
[07/Apr/2026 12:07:04] "GET /purchase_request/purchaseRequests/279/ HTTP/1.1" 200 435
[07/Apr/2026 12:07:04] "GET /purchase_request/purchaseRequests/278/ HTTP/1.1" 200 429
[07/Apr/2026 12:07:04] "GET /purchase_request/purchaseRequests/277/ HTTP/1.1" 200 432
[07/Apr/2026 12:07:04] "GET /purchase_request/purchaseRequests/276/ HTTP/1.1" 200 429
[07/Apr/2026 12:07:04] "GET /purchase_request/purchaseRequests/265/ HTTP/1.1" 200 428
[07/Apr/2026 12:07:04] "GET /purchase_request/purchaseRequests/264/ HTTP/1.1" 200 438
[07/Apr/2026 12:07:04] "GET /purchase_request/purchaseRequests/263/ HTTP/1.1" 200 432
[07/Apr/2026 12:07:05] "GET /purchase_request/purchaseRequests/262/ HTTP/1.1" 200 446
[07/Apr/2026 12:07:05] "GET /purchase_request/purchaseRequests/261/ HTTP/1.1" 200 443
[07/Apr/2026 12:07:05] "GET /purchase_request/purchaseRequests/260/ HTTP/1.1" 200 435
[07/Apr/2026 12:07:05] "GET /purchase_request/purchaseRequests/259/ HTTP/1.1" 200 439
[07/Apr/2026 12:07:05] "GET /purchase_request/purchaseRequests/258/ HTTP/1.1" 200 432
[07/Apr/2026 12:07:05] "GET /purchase_request/purchaseRequests/257/ HTTP/1.1" 200 428
[07/Apr/2026 12:07:05] "GET /purchase_request/purchaseRequests/256/ HTTP/1.1" 200 436
[07/Apr/2026 12:07:05] "GET /purchase_request/purchaseRequests/255/ HTTP/1.1" 200 442
[07/Apr/2026 12:07:06] "GET /purchase_request/purchaseRequests/254/ HTTP/1.1" 200 412
[07/Apr/2026 12:07:06] "GET /purchase_request/purchaseRequests/253/ HTTP/1.1" 200 446
[07/Apr/2026 12:07:06] "GET /purchase_request/purchaseRequests/252/ HTTP/1.1" 200 441
[07/Apr/2026 12:07:06] "GET /purchase_request/purchaseRequests/251/ HTTP/1.1" 200 435
[07/Apr/2026 12:07:06] "GET /purchase_request/purchaseRequests/250/ HTTP/1.1" 200 543
[07/Apr/2026 12:07:06] "GET /purchase_request/purchaseRequests/249/ HTTP/1.1" 200 433
[07/Apr/2026 12:07:06] "GET /purchase_request/purchaseRequests/248/ HTTP/1.1" 200 426
[07/Apr/2026 12:07:06] "GET /purchase_request/purchaseRequests/247/ HTTP/1.1" 200 431
[07/Apr/2026 12:07:07] "GET /purchase_request/purchaseRequests/246/ HTTP/1.1" 200 431
[07/Apr/2026 12:07:07] "GET /purchase_request/purchaseRequests/245/ HTTP/1.1" 200 438
[07/Apr/2026 12:07:07] "GET /purchase_request/purchaseRequests/244/ HTTP/1.1" 200 446
[07/Apr/2026 12:07:07] "GET /purchase_request/purchaseRequests/243/ HTTP/1.1" 200 430
[07/Apr/2026 12:07:07] "GET /purchase_request/purchaseRequests/242/ HTTP/1.1" 200 443
[07/Apr/2026 12:07:07] "GET /purchase_request/purchaseRequests/241/ HTTP/1.1" 200 442
[07/Apr/2026 12:07:07] "GET /purchase_request/purchaseRequests/240/ HTTP/1.1" 200 436
[07/Apr/2026 12:07:07] "GET /purchase_request/purchaseRequests/239/ HTTP/1.1" 200 430
[07/Apr/2026 12:07:07] "GET /purchase_request/purchaseRequests/238/ HTTP/1.1" 200 432
[07/Apr/2026 12:07:08] "GET /purchase_request/purchaseRequests/237/ HTTP/1.1" 200 430
[07/Apr/2026 12:07:08] "GET /purchase_request/purchaseRequests/236/ HTTP/1.1" 200 428
[07/Apr/2026 12:07:08] "GET /purchase_request/purchaseRequests/235/ HTTP/1.1" 200 427
[07/Apr/2026 12:07:08] "GET /purchase_request/purchaseRequests/234/ HTTP/1.1" 200 411
[07/Apr/2026 12:07:08] "GET /purchase_request/purchaseRequests/233/ HTTP/1.1" 200 444
[07/Apr/2026 12:07:08] "GET /purchase_request/purchaseRequests/232/ HTTP/1.1" 200 443
[07/Apr/2026 12:07:08] "GET /purchase_request/purchaseRequests/231/ HTTP/1.1" 200 437
[07/Apr/2026 12:07:08] "GET /purchase_request/purchaseRequests/230/ HTTP/1.1" 200 443
[07/Apr/2026 12:07:09] "GET /purchase_request/purchaseRequests/229/ HTTP/1.1" 200 503
[07/Apr/2026 12:07:09] "GET /purchase_request/purchaseRequests/228/ HTTP/1.1" 200 412
[07/Apr/2026 12:07:09] "GET /purchase_request/purchaseRequests/227/ HTTP/1.1" 200 440
[07/Apr/2026 12:07:09] "GET /purchase_request/purchaseRequests/226/ HTTP/1.1" 200 411
[07/Apr/2026 12:07:09] "GET /purchase_request/purchaseRequests/225/ HTTP/1.1" 200 438
[07/Apr/2026 12:07:09] "GET /purchase_request/purchaseRequests/224/ HTTP/1.1" 200 437
[07/Apr/2026 12:07:09] "GET /purchase_request/purchaseRequests/223/ HTTP/1.1" 200 432
[07/Apr/2026 12:07:09] "GET /purchase_request/purchaseRequests/222/ HTTP/1.1" 200 442
[07/Apr/2026 12:07:10] "GET /purchase_request/purchaseRequests/221/ HTTP/1.1" 200 430
[07/Apr/2026 12:07:10] "GET /purchase_request/purchaseRequests/220/ HTTP/1.1" 200 429
[07/Apr/2026 12:07:10] "GET /purchase_request/purchaseRequests/219/ HTTP/1.1" 200 440
[07/Apr/2026 12:07:10] "GET /purchase_request/purchaseRequests/218/ HTTP/1.1" 200 428
[07/Apr/2026 12:07:10] "GET /purchase_request/purchaseRequests/217/ HTTP/1.1" 200 429
[07/Apr/2026 12:07:10] "GET /purchase_request/purchaseRequests/216/ HTTP/1.1" 200 426
[07/Apr/2026 12:07:10] "GET /purchase_request/purchaseRequests/215/ HTTP/1.1" 200 428
[07/Apr/2026 12:07:11] "GET /purchase_request/purchaseRequests/214/ HTTP/1.1" 200 436
[07/Apr/2026 12:07:11] "GET /purchase_request/purchaseRequests/206/ HTTP/1.1" 200 418
[07/Apr/2026 12:07:11] "GET /purchase_request/purchaseRequests/204/ HTTP/1.1" 200 402
[07/Apr/2026 12:07:11] "GET /purchase_request/purchaseRequests/203/ HTTP/1.1" 200 445
[07/Apr/2026 12:07:11] "GET /purchase_request/purchaseRequests/202/ HTTP/1.1" 200 438
[07/Apr/2026 12:07:11] "GET /purchase_request/purchaseRequests/200/ HTTP/1.1" 200 406
[07/Apr/2026 12:07:11] "GET /purchase_request/purchaseRequests/199/ HTTP/1.1" 200 424
[07/Apr/2026 12:07:11] "GET /purchase_request/purchaseRequests/198/ HTTP/1.1" 200 517
[07/Apr/2026 12:07:12] "GET /purchase_request/purchaseRequests/197/ HTTP/1.1" 200 426
[07/Apr/2026 12:07:12] "GET /purchase_request/purchaseRequests/192/ HTTP/1.1" 200 412
[07/Apr/2026 12:07:12] "GET /purchase_request/purchaseRequests/175/ HTTP/1.1" 200 414
[07/Apr/2026 12:07:12] "GET /purchase_request/purchaseRequests/174/ HTTP/1.1" 200 410
[07/Apr/2026 12:07:12] "GET /purchase_request/purchaseRequests/173/ HTTP/1.1" 200 412
[07/Apr/2026 12:07:12] "GET /purchase_request/purchaseRequests/156/ HTTP/1.1" 200 412
[07/Apr/2026 12:07:12] "GET /purchase_request/purchaseRequests/154/ HTTP/1.1" 200 412
[07/Apr/2026 12:07:12] "GET /purchase_request/purchaseRequests/153/ HTTP/1.1" 200 414
[07/Apr/2026 12:07:13] "GET /purchase_request/purchaseRequests/152/ HTTP/1.1" 200 414
[07/Apr/2026 12:07:13] "GET /purchase_request/purchaseRequests/149/ HTTP/1.1" 200 410
[07/Apr/2026 12:07:13] "GET /purchase_request/purchaseRequests/148/ HTTP/1.1" 200 412
[07/Apr/2026 12:07:13] "GET /purchase_request/purchaseRequests/146/ HTTP/1.1" 200 410
[07/Apr/2026 12:07:13] "GET /purchase_request/purchaseRequests/131/ HTTP/1.1" 200 400
[07/Apr/2026 12:07:13] "GET /purchase_request/purchaseRequests/127/ HTTP/1.1" 200 414
[07/Apr/2026 12:07:13] "GET /purchase_request/purchaseRequests/123/ HTTP/1.1" 200 414
[07/Apr/2026 12:07:13] "GET /purchase_request/purchaseRequests/122/ HTTP/1.1" 200 409
[07/Apr/2026 12:07:13] "GET /purchase_request/purchaseRequests/115/ HTTP/1.1" 200 412
[07/Apr/2026 12:07:14] "GET /purchase_request/purchaseRequests/110/ HTTP/1.1" 200 415
[07/Apr/2026 12:07:14] "GET /datatable/po/list/?start_date=2026-01-07&end_date=2026-04-07&page=1&page_size=10 HTTP/1.1" 200 7653
[07/Apr/2026 12:07:44] "GET /datatable/po/list/?start_date=2026-01-07&end_date=2026-04-07&page=1&page_size=10 HTTP/1.1" 200 7653
[07/Apr/2026 12:11:46] "GET /datatable/po/list/?start_date=2026-01-07&end_date=2026-04-07&page=1&page_size=10 HTTP/1.1" 200 7653
[07/Apr/2026 12:13:46] "GET /datatable/po/list/?start_date=2026-01-07&end_date=2026-04-07&page=1&page_size=10 HTTP/1.1" 200 7653
[07/Apr/2026 12:14:46] "GET /datatable/po/list/?start_date=2026-01-07&end_date=2026-04-07&page=1&page_size=10 HTTP/1.1" 200 7653
[07/Apr/2026 12:15:46] "GET /datatable/po/list/?start_date=2026-01-07&end_date=2026-04-07&page=1&page_size=10 HTTP/1.1" 200 7653
[07/Apr/2026 12:16:46] "GET /datatable/po/list/?start_date=2026-01-07&end_date=2026-04-07&page=1&page_size=10 HTTP/1.1" 200 7653
[07/Apr/2026 12:17:46] "GET /datatable/po/list/?start_date=2026-01-07&end_date=2026-04-07&page=1&page_size=10 HTTP/1.1" 200 7653
[07/Apr/2026 12:18:15] "GET /user/users-with-details-list/ HTTP/1.1" 200 6529
[07/Apr/2026 12:18:15] "OPTIONS /purchase_request/purchaseRequests/?page=1&page_size=10 HTTP/1.1" 200 0
[07/Apr/2026 12:18:15] "GET /purchase_request/purchaseRequests/?page=1&page_size=10 HTTP/1.1" 200 39379
[07/Apr/2026 12:18:17] "GET /category/category/ HTTP/1.1" 200 8743
[07/Apr/2026 12:18:17] "GET /category/category/ HTTP/1.1" 200 8743
[07/Apr/2026 12:18:22] "OPTIONS /category/category/?parent_category=39 HTTP/1.1" 200 0
[07/Apr/2026 12:18:22] "GET /category/category/?parent_category=39 HTTP/1.1" 200 587
[07/Apr/2026 12:18:30] "OPTIONS /category/category/?parent_category=40 HTTP/1.1" 200 0
[07/Apr/2026 12:18:30] "GET /category/category/?parent_category=40 HTTP/1.1" 200 2
[07/Apr/2026 12:18:33] "GET /category/category/?parent_category=39 HTTP/1.1" 200 587
[07/Apr/2026 12:18:46] "GET /purchase_request/purchaseRequests/?page=1&page_size=10 HTTP/1.1" 200 39379
[07/Apr/2026 12:18:48] "GET /category/category/ HTTP/1.1" 200 8743
[07/Apr/2026 12:18:48] "GET /category/category/ HTTP/1.1" 200 8743
[07/Apr/2026 12:18:51] "GET /category/category/?parent_category=38 HTTP/1.1" 200 460
[07/Apr/2026 12:18:55] "OPTIONS /product/product/?subcategory=39 HTTP/1.1" 200 0
[07/Apr/2026 12:18:55] "GET /product/product/?subcategory=39 HTTP/1.1" 200 867
[07/Apr/2026 12:18:59] "GET /product/product/?subcategory=40 HTTP/1.1" 200 509
[07/Apr/2026 12:19:05] "GET /user/users-with-details-list/ HTTP/1.1" 200 6529
[07/Apr/2026 12:19:06] "GET /purchase_request/purchaseRequests/?page=1&page_size=10 HTTP/1.1" 200 39379
[07/Apr/2026 12:19:07] "GET /category/category/ HTTP/1.1" 200 8743
[07/Apr/2026 12:19:07] "GET /category/category/ HTTP/1.1" 200 8743
[07/Apr/2026 12:19:11] "GET /category/category/?parent_category=40 HTTP/1.1" 200 2
[07/Apr/2026 12:29:28] "GET /purchase_request/purchaseRequests/?page=1&page_size=10 HTTP/1.1" 200 39379
[07/Apr/2026 12:29:32] "GET /category/category/ HTTP/1.1" 200 8743
[07/Apr/2026 12:29:37] "GET /product/product/?subcategory=39 HTTP/1.1" 200 867
[07/Apr/2026 12:29:41] "GET /product/product/?subcategory=40 HTTP/1.1" 200 509
[07/Apr/2026 12:30:50] "GET /datatable/po/list/?start_date=2026-01-07&end_date=2026-04-07&page=1&page_size=10 HTTP/1.1" 200 7653
[07/Apr/2026 12:30:50] "GET /datatable/po/list/?start_date=2026-01-07&end_date=2026-04-07&page=1&page_size=10 HTTP/1.1" 200 7653
[07/Apr/2026 12:30:50] "GET /datatable/po/list/?start_date=2026-01-07&end_date=2026-04-07&page=1&page_size=10 HTTP/1.1" 200 7653
[07/Apr/2026 12:30:50] "GET /datatable/po/list/?start_date=2026-01-07&end_date=2026-04-07&page=1&page_size=10 HTTP/1.1" 200 7653
[07/Apr/2026 12:30:50] "GET /datatable/po/list/?start_date=2026-01-07&end_date=2026-04-07&page=1&page_size=10 HTTP/1.1" 200 7653
[07/Apr/2026 12:31:14] "GET /datatable/po/list/?start_date=2026-01-07&end_date=2026-04-07&page=1&page_size=10 HTTP/1.1" 200 7653
[07/Apr/2026 12:31:44] "GET /datatable/po/list/?start_date=2026-01-07&end_date=2026-04-07&page=1&page_size=10 HTTP/1.1" 200 7653
[07/Apr/2026 12:35:46] "GET /datatable/po/list/?start_date=2026-01-07&end_date=2026-04-07&page=1&page_size=10 HTTP/1.1" 200 7653
[07/Apr/2026 13:02:42] "GET /datatable/po/list/?start_date=2026-01-07&end_date=2026-04-07&page=1&page_size=10 HTTP/1.1" 200 7653
[07/Apr/2026 13:02:42] "GET /purchase_request/purchaseRequests/293/ HTTP/1.1" 200 421
[07/Apr/2026 13:02:42] "GET /stats/po/totals/?group_by=summary&start_date=2026-01-07&end_date=2026-04-07&status=approved%2Crejected HTTP/1.1" 200 62
[07/Apr/2026 13:02:42] "GET /stats/po/total-price-dinar/?start_date=2026-01-07&end_date=2026-04-07 HTTP/1.1" 200 71
[07/Apr/2026 13:02:42] "GET /datatable/po/list/?start_date=2026-01-07&end_date=2026-04-07&page=1&page_size=10 HTTP/1.1" 200 7653
[07/Apr/2026 13:02:42] "GET /purchase_request/purchaseRequests/288/ HTTP/1.1" 200 436
[07/Apr/2026 13:02:42] "GET /datatable/po/list/?start_date=2026-01-07&end_date=2026-04-07&page=1&page_size=10 HTTP/1.1" 200 7653
[07/Apr/2026 13:02:42] "GET /datatable/po/list/?start_date=2026-01-07&end_date=2026-04-07&page=1&page_size=10 HTTP/1.1" 200 7653
[07/Apr/2026 13:02:42] "GET /purchase_request/purchaseRequests/287/ HTTP/1.1" 200 431
[07/Apr/2026 13:02:42] "GET /datatable/po/list/?start_date=2026-01-07&end_date=2026-04-07&page=1&page_size=10 HTTP/1.1" 200 7653
[07/Apr/2026 13:02:43] "GET /purchase_request/purchaseRequests/286/ HTTP/1.1" 200 438
[07/Apr/2026 13:02:43] "GET /purchase_request/purchaseRequests/285/ HTTP/1.1" 200 443
[07/Apr/2026 13:02:43] "GET /purchase_request/purchaseRequests/284/ HTTP/1.1" 200 432
[07/Apr/2026 13:02:43] "GET /purchase_request/purchaseRequests/283/ HTTP/1.1" 200 438
[07/Apr/2026 13:02:43] "GET /purchase_request/purchaseRequests/282/ HTTP/1.1" 200 444
[07/Apr/2026 13:02:43] "GET /purchase_request/purchaseRequests/281/ HTTP/1.1" 200 443
[07/Apr/2026 13:02:43] "GET /purchase_request/purchaseRequests/280/ HTTP/1.1" 200 446
[07/Apr/2026 13:02:43] "GET /purchase_request/purchaseRequests/279/ HTTP/1.1" 200 435
[07/Apr/2026 13:02:43] "GET /purchase_request/purchaseRequests/278/ HTTP/1.1" 200 429
[07/Apr/2026 13:02:44] "GET /purchase_request/purchaseRequests/277/ HTTP/1.1" 200 432
[07/Apr/2026 13:02:44] "GET /purchase_request/purchaseRequests/276/ HTTP/1.1" 200 429
[07/Apr/2026 13:02:44] "GET /purchase_request/purchaseRequests/265/ HTTP/1.1" 200 428
[07/Apr/2026 13:02:44] "GET /purchase_request/purchaseRequests/264/ HTTP/1.1" 200 438
[07/Apr/2026 13:02:44] "GET /purchase_request/purchaseRequests/263/ HTTP/1.1" 200 432
[07/Apr/2026 13:02:44] "GET /purchase_request/purchaseRequests/262/ HTTP/1.1" 200 446
[07/Apr/2026 13:02:44] "GET /purchase_request/purchaseRequests/261/ HTTP/1.1" 200 443
[07/Apr/2026 13:02:44] "GET /purchase_request/purchaseRequests/260/ HTTP/1.1" 200 435
[07/Apr/2026 13:02:45] "GET /purchase_request/purchaseRequests/259/ HTTP/1.1" 200 439
[07/Apr/2026 13:02:45] "GET /purchase_request/purchaseRequests/258/ HTTP/1.1" 200 432
[07/Apr/2026 13:02:45] "GET /purchase_request/purchaseRequests/257/ HTTP/1.1" 200 428
[07/Apr/2026 13:02:45] "GET /purchase_request/purchaseRequests/256/ HTTP/1.1" 200 436
[07/Apr/2026 13:02:45] "GET /purchase_request/purchaseRequests/255/ HTTP/1.1" 200 442
[07/Apr/2026 13:02:45] "GET /purchase_request/purchaseRequests/254/ HTTP/1.1" 200 412
[07/Apr/2026 13:02:45] "GET /purchase_request/purchaseRequests/253/ HTTP/1.1" 200 446
[07/Apr/2026 13:02:45] "GET /purchase_request/purchaseRequests/252/ HTTP/1.1" 200 441
[07/Apr/2026 13:02:46] "GET /purchase_request/purchaseRequests/251/ HTTP/1.1" 200 435
[07/Apr/2026 13:02:46] "GET /purchase_request/purchaseRequests/250/ HTTP/1.1" 200 543
[07/Apr/2026 13:02:46] "GET /purchase_request/purchaseRequests/249/ HTTP/1.1" 200 433
[07/Apr/2026 13:02:46] "GET /purchase_request/purchaseRequests/248/ HTTP/1.1" 200 426
[07/Apr/2026 13:02:46] "GET /purchase_request/purchaseRequests/247/ HTTP/1.1" 200 431
[07/Apr/2026 13:02:46] "GET /purchase_request/purchaseRequests/246/ HTTP/1.1" 200 431
[07/Apr/2026 13:02:46] "GET /purchase_request/purchaseRequests/245/ HTTP/1.1" 200 438
[07/Apr/2026 13:02:46] "GET /purchase_request/purchaseRequests/244/ HTTP/1.1" 200 446
[07/Apr/2026 13:02:47] "GET /purchase_request/purchaseRequests/243/ HTTP/1.1" 200 430
[07/Apr/2026 13:02:47] "GET /purchase_request/purchaseRequests/242/ HTTP/1.1" 200 443
[07/Apr/2026 13:02:47] "GET /purchase_request/purchaseRequests/241/ HTTP/1.1" 200 442
[07/Apr/2026 13:02:47] "GET /purchase_request/purchaseRequests/240/ HTTP/1.1" 200 436
[07/Apr/2026 13:02:47] "GET /purchase_request/purchaseRequests/239/ HTTP/1.1" 200 430
[07/Apr/2026 13:02:47] "GET /purchase_request/purchaseRequests/238/ HTTP/1.1" 200 432
[07/Apr/2026 13:02:47] "GET /purchase_request/purchaseRequests/237/ HTTP/1.1" 200 430
[07/Apr/2026 13:02:47] "GET /purchase_request/purchaseRequests/236/ HTTP/1.1" 200 428
[07/Apr/2026 13:02:48] "GET /purchase_request/purchaseRequests/235/ HTTP/1.1" 200 427
[07/Apr/2026 13:02:48] "GET /purchase_request/purchaseRequests/234/ HTTP/1.1" 200 411
[07/Apr/2026 13:02:48] "GET /purchase_request/purchaseRequests/233/ HTTP/1.1" 200 444
[07/Apr/2026 13:02:48] "GET /purchase_request/purchaseRequests/232/ HTTP/1.1" 200 443
[07/Apr/2026 13:02:48] "GET /purchase_request/purchaseRequests/231/ HTTP/1.1" 200 437
[07/Apr/2026 13:02:48] "GET /purchase_request/purchaseRequests/230/ HTTP/1.1" 200 443
[07/Apr/2026 13:02:48] "GET /purchase_request/purchaseRequests/229/ HTTP/1.1" 200 503
[07/Apr/2026 13:02:48] "GET /purchase_request/purchaseRequests/228/ HTTP/1.1" 200 412
[07/Apr/2026 13:02:49] "GET /purchase_request/purchaseRequests/227/ HTTP/1.1" 200 440
[07/Apr/2026 13:02:49] "GET /purchase_request/purchaseRequests/226/ HTTP/1.1" 200 411
[07/Apr/2026 13:02:49] "GET /purchase_request/purchaseRequests/225/ HTTP/1.1" 200 438
[07/Apr/2026 13:02:49] "GET /purchase_request/purchaseRequests/224/ HTTP/1.1" 200 437
[07/Apr/2026 13:02:49] "GET /purchase_request/purchaseRequests/223/ HTTP/1.1" 200 432
[07/Apr/2026 13:02:49] "GET /purchase_request/purchaseRequests/222/ HTTP/1.1" 200 442
[07/Apr/2026 13:02:49] "GET /purchase_request/purchaseRequests/221/ HTTP/1.1" 200 430
[07/Apr/2026 13:02:49] "GET /purchase_request/purchaseRequests/220/ HTTP/1.1" 200 429
[07/Apr/2026 13:02:49] "GET /purchase_request/purchaseRequests/219/ HTTP/1.1" 200 440
[07/Apr/2026 13:02:50] "GET /purchase_request/purchaseRequests/218/ HTTP/1.1" 200 428
[07/Apr/2026 13:02:50] "GET /purchase_request/purchaseRequests/217/ HTTP/1.1" 200 429
[07/Apr/2026 13:02:50] "GET /purchase_request/purchaseRequests/216/ HTTP/1.1" 200 426
[07/Apr/2026 13:02:50] "GET /purchase_request/purchaseRequests/215/ HTTP/1.1" 200 428
[07/Apr/2026 13:02:50] "GET /purchase_request/purchaseRequests/214/ HTTP/1.1" 200 436
[07/Apr/2026 13:02:50] "GET /purchase_request/purchaseRequests/206/ HTTP/1.1" 200 418
[07/Apr/2026 13:02:50] "GET /purchase_request/purchaseRequests/204/ HTTP/1.1" 200 402
[07/Apr/2026 13:02:50] "GET /purchase_request/purchaseRequests/203/ HTTP/1.1" 200 445
[07/Apr/2026 13:02:51] "GET /purchase_request/purchaseRequests/202/ HTTP/1.1" 200 438
[07/Apr/2026 13:02:51] "GET /purchase_request/purchaseRequests/200/ HTTP/1.1" 200 406
[07/Apr/2026 13:02:51] "GET /purchase_request/purchaseRequests/199/ HTTP/1.1" 200 424
[07/Apr/2026 13:02:51] "GET /purchase_request/purchaseRequests/198/ HTTP/1.1" 200 517
[07/Apr/2026 13:02:51] "GET /purchase_request/purchaseRequests/197/ HTTP/1.1" 200 426
[07/Apr/2026 13:02:51] "GET /purchase_request/purchaseRequests/192/ HTTP/1.1" 200 412
[07/Apr/2026 13:02:51] "GET /purchase_request/purchaseRequests/175/ HTTP/1.1" 200 414
[07/Apr/2026 13:02:51] "GET /purchase_request/purchaseRequests/174/ HTTP/1.1" 200 410
[07/Apr/2026 13:02:52] "GET /purchase_request/purchaseRequests/173/ HTTP/1.1" 200 412
[07/Apr/2026 13:02:52] "GET /purchase_request/purchaseRequests/156/ HTTP/1.1" 200 412
[07/Apr/2026 13:02:52] "GET /purchase_request/purchaseRequests/154/ HTTP/1.1" 200 412
[07/Apr/2026 13:02:52] "GET /purchase_request/purchaseRequests/153/ HTTP/1.1" 200 414
[07/Apr/2026 13:02:52] "GET /purchase_request/purchaseRequests/152/ HTTP/1.1" 200 414
[07/Apr/2026 13:02:52] "GET /purchase_request/purchaseRequests/149/ HTTP/1.1" 200 410
[07/Apr/2026 13:02:52] "GET /purchase_request/purchaseRequests/148/ HTTP/1.1" 200 412
[07/Apr/2026 13:02:52] "GET /purchase_request/purchaseRequests/146/ HTTP/1.1" 200 410
[07/Apr/2026 13:02:53] "GET /purchase_request/purchaseRequests/131/ HTTP/1.1" 200 400
[07/Apr/2026 13:02:53] "GET /purchase_request/purchaseRequests/127/ HTTP/1.1" 200 414
[07/Apr/2026 13:02:53] "GET /purchase_request/purchaseRequests/123/ HTTP/1.1" 200 414
[07/Apr/2026 13:02:53] "GET /purchase_request/purchaseRequests/122/ HTTP/1.1" 200 409
[07/Apr/2026 13:02:53] "GET /purchase_request/purchaseRequests/115/ HTTP/1.1" 200 412
[07/Apr/2026 13:02:53] "GET /purchase_request/purchaseRequests/110/ HTTP/1.1" 200 415
[07/Apr/2026 13:03:14] "GET /datatable/po/list/?start_date=2026-01-07&end_date=2026-04-07&page=1&page_size=10 HTTP/1.1" 200 7653
[07/Apr/2026 13:04:41] "GET /datatable/po/list/?start_date=2026-01-07&end_date=2026-04-07&page=1&page_size=10 HTTP/1.1" 200 7653
[07/Apr/2026 13:04:41] "GET /datatable/po/list/?start_date=2026-01-07&end_date=2026-04-07&page=1&page_size=10 HTTP/1.1" 200 7653
[07/Apr/2026 13:04:41] "GET /purchase_request/purchaseRequests/293/ HTTP/1.1" 200 421
[07/Apr/2026 13:04:41] "GET /stats/po/total-price-dinar/?start_date=2026-01-07&end_date=2026-04-07 HTTP/1.1" 200 71
[07/Apr/2026 13:04:41] "GET /stats/po/totals/?group_by=summary&start_date=2026-01-07&end_date=2026-04-07&status=approved%2Crejected HTTP/1.1" 200 62
[07/Apr/2026 13:04:41] "GET /datatable/po/list/?start_date=2026-01-07&end_date=2026-04-07&page=1&page_size=10 HTTP/1.1" 200 7653
[07/Apr/2026 13:04:41] "GET /purchase_request/purchaseRequests/288/ HTTP/1.1" 200 436
[07/Apr/2026 13:04:41] "GET /purchase_request/purchaseRequests/287/ HTTP/1.1" 200 431
[07/Apr/2026 13:04:42] "GET /purchase_request/purchaseRequests/286/ HTTP/1.1" 200 438
[07/Apr/2026 13:04:42] "GET /purchase_request/purchaseRequests/285/ HTTP/1.1" 200 443
[07/Apr/2026 13:04:42] "GET /purchase_request/purchaseRequests/284/ HTTP/1.1" 200 432
[07/Apr/2026 13:04:42] "GET /purchase_request/purchaseRequests/283/ HTTP/1.1" 200 438
[07/Apr/2026 13:04:42] "GET /purchase_request/purchaseRequests/282/ HTTP/1.1" 200 444
[07/Apr/2026 13:04:42] "GET /purchase_request/purchaseRequests/281/ HTTP/1.1" 200 443
[07/Apr/2026 13:04:42] "GET /purchase_request/purchaseRequests/280/ HTTP/1.1" 200 446
[07/Apr/2026 13:04:42] "GET /purchase_request/purchaseRequests/279/ HTTP/1.1" 200 435
[07/Apr/2026 13:04:43] "GET /purchase_request/purchaseRequests/278/ HTTP/1.1" 200 429
[07/Apr/2026 13:04:43] "GET /purchase_request/purchaseRequests/277/ HTTP/1.1" 200 432
[07/Apr/2026 13:04:43] "GET /purchase_request/purchaseRequests/276/ HTTP/1.1" 200 429
[07/Apr/2026 13:04:43] "GET /purchase_request/purchaseRequests/265/ HTTP/1.1" 200 428
[07/Apr/2026 13:04:43] "GET /purchase_request/purchaseRequests/264/ HTTP/1.1" 200 438
[07/Apr/2026 13:04:43] "GET /purchase_request/purchaseRequests/263/ HTTP/1.1" 200 432
[07/Apr/2026 13:04:43] "GET /purchase_request/purchaseRequests/262/ HTTP/1.1" 200 446
[07/Apr/2026 13:04:43] "GET /purchase_request/purchaseRequests/261/ HTTP/1.1" 200 443
[07/Apr/2026 13:04:44] "GET /purchase_request/purchaseRequests/260/ HTTP/1.1" 200 435
[07/Apr/2026 13:04:44] "GET /category/category/ HTTP/1.1" 200 8743
[07/Apr/2026 13:04:44] "GET /purchase_request/purchaseRequests/259/ HTTP/1.1" 200 439
[07/Apr/2026 13:04:44] "GET /category/category/ HTTP/1.1" 200 8743
[07/Apr/2026 13:04:44] "GET /purchase_request/purchaseRequests/258/ HTTP/1.1" 200 432
[07/Apr/2026 13:04:44] "GET /purchase_request/purchaseRequests/257/ HTTP/1.1" 200 428
[07/Apr/2026 13:04:44] "GET /purchase_request/purchaseRequests/256/ HTTP/1.1" 200 436
[07/Apr/2026 13:04:44] "GET /purchase_request/purchaseRequests/255/ HTTP/1.1" 200 442
[07/Apr/2026 13:04:44] "GET /purchase_request/purchaseRequests/254/ HTTP/1.1" 200 412
[07/Apr/2026 13:04:45] "GET /purchase_request/purchaseRequests/253/ HTTP/1.1" 200 446
[07/Apr/2026 13:04:45] "GET /purchase_request/purchaseRequests/252/ HTTP/1.1" 200 441
[07/Apr/2026 13:04:45] "GET /purchase_request/purchaseRequests/251/ HTTP/1.1" 200 435
[07/Apr/2026 13:04:45] "GET /purchase_request/purchaseRequests/250/ HTTP/1.1" 200 543
[07/Apr/2026 13:04:45] "GET /purchase_request/purchaseRequests/249/ HTTP/1.1" 200 433
[07/Apr/2026 13:04:45] "GET /purchase_request/purchaseRequests/248/ HTTP/1.1" 200 426
[07/Apr/2026 13:04:45] "GET /purchase_request/purchaseRequests/247/ HTTP/1.1" 200 431
[07/Apr/2026 13:04:45] "GET /purchase_request/purchaseRequests/246/ HTTP/1.1" 200 431
[07/Apr/2026 13:04:45] "OPTIONS /category/category/?parent_category=34 HTTP/1.1" 200 0
[07/Apr/2026 13:04:46] "GET /purchase_request/purchaseRequests/245/ HTTP/1.1" 200 438
[07/Apr/2026 13:04:46] "GET /category/category/?parent_category=34 HTTP/1.1" 200 460
[07/Apr/2026 13:04:46] "GET /purchase_request/purchaseRequests/244/ HTTP/1.1" 200 446
[07/Apr/2026 13:04:46] "GET /purchase_request/purchaseRequests/243/ HTTP/1.1" 200 430
[07/Apr/2026 13:04:46] "GET /purchase_request/purchaseRequests/242/ HTTP/1.1" 200 443
[07/Apr/2026 13:04:46] "GET /purchase_request/purchaseRequests/241/ HTTP/1.1" 200 442
[07/Apr/2026 13:04:46] "GET /purchase_request/purchaseRequests/240/ HTTP/1.1" 200 436
[07/Apr/2026 13:04:46] "GET /purchase_request/purchaseRequests/239/ HTTP/1.1" 200 430
[07/Apr/2026 13:04:46] "GET /purchase_request/purchaseRequests/238/ HTTP/1.1" 200 432
[07/Apr/2026 13:04:47] "GET /purchase_request/purchaseRequests/237/ HTTP/1.1" 200 430
[07/Apr/2026 13:04:47] "GET /purchase_request/purchaseRequests/236/ HTTP/1.1" 200 428
[07/Apr/2026 13:04:47] "GET /purchase_request/purchaseRequests/235/ HTTP/1.1" 200 427
[07/Apr/2026 13:04:47] "GET /purchase_request/purchaseRequests/234/ HTTP/1.1" 200 411
[07/Apr/2026 13:04:47] "GET /purchase_request/purchaseRequests/233/ HTTP/1.1" 200 444
[07/Apr/2026 13:04:47] "GET /purchase_request/purchaseRequests/232/ HTTP/1.1" 200 443
[07/Apr/2026 13:04:47] "GET /purchase_request/purchaseRequests/231/ HTTP/1.1" 200 437
[07/Apr/2026 13:04:47] "GET /purchase_request/purchaseRequests/230/ HTTP/1.1" 200 443
[07/Apr/2026 13:04:48] "GET /purchase_request/purchaseRequests/229/ HTTP/1.1" 200 503
[07/Apr/2026 13:04:48] "GET /purchase_request/purchaseRequests/228/ HTTP/1.1" 200 412
[07/Apr/2026 13:04:48] "GET /purchase_request/purchaseRequests/227/ HTTP/1.1" 200 440
[07/Apr/2026 13:04:48] "GET /purchase_request/purchaseRequests/226/ HTTP/1.1" 200 411
[07/Apr/2026 13:04:48] "GET /purchase_request/purchaseRequests/225/ HTTP/1.1" 200 438
[07/Apr/2026 13:04:48] "GET /purchase_request/purchaseRequests/224/ HTTP/1.1" 200 437
[07/Apr/2026 13:04:48] "GET /purchase_request/purchaseRequests/223/ HTTP/1.1" 200 432
[07/Apr/2026 13:04:48] "GET /purchase_request/purchaseRequests/222/ HTTP/1.1" 200 442
[07/Apr/2026 13:04:48] "GET /purchase_request/purchaseRequests/221/ HTTP/1.1" 200 430
[07/Apr/2026 13:04:49] "GET /purchase_request/purchaseRequests/220/ HTTP/1.1" 200 429
[07/Apr/2026 13:04:49] "GET /purchase_request/purchaseRequests/219/ HTTP/1.1" 200 440
[07/Apr/2026 13:04:49] "GET /purchase_request/purchaseRequests/218/ HTTP/1.1" 200 428
[07/Apr/2026 13:04:49] "GET /purchase_request/purchaseRequests/217/ HTTP/1.1" 200 429
[07/Apr/2026 13:04:49] "GET /purchase_request/purchaseRequests/216/ HTTP/1.1" 200 426
[07/Apr/2026 13:04:49] "GET /purchase_request/purchaseRequests/215/ HTTP/1.1" 200 428
[07/Apr/2026 13:04:49] "GET /purchase_request/purchaseRequests/214/ HTTP/1.1" 200 436
[07/Apr/2026 13:04:49] "GET /purchase_request/purchaseRequests/206/ HTTP/1.1" 200 418
[07/Apr/2026 13:04:50] "GET /purchase_request/purchaseRequests/204/ HTTP/1.1" 200 402
[07/Apr/2026 13:04:50] "GET /purchase_request/purchaseRequests/203/ HTTP/1.1" 200 445
[07/Apr/2026 13:04:50] "GET /purchase_request/purchaseRequests/202/ HTTP/1.1" 200 438
[07/Apr/2026 13:04:50] "GET /purchase_request/purchaseRequests/200/ HTTP/1.1" 200 406
[07/Apr/2026 13:04:50] "GET /purchase_request/purchaseRequests/199/ HTTP/1.1" 200 424
[07/Apr/2026 13:04:50] "GET /purchase_request/purchaseRequests/198/ HTTP/1.1" 200 517
[07/Apr/2026 13:04:50] "GET /purchase_request/purchaseRequests/197/ HTTP/1.1" 200 426
[07/Apr/2026 13:04:50] "GET /purchase_request/purchaseRequests/192/ HTTP/1.1" 200 412
[07/Apr/2026 13:04:51] "GET /purchase_request/purchaseRequests/175/ HTTP/1.1" 200 414
[07/Apr/2026 13:04:51] "GET /purchase_request/purchaseRequests/174/ HTTP/1.1" 200 410
[07/Apr/2026 13:04:51] "GET /purchase_request/purchaseRequests/173/ HTTP/1.1" 200 412
[07/Apr/2026 13:04:51] "GET /purchase_request/purchaseRequests/156/ HTTP/1.1" 200 412
[07/Apr/2026 13:04:51] "GET /purchase_request/purchaseRequests/154/ HTTP/1.1" 200 412
[07/Apr/2026 13:04:51] "GET /purchase_request/purchaseRequests/153/ HTTP/1.1" 200 414
[07/Apr/2026 13:04:52] "GET /purchase_request/purchaseRequests/152/ HTTP/1.1" 200 414
[07/Apr/2026 13:04:52] "GET /purchase_request/purchaseRequests/149/ HTTP/1.1" 200 410
[07/Apr/2026 13:04:52] "GET /purchase_request/purchaseRequests/148/ HTTP/1.1" 200 412
[07/Apr/2026 13:04:52] "GET /purchase_request/purchaseRequests/146/ HTTP/1.1" 200 410
[07/Apr/2026 13:04:52] "GET /purchase_request/purchaseRequests/131/ HTTP/1.1" 200 400
[07/Apr/2026 13:04:52] "GET /purchase_request/purchaseRequests/127/ HTTP/1.1" 200 414
[07/Apr/2026 13:04:52] "GET /purchase_request/purchaseRequests/123/ HTTP/1.1" 200 414
[07/Apr/2026 13:04:52] "GET /purchase_request/purchaseRequests/122/ HTTP/1.1" 200 409
[07/Apr/2026 13:04:53] "GET /purchase_request/purchaseRequests/115/ HTTP/1.1" 200 412
[07/Apr/2026 13:04:53] "GET /purchase_request/purchaseRequests/110/ HTTP/1.1" 200 415
[07/Apr/2026 13:13:31] "OPTIONS /reject_reasons/rejectReasons/ HTTP/1.1" 200 0
[07/Apr/2026 13:13:31] "GET /reject_reasons/rejectReasons/ HTTP/1.1" 200 543
[07/Apr/2026 13:13:44] "GET /department/departments/ HTTP/1.1" 200 521
[07/Apr/2026 13:13:49] "GET /department/departments/ HTTP/1.1" 200 521
[07/Apr/2026 13:13:51] "OPTIONS /role/roles/ HTTP/1.1" 200 0
[07/Apr/2026 13:13:52] "GET /role/roles/ HTTP/1.1" 200 347
[07/Apr/2026 13:14:09] "GET /user/users-with-details-list/ HTTP/1.1" 200 6529
[07/Apr/2026 14:25:23] "OPTIONS /purchase_order/purchaseOrders/ HTTP/1.1" 200 0
[07/Apr/2026 14:25:23] "GET /purchase_order/purchaseOrders/ HTTP/1.1" 200 8369
[07/Apr/2026 14:25:23] "OPTIONS /category/category/ HTTP/1.1" 200 0
[07/Apr/2026 14:25:24] "OPTIONS /purchase_order/purchaseOrders/288/ HTTP/1.1" 200 0
[07/Apr/2026 14:25:24] "GET /category/category/ HTTP/1.1" 200 8743
[07/Apr/2026 14:25:24] "PATCH /purchase_order/purchaseOrders/288/ HTTP/1.1" 200 764
[07/Apr/2026 14:25:24] "GET /purchase_order/purchaseOrders/ HTTP/1.1" 200 8368
[07/Apr/2026 14:25:24] "GET /purchase_order/purchaseOrders/ HTTP/1.1" 200 8368
[07/Apr/2026 14:25:28] "OPTIONS /user/users-with-details-list/ HTTP/1.1" 200 0
[07/Apr/2026 14:25:28] "GET /user/users-with-details-list/ HTTP/1.1" 200 6529
[07/Apr/2026 14:25:28] "OPTIONS /purchase_request/purchaseRequests/?page=1&page_size=10 HTTP/1.1" 200 0
[07/Apr/2026 14:25:28] "GET /purchase_request/purchaseRequests/?page=1&page_size=10 HTTP/1.1" 200 39379
[07/Apr/2026 14:25:28] "GET /category/category/ HTTP/1.1" 200 8743
[07/Apr/2026 14:25:29] "GET /purchase_order/purchaseOrders/ HTTP/1.1" 200 8368
[07/Apr/2026 14:25:29] "GET /category/category/ HTTP/1.1" 200 8743
[07/Apr/2026 14:25:30] "GET /user/users-with-details-list/ HTTP/1.1" 200 6529
[07/Apr/2026 14:25:30] "GET /purchase_request/purchaseRequests/?page=1&page_size=10 HTTP/1.1" 200 39379
[07/Apr/2026 14:25:30] "GET /category/category/ HTTP/1.1" 200 8743
[07/Apr/2026 14:25:32] "GET /purchase_order/purchaseOrders/ HTTP/1.1" 200 8368
[07/Apr/2026 14:25:32] "GET /category/category/ HTTP/1.1" 200 8743
[07/Apr/2026 14:25:33] "GET /purchase_order/purchaseOrders/ HTTP/1.1" 200 8368
[07/Apr/2026 14:25:33] "GET /category/category/ HTTP/1.1" 200 8743
[07/Apr/2026 14:25:34] "GET /purchase_order/purchaseOrders/ HTTP/1.1" 200 8368
[07/Apr/2026 14:25:34] "GET /category/category/ HTTP/1.1" 200 8743
[07/Apr/2026 14:25:40] "GET /user/users-with-details-list/ HTTP/1.1" 200 6529
[07/Apr/2026 14:25:40] "GET /purchase_request/purchaseRequests/?page=1&page_size=10 HTTP/1.1" 200 39379
[07/Apr/2026 14:25:40] "GET /category/category/ HTTP/1.1" 200 8743
[07/Apr/2026 14:25:41] "GET /category/category/ HTTP/1.1" 200 8743
[07/Apr/2026 14:25:42] "OPTIONS /purchase_request/purchaseRequests/293/ HTTP/1.1" 200 0
[07/Apr/2026 14:25:42] "PATCH /purchase_request/purchaseRequests/293/ HTTP/1.1" 200 419
[07/Apr/2026 14:25:43] "GET /purchase_request/purchaseRequests/?page=1&page_size=10 HTTP/1.1" 200 39377
[07/Apr/2026 14:25:44] "GET /category/category/ HTTP/1.1" 200 8743
[07/Apr/2026 14:25:46] "OPTIONS /supplier/supplier/ HTTP/1.1" 200 0
[07/Apr/2026 14:25:46] "GET /category/category/ HTTP/1.1" 200 8743
[07/Apr/2026 14:25:46] "GET /supplier/supplier/ HTTP/1.1" 200 3142
[07/Apr/2026 14:25:59] "POST /purchase_order/purchaseOrders/ HTTP/1.1" 201 721
[07/Apr/2026 14:25:59] "GET /purchase_order/purchaseOrders/ HTTP/1.1" 200 9090
[07/Apr/2026 14:25:59] "PATCH /purchase_request/purchaseRequests/293/ HTTP/1.1" 200 422
[07/Apr/2026 14:26:00] "GET /purchase_request/purchaseRequests/?page=1&page_size=10 HTTP/1.1" 200 39380
[07/Apr/2026 14:26:02] "GET /purchase_request/purchaseRequests/?page=1&page_size=10 HTTP/1.1" 200 39380
[07/Apr/2026 14:26:04] "GET /purchase_order/purchaseOrders/ HTTP/1.1" 200 9090
[07/Apr/2026 14:26:04] "GET /category/category/ HTTP/1.1" 200 8743
[07/Apr/2026 14:26:10] "OPTIONS /department/departments/ HTTP/1.1" 200 0
[07/Apr/2026 14:26:10] "GET /user/users-with-details-list/ HTTP/1.1" 200 6529
[07/Apr/2026 14:26:10] "GET /department/departments/ HTTP/1.1" 200 521
[07/Apr/2026 14:26:10] "OPTIONS /stats/po/totals/?group_by=summary&start_date=2026-01-07&end_date=2026-04-07&status=approved%2Crejected HTTP/1.1" 200 0
[07/Apr/2026 14:26:10] "OPTIONS /stats/po/total-price-dinar/?start_date=2026-01-07&end_date=2026-04-07 HTTP/1.1" 200 0
[07/Apr/2026 14:26:10] "OPTIONS /datatable/po/list/?start_date=2026-01-07&end_date=2026-04-07&page=1&page_size=10 HTTP/1.1" 200 0
[07/Apr/2026 14:26:10] "GET /purchase_request/purchaseRequests/293/ HTTP/1.1" 200 422
[07/Apr/2026 14:26:10] "GET /stats/po/total-price-dinar/?start_date=2026-01-07&end_date=2026-04-07 HTTP/1.1" 200 71
[07/Apr/2026 14:26:10] "GET /stats/po/totals/?group_by=summary&start_date=2026-01-07&end_date=2026-04-07&status=approved%2Crejected HTTP/1.1" 200 62
[07/Apr/2026 14:26:10] "OPTIONS /purchase_request/purchaseRequests/288/ HTTP/1.1" 200 0
[07/Apr/2026 14:26:10] "GET /datatable/po/list/?start_date=2026-01-07&end_date=2026-04-07&page=1&page_size=10 HTTP/1.1" 200 7652
[07/Apr/2026 14:26:10] "GET /purchase_request/purchaseRequests/288/ HTTP/1.1" 200 436
[07/Apr/2026 14:26:11] "OPTIONS /purchase_request/purchaseRequests/287/ HTTP/1.1" 200 0
[07/Apr/2026 14:26:11] "GET /purchase_request/purchaseRequests/287/ HTTP/1.1" 200 431
[07/Apr/2026 14:26:11] "OPTIONS /purchase_request/purchaseRequests/286/ HTTP/1.1" 200 0
[07/Apr/2026 14:26:11] "GET /purchase_request/purchaseRequests/286/ HTTP/1.1" 200 438
[07/Apr/2026 14:26:11] "OPTIONS /purchase_request/purchaseRequests/285/ HTTP/1.1" 200 0
[07/Apr/2026 14:26:11] "GET /purchase_request/purchaseRequests/285/ HTTP/1.1" 200 443
[07/Apr/2026 14:26:11] "OPTIONS /purchase_request/purchaseRequests/284/ HTTP/1.1" 200 0
[07/Apr/2026 14:26:11] "GET /purchase_request/purchaseRequests/284/ HTTP/1.1" 200 432
[07/Apr/2026 14:26:11] "OPTIONS /purchase_request/purchaseRequests/283/ HTTP/1.1" 200 0
[07/Apr/2026 14:26:12] "GET /purchase_request/purchaseRequests/283/ HTTP/1.1" 200 438
[07/Apr/2026 14:26:12] "OPTIONS /purchase_request/purchaseRequests/282/ HTTP/1.1" 200 0
[07/Apr/2026 14:26:12] "GET /purchase_request/purchaseRequests/282/ HTTP/1.1" 200 444
[07/Apr/2026 14:26:12] "OPTIONS /purchase_request/purchaseRequests/281/ HTTP/1.1" 200 0
[07/Apr/2026 14:26:12] "GET /purchase_request/purchaseRequests/281/ HTTP/1.1" 200 443
[07/Apr/2026 14:26:12] "OPTIONS /purchase_request/purchaseRequests/280/ HTTP/1.1" 200 0
[07/Apr/2026 14:26:12] "GET /purchase_request/purchaseRequests/280/ HTTP/1.1" 200 446
[07/Apr/2026 14:26:12] "OPTIONS /purchase_request/purchaseRequests/279/ HTTP/1.1" 200 0
[07/Apr/2026 14:26:12] "GET /purchase_request/purchaseRequests/279/ HTTP/1.1" 200 435
[07/Apr/2026 14:26:13] "OPTIONS /purchase_request/purchaseRequests/278/ HTTP/1.1" 200 0
[07/Apr/2026 14:26:13] "GET /purchase_request/purchaseRequests/278/ HTTP/1.1" 200 429
[07/Apr/2026 14:26:13] "OPTIONS /purchase_request/purchaseRequests/277/ HTTP/1.1" 200 0
[07/Apr/2026 14:26:13] "GET /purchase_request/purchaseRequests/277/ HTTP/1.1" 200 432
[07/Apr/2026 14:26:13] "OPTIONS /purchase_request/purchaseRequests/276/ HTTP/1.1" 200 0
[07/Apr/2026 14:26:13] "GET /purchase_request/purchaseRequests/276/ HTTP/1.1" 200 429
[07/Apr/2026 14:26:13] "OPTIONS /purchase_request/purchaseRequests/265/ HTTP/1.1" 200 0
[07/Apr/2026 14:26:13] "GET /purchase_request/purchaseRequests/265/ HTTP/1.1" 200 428
[07/Apr/2026 14:26:14] "OPTIONS /purchase_request/purchaseRequests/264/ HTTP/1.1" 200 0
[07/Apr/2026 14:26:14] "GET /purchase_order/purchaseOrders/ HTTP/1.1" 200 9090
[07/Apr/2026 14:26:14] "GET /category/category/ HTTP/1.1" 200 8743
[07/Apr/2026 14:26:14] "GET /purchase_request/purchaseRequests/264/ HTTP/1.1" 200 438
[07/Apr/2026 14:26:14] "OPTIONS /purchase_request/purchaseRequests/263/ HTTP/1.1" 200 0
[07/Apr/2026 14:26:14] "GET /purchase_request/purchaseRequests/263/ HTTP/1.1" 200 432
[07/Apr/2026 14:26:14] "OPTIONS /purchase_request/purchaseRequests/262/ HTTP/1.1" 200 0
[07/Apr/2026 14:26:14] "GET /purchase_request/purchaseRequests/262/ HTTP/1.1" 200 446
[07/Apr/2026 14:26:14] "OPTIONS /purchase_request/purchaseRequests/261/ HTTP/1.1" 200 0
[07/Apr/2026 14:26:14] "GET /purchase_request/purchaseRequests/261/ HTTP/1.1" 200 443
[07/Apr/2026 14:26:14] "OPTIONS /purchase_request/purchaseRequests/260/ HTTP/1.1" 200 0
[07/Apr/2026 14:26:15] "GET /purchase_request/purchaseRequests/260/ HTTP/1.1" 200 435
[07/Apr/2026 14:26:15] "OPTIONS /purchase_request/purchaseRequests/259/ HTTP/1.1" 200 0
[07/Apr/2026 14:26:15] "GET /purchase_request/purchaseRequests/259/ HTTP/1.1" 200 439
[07/Apr/2026 14:26:15] "OPTIONS /purchase_request/purchaseRequests/258/ HTTP/1.1" 200 0
[07/Apr/2026 14:26:15] "GET /purchase_request/purchaseRequests/258/ HTTP/1.1" 200 432
[07/Apr/2026 14:26:15] "OPTIONS /purchase_request/purchaseRequests/257/ HTTP/1.1" 200 0
[07/Apr/2026 14:26:15] "GET /purchase_request/purchaseRequests/257/ HTTP/1.1" 200 428
[07/Apr/2026 14:26:15] "OPTIONS /purchase_request/purchaseRequests/256/ HTTP/1.1" 200 0
[07/Apr/2026 14:26:16] "GET /purchase_request/purchaseRequests/256/ HTTP/1.1" 200 436
[07/Apr/2026 14:26:16] "OPTIONS /purchase_request/purchaseRequests/255/ HTTP/1.1" 200 0
[07/Apr/2026 14:26:16] "GET /purchase_request/purchaseRequests/255/ HTTP/1.1" 200 442
[07/Apr/2026 14:26:16] "OPTIONS /purchase_request/purchaseRequests/254/ HTTP/1.1" 200 0
[07/Apr/2026 14:26:16] "GET /purchase_request/purchaseRequests/254/ HTTP/1.1" 200 412
[07/Apr/2026 14:26:16] "OPTIONS /purchase_request/purchaseRequests/253/ HTTP/1.1" 200 0
[07/Apr/2026 14:26:16] "GET /purchase_request/purchaseRequests/253/ HTTP/1.1" 200 446
[07/Apr/2026 14:26:16] "OPTIONS /purchase_request/purchaseRequests/252/ HTTP/1.1" 200 0
[07/Apr/2026 14:26:16] "GET /purchase_request/purchaseRequests/252/ HTTP/1.1" 200 441
[07/Apr/2026 14:26:17] "OPTIONS /purchase_request/purchaseRequests/251/ HTTP/1.1" 200 0
[07/Apr/2026 14:26:17] "GET /purchase_request/purchaseRequests/251/ HTTP/1.1" 200 435
[07/Apr/2026 14:26:17] "OPTIONS /purchase_request/purchaseRequests/250/ HTTP/1.1" 200 0
[07/Apr/2026 14:26:17] "GET /purchase_request/purchaseRequests/250/ HTTP/1.1" 200 543
[07/Apr/2026 14:26:17] "OPTIONS /purchase_request/purchaseRequests/249/ HTTP/1.1" 200 0
[07/Apr/2026 14:26:17] "GET /purchase_request/purchaseRequests/249/ HTTP/1.1" 200 433
[07/Apr/2026 14:26:17] "OPTIONS /purchase_request/purchaseRequests/248/ HTTP/1.1" 200 0
[07/Apr/2026 14:26:17] "GET /purchase_request/purchaseRequests/248/ HTTP/1.1" 200 426
[07/Apr/2026 14:26:18] "OPTIONS /purchase_request/purchaseRequests/247/ HTTP/1.1" 200 0
[07/Apr/2026 14:26:18] "GET /purchase_request/purchaseRequests/247/ HTTP/1.1" 200 431
[07/Apr/2026 14:26:18] "OPTIONS /purchase_request/purchaseRequests/246/ HTTP/1.1" 200 0
[07/Apr/2026 14:26:18] "GET /purchase_request/purchaseRequests/246/ HTTP/1.1" 200 431
[07/Apr/2026 14:26:18] "OPTIONS /purchase_request/purchaseRequests/245/ HTTP/1.1" 200 0
[07/Apr/2026 14:26:18] "GET /purchase_request/purchaseRequests/245/ HTTP/1.1" 200 438
[07/Apr/2026 14:26:18] "OPTIONS /purchase_request/purchaseRequests/244/ HTTP/1.1" 200 0
[07/Apr/2026 14:26:18] "GET /purchase_request/purchaseRequests/244/ HTTP/1.1" 200 446
[07/Apr/2026 14:26:18] "OPTIONS /purchase_request/purchaseRequests/243/ HTTP/1.1" 200 0
[07/Apr/2026 14:26:19] "GET /purchase_request/purchaseRequests/243/ HTTP/1.1" 200 430
[07/Apr/2026 14:26:19] "OPTIONS /purchase_request/purchaseRequests/242/ HTTP/1.1" 200 0
[07/Apr/2026 14:26:19] "GET /purchase_request/purchaseRequests/242/ HTTP/1.1" 200 443
[07/Apr/2026 14:26:19] "OPTIONS /purchase_request/purchaseRequests/241/ HTTP/1.1" 200 0
[07/Apr/2026 14:26:19] "GET /purchase_request/purchaseRequests/241/ HTTP/1.1" 200 442
[07/Apr/2026 14:26:19] "OPTIONS /purchase_request/purchaseRequests/240/ HTTP/1.1" 200 0
[07/Apr/2026 14:26:19] "GET /purchase_request/purchaseRequests/240/ HTTP/1.1" 200 436
[07/Apr/2026 14:26:19] "OPTIONS /purchase_request/purchaseRequests/239/ HTTP/1.1" 200 0
[07/Apr/2026 14:26:20] "GET /purchase_request/purchaseRequests/239/ HTTP/1.1" 200 430
[07/Apr/2026 14:26:20] "OPTIONS /purchase_request/purchaseRequests/238/ HTTP/1.1" 200 0
[07/Apr/2026 14:26:20] "GET /purchase_request/purchaseRequests/238/ HTTP/1.1" 200 432
[07/Apr/2026 14:26:20] "OPTIONS /purchase_request/purchaseRequests/237/ HTTP/1.1" 200 0
[07/Apr/2026 14:26:20] "GET /purchase_request/purchaseRequests/237/ HTTP/1.1" 200 430
[07/Apr/2026 14:26:20] "OPTIONS /purchase_request/purchaseRequests/236/ HTTP/1.1" 200 0
[07/Apr/2026 14:26:21] "GET /purchase_request/purchaseRequests/236/ HTTP/1.1" 200 428
[07/Apr/2026 14:26:21] "OPTIONS /purchase_request/purchaseRequests/235/ HTTP/1.1" 200 0
[07/Apr/2026 14:26:21] "GET /purchase_request/purchaseRequests/235/ HTTP/1.1" 200 427
[07/Apr/2026 14:26:21] "OPTIONS /purchase_request/purchaseRequests/234/ HTTP/1.1" 200 0
[07/Apr/2026 14:26:21] "GET /purchase_request/purchaseRequests/234/ HTTP/1.1" 200 411
[07/Apr/2026 14:26:21] "OPTIONS /purchase_request/purchaseRequests/233/ HTTP/1.1" 200 0
[07/Apr/2026 14:26:21] "GET /purchase_request/purchaseRequests/233/ HTTP/1.1" 200 444
[07/Apr/2026 14:26:21] "OPTIONS /purchase_request/purchaseRequests/232/ HTTP/1.1" 200 0
[07/Apr/2026 14:26:21] "GET /purchase_request/purchaseRequests/232/ HTTP/1.1" 200 443
[07/Apr/2026 14:26:22] "OPTIONS /purchase_request/purchaseRequests/231/ HTTP/1.1" 200 0
[07/Apr/2026 14:26:22] "GET /purchase_request/purchaseRequests/231/ HTTP/1.1" 200 437
[07/Apr/2026 14:26:22] "OPTIONS /purchase_request/purchaseRequests/230/ HTTP/1.1" 200 0
[07/Apr/2026 14:26:22] "GET /purchase_request/purchaseRequests/230/ HTTP/1.1" 200 443
[07/Apr/2026 14:26:22] "OPTIONS /purchase_request/purchaseRequests/229/ HTTP/1.1" 200 0
[07/Apr/2026 14:26:22] "GET /purchase_request/purchaseRequests/229/ HTTP/1.1" 200 503
[07/Apr/2026 14:26:22] "OPTIONS /purchase_request/purchaseRequests/228/ HTTP/1.1" 200 0
[07/Apr/2026 14:26:22] "GET /purchase_request/purchaseRequests/228/ HTTP/1.1" 200 412
[07/Apr/2026 14:26:22] "OPTIONS /purchase_request/purchaseRequests/227/ HTTP/1.1" 200 0
[07/Apr/2026 14:26:23] "GET /purchase_request/purchaseRequests/227/ HTTP/1.1" 200 440
[07/Apr/2026 14:26:23] "OPTIONS /purchase_request/purchaseRequests/226/ HTTP/1.1" 200 0
[07/Apr/2026 14:26:23] "GET /purchase_request/purchaseRequests/226/ HTTP/1.1" 200 411
[07/Apr/2026 14:26:23] "OPTIONS /purchase_request/purchaseRequests/225/ HTTP/1.1" 200 0
[07/Apr/2026 14:26:23] "GET /purchase_request/purchaseRequests/225/ HTTP/1.1" 200 438
[07/Apr/2026 14:26:23] "OPTIONS /purchase_request/purchaseRequests/224/ HTTP/1.1" 200 0
[07/Apr/2026 14:26:23] "GET /purchase_request/purchaseRequests/224/ HTTP/1.1" 200 437
[07/Apr/2026 14:26:23] "OPTIONS /purchase_request/purchaseRequests/223/ HTTP/1.1" 200 0
[07/Apr/2026 14:26:24] "GET /purchase_request/purchaseRequests/223/ HTTP/1.1" 200 432
[07/Apr/2026 14:26:24] "OPTIONS /purchase_request/purchaseRequests/222/ HTTP/1.1" 200 0
[07/Apr/2026 14:26:24] "GET /purchase_request/purchaseRequests/222/ HTTP/1.1" 200 442
[07/Apr/2026 14:26:24] "OPTIONS /purchase_request/purchaseRequests/221/ HTTP/1.1" 200 0
[07/Apr/2026 14:26:24] "GET /purchase_request/purchaseRequests/221/ HTTP/1.1" 200 430
[07/Apr/2026 14:26:24] "OPTIONS /purchase_request/purchaseRequests/220/ HTTP/1.1" 200 0
[07/Apr/2026 14:26:24] "GET /purchase_request/purchaseRequests/220/ HTTP/1.1" 200 429
[07/Apr/2026 14:26:24] "OPTIONS /purchase_request/purchaseRequests/219/ HTTP/1.1" 200 0
[07/Apr/2026 14:26:24] "GET /purchase_request/purchaseRequests/219/ HTTP/1.1" 200 440
[07/Apr/2026 14:26:25] "OPTIONS /purchase_request/purchaseRequests/218/ HTTP/1.1" 200 0
[07/Apr/2026 14:26:25] "GET /purchase_request/purchaseRequests/218/ HTTP/1.1" 200 428
[07/Apr/2026 14:26:25] "OPTIONS /purchase_request/purchaseRequests/217/ HTTP/1.1" 200 0
[07/Apr/2026 14:26:25] "GET /purchase_request/purchaseRequests/217/ HTTP/1.1" 200 429
[07/Apr/2026 14:26:25] "OPTIONS /purchase_request/purchaseRequests/216/ HTTP/1.1" 200 0
[07/Apr/2026 14:26:25] "GET /purchase_request/purchaseRequests/216/ HTTP/1.1" 200 426
[07/Apr/2026 14:26:25] "OPTIONS /purchase_request/purchaseRequests/215/ HTTP/1.1" 200 0
[07/Apr/2026 14:26:25] "GET /purchase_request/purchaseRequests/215/ HTTP/1.1" 200 428
[07/Apr/2026 14:26:25] "OPTIONS /purchase_request/purchaseRequests/214/ HTTP/1.1" 200 0
[07/Apr/2026 14:26:26] "GET /purchase_request/purchaseRequests/214/ HTTP/1.1" 200 436
[07/Apr/2026 14:26:26] "OPTIONS /purchase_request/purchaseRequests/206/ HTTP/1.1" 200 0
[07/Apr/2026 14:26:26] "GET /purchase_request/purchaseRequests/206/ HTTP/1.1" 200 418
[07/Apr/2026 14:26:26] "OPTIONS /purchase_request/purchaseRequests/204/ HTTP/1.1" 200 0
[07/Apr/2026 14:26:26] "GET /purchase_request/purchaseRequests/204/ HTTP/1.1" 200 402
[07/Apr/2026 14:26:26] "OPTIONS /purchase_request/purchaseRequests/203/ HTTP/1.1" 200 0
[07/Apr/2026 14:26:26] "GET /purchase_request/purchaseRequests/203/ HTTP/1.1" 200 445
[07/Apr/2026 14:26:26] "OPTIONS /purchase_request/purchaseRequests/202/ HTTP/1.1" 200 0
[07/Apr/2026 14:26:26] "GET /purchase_request/purchaseRequests/202/ HTTP/1.1" 200 438
[07/Apr/2026 14:26:27] "OPTIONS /purchase_request/purchaseRequests/200/ HTTP/1.1" 200 0
[07/Apr/2026 14:26:27] "GET /purchase_request/purchaseRequests/200/ HTTP/1.1" 200 406
[07/Apr/2026 14:26:27] "OPTIONS /purchase_request/purchaseRequests/199/ HTTP/1.1" 200 0
[07/Apr/2026 14:26:27] "GET /purchase_request/purchaseRequests/199/ HTTP/1.1" 200 424
[07/Apr/2026 14:26:27] "OPTIONS /purchase_request/purchaseRequests/198/ HTTP/1.1" 200 0
[07/Apr/2026 14:26:27] "GET /purchase_request/purchaseRequests/198/ HTTP/1.1" 200 517
[07/Apr/2026 14:26:27] "OPTIONS /purchase_request/purchaseRequests/197/ HTTP/1.1" 200 0
[07/Apr/2026 14:26:27] "GET /purchase_request/purchaseRequests/197/ HTTP/1.1" 200 426
[07/Apr/2026 14:26:28] "OPTIONS /purchase_request/purchaseRequests/192/ HTTP/1.1" 200 0
[07/Apr/2026 14:26:28] "GET /purchase_request/purchaseRequests/192/ HTTP/1.1" 200 412
[07/Apr/2026 14:26:28] "OPTIONS /purchase_request/purchaseRequests/175/ HTTP/1.1" 200 0
[07/Apr/2026 14:26:28] "GET /purchase_request/purchaseRequests/175/ HTTP/1.1" 200 414
[07/Apr/2026 14:26:28] "OPTIONS /purchase_request/purchaseRequests/174/ HTTP/1.1" 200 0
[07/Apr/2026 14:26:28] "GET /purchase_request/purchaseRequests/174/ HTTP/1.1" 200 410
[07/Apr/2026 14:26:28] "OPTIONS /purchase_request/purchaseRequests/173/ HTTP/1.1" 200 0
[07/Apr/2026 14:26:28] "GET /purchase_request/purchaseRequests/173/ HTTP/1.1" 200 412
[07/Apr/2026 14:26:28] "OPTIONS /purchase_request/purchaseRequests/156/ HTTP/1.1" 200 0
[07/Apr/2026 14:26:29] "GET /purchase_request/purchaseRequests/156/ HTTP/1.1" 200 412
[07/Apr/2026 14:26:29] "OPTIONS /purchase_request/purchaseRequests/154/ HTTP/1.1" 200 0
[07/Apr/2026 14:26:29] "GET /purchase_request/purchaseRequests/154/ HTTP/1.1" 200 412
[07/Apr/2026 14:26:29] "OPTIONS /purchase_request/purchaseRequests/153/ HTTP/1.1" 200 0
[07/Apr/2026 14:26:29] "GET /purchase_request/purchaseRequests/153/ HTTP/1.1" 200 414
[07/Apr/2026 14:26:29] "OPTIONS /purchase_request/purchaseRequests/152/ HTTP/1.1" 200 0
[07/Apr/2026 14:26:29] "GET /purchase_request/purchaseRequests/152/ HTTP/1.1" 200 414
[07/Apr/2026 14:26:29] "OPTIONS /purchase_request/purchaseRequests/149/ HTTP/1.1" 200 0
[07/Apr/2026 14:26:29] "GET /purchase_request/purchaseRequests/149/ HTTP/1.1" 200 410
[07/Apr/2026 14:26:30] "OPTIONS /purchase_request/purchaseRequests/148/ HTTP/1.1" 200 0
[07/Apr/2026 14:26:30] "GET /department/departments/ HTTP/1.1" 200 521
[07/Apr/2026 14:26:30] "GET /user/users-with-details-list/ HTTP/1.1" 200 6529
[07/Apr/2026 14:26:30] "GET /purchase_request/purchaseRequests/148/ HTTP/1.1" 200 412
[07/Apr/2026 14:26:30] "GET /stats/po/total-price-dinar/?start_date=2026-01-07&end_date=2026-04-07 HTTP/1.1" 200 71
[07/Apr/2026 14:26:30] "GET /stats/po/totals/?group_by=summary&start_date=2026-01-07&end_date=2026-04-07&status=approved%2Crejected HTTP/1.1" 200 62
[07/Apr/2026 14:26:30] "GET /datatable/po/list/?start_date=2026-01-07&end_date=2026-04-07&page=1&page_size=10 HTTP/1.1" 200 7652
[07/Apr/2026 14:26:30] "GET /purchase_request/purchaseRequests/293/ HTTP/1.1" 200 422
[07/Apr/2026 14:26:30] "OPTIONS /purchase_request/purchaseRequests/146/ HTTP/1.1" 200 0
[07/Apr/2026 14:26:30] "GET /purchase_request/purchaseRequests/288/ HTTP/1.1" 200 436
[07/Apr/2026 14:26:30] "GET /purchase_request/purchaseRequests/146/ HTTP/1.1" 200 410
[07/Apr/2026 14:26:30] "OPTIONS /purchase_request/purchaseRequests/131/ HTTP/1.1" 200 0
[07/Apr/2026 14:26:30] "GET /purchase_request/purchaseRequests/287/ HTTP/1.1" 200 431
[07/Apr/2026 14:26:30] "GET /purchase_request/purchaseRequests/131/ HTTP/1.1" 200 400
[07/Apr/2026 14:26:30] "GET /purchase_request/purchaseRequests/286/ HTTP/1.1" 200 438
[07/Apr/2026 14:26:30] "OPTIONS /purchase_request/purchaseRequests/127/ HTTP/1.1" 200 0
[07/Apr/2026 14:26:30] "GET /purchase_request/purchaseRequests/285/ HTTP/1.1" 200 443
[07/Apr/2026 14:26:30] "GET /purchase_request/purchaseRequests/127/ HTTP/1.1" 200 414
[07/Apr/2026 14:26:31] "GET /purchase_request/purchaseRequests/284/ HTTP/1.1" 200 432
[07/Apr/2026 14:26:31] "OPTIONS /purchase_request/purchaseRequests/123/ HTTP/1.1" 200 0
[07/Apr/2026 14:26:31] "GET /purchase_request/purchaseRequests/283/ HTTP/1.1" 200 438
[07/Apr/2026 14:26:31] "GET /purchase_request/purchaseRequests/123/ HTTP/1.1" 200 414
[07/Apr/2026 14:26:31] "GET /purchase_request/purchaseRequests/282/ HTTP/1.1" 200 444
[07/Apr/2026 14:26:31] "OPTIONS /purchase_request/purchaseRequests/122/ HTTP/1.1" 200 0
[07/Apr/2026 14:26:31] "GET /purchase_request/purchaseRequests/281/ HTTP/1.1" 200 443
[07/Apr/2026 14:26:31] "GET /purchase_request/purchaseRequests/122/ HTTP/1.1" 200 409
[07/Apr/2026 14:26:31] "GET /purchase_request/purchaseRequests/280/ HTTP/1.1" 200 446
[07/Apr/2026 14:26:31] "OPTIONS /purchase_request/purchaseRequests/115/ HTTP/1.1" 200 0
[07/Apr/2026 14:26:31] "GET /purchase_request/purchaseRequests/279/ HTTP/1.1" 200 435
[07/Apr/2026 14:26:31] "GET /purchase_request/purchaseRequests/115/ HTTP/1.1" 200 412
[07/Apr/2026 14:26:31] "GET /purchase_request/purchaseRequests/278/ HTTP/1.1" 200 429
[07/Apr/2026 14:26:31] "OPTIONS /purchase_request/purchaseRequests/110/ HTTP/1.1" 200 0
[07/Apr/2026 14:26:31] "GET /purchase_request/purchaseRequests/277/ HTTP/1.1" 200 432
[07/Apr/2026 14:26:31] "GET /purchase_request/purchaseRequests/110/ HTTP/1.1" 200 415
[07/Apr/2026 14:26:31] "GET /purchase_request/purchaseRequests/276/ HTTP/1.1" 200 429
[07/Apr/2026 14:26:32] "GET /purchase_request/purchaseRequests/265/ HTTP/1.1" 200 428
[07/Apr/2026 14:26:32] "GET /purchase_request/purchaseRequests/264/ HTTP/1.1" 200 438
[07/Apr/2026 14:26:32] "GET /purchase_request/purchaseRequests/263/ HTTP/1.1" 200 432
[07/Apr/2026 14:26:33] "GET /purchase_request/purchaseRequests/262/ HTTP/1.1" 200 446
[07/Apr/2026 14:26:33] "GET /purchase_request/purchaseRequests/261/ HTTP/1.1" 200 443
[07/Apr/2026 14:26:33] "GET /purchase_request/purchaseRequests/260/ HTTP/1.1" 200 435
[07/Apr/2026 14:26:33] "GET /purchase_request/purchaseRequests/259/ HTTP/1.1" 200 439
[07/Apr/2026 14:26:33] "GET /purchase_request/purchaseRequests/258/ HTTP/1.1" 200 432
[07/Apr/2026 14:26:33] "GET /purchase_request/purchaseRequests/257/ HTTP/1.1" 200 428
[07/Apr/2026 14:26:33] "GET /purchase_request/purchaseRequests/256/ HTTP/1.1" 200 436
[07/Apr/2026 14:26:33] "GET /purchase_request/purchaseRequests/255/ HTTP/1.1" 200 442
[07/Apr/2026 14:26:34] "GET /purchase_request/purchaseRequests/254/ HTTP/1.1" 200 412
[07/Apr/2026 14:26:34] "GET /purchase_request/purchaseRequests/253/ HTTP/1.1" 200 446
[07/Apr/2026 14:26:34] "GET /purchase_request/purchaseRequests/252/ HTTP/1.1" 200 441
[07/Apr/2026 14:26:34] "GET /purchase_request/purchaseRequests/251/ HTTP/1.1" 200 435
[07/Apr/2026 14:26:34] "GET /purchase_request/purchaseRequests/250/ HTTP/1.1" 200 543
[07/Apr/2026 14:26:34] "GET /purchase_request/purchaseRequests/249/ HTTP/1.1" 200 433
[07/Apr/2026 14:26:34] "GET /purchase_request/purchaseRequests/248/ HTTP/1.1" 200 426
[07/Apr/2026 14:26:35] "GET /purchase_request/purchaseRequests/247/ HTTP/1.1" 200 431
[07/Apr/2026 14:26:35] "GET /purchase_request/purchaseRequests/246/ HTTP/1.1" 200 431
[07/Apr/2026 14:26:35] "GET /purchase_request/purchaseRequests/245/ HTTP/1.1" 200 438
[07/Apr/2026 14:26:35] "GET /purchase_request/purchaseRequests/244/ HTTP/1.1" 200 446
[07/Apr/2026 14:26:35] "GET /purchase_request/purchaseRequests/243/ HTTP/1.1" 200 430
[07/Apr/2026 14:26:35] "GET /purchase_request/purchaseRequests/242/ HTTP/1.1" 200 443
[07/Apr/2026 14:26:35] "GET /purchase_request/purchaseRequests/241/ HTTP/1.1" 200 442
[07/Apr/2026 14:26:35] "GET /purchase_request/purchaseRequests/240/ HTTP/1.1" 200 436
[07/Apr/2026 14:26:36] "GET /purchase_request/purchaseRequests/239/ HTTP/1.1" 200 430
[07/Apr/2026 14:26:36] "GET /purchase_request/purchaseRequests/238/ HTTP/1.1" 200 432
[07/Apr/2026 14:26:36] "GET /purchase_request/purchaseRequests/237/ HTTP/1.1" 200 430
[07/Apr/2026 14:26:36] "GET /purchase_request/purchaseRequests/236/ HTTP/1.1" 200 428
[07/Apr/2026 14:26:36] "GET /purchase_request/purchaseRequests/235/ HTTP/1.1" 200 427
[07/Apr/2026 14:26:36] "GET /purchase_request/purchaseRequests/234/ HTTP/1.1" 200 411
[07/Apr/2026 14:26:36] "GET /purchase_request/purchaseRequests/233/ HTTP/1.1" 200 444
[07/Apr/2026 14:26:37] "GET /purchase_request/purchaseRequests/232/ HTTP/1.1" 200 443
[07/Apr/2026 14:26:37] "GET /purchase_request/purchaseRequests/231/ HTTP/1.1" 200 437
[07/Apr/2026 14:26:37] "GET /purchase_request/purchaseRequests/230/ HTTP/1.1" 200 443
[07/Apr/2026 14:26:37] "GET /purchase_request/purchaseRequests/229/ HTTP/1.1" 200 503
[07/Apr/2026 14:26:37] "GET /purchase_request/purchaseRequests/228/ HTTP/1.1" 200 412
[07/Apr/2026 14:26:37] "GET /purchase_request/purchaseRequests/227/ HTTP/1.1" 200 440
[07/Apr/2026 14:26:37] "GET /purchase_request/purchaseRequests/226/ HTTP/1.1" 200 411
[07/Apr/2026 14:26:38] "GET /purchase_request/purchaseRequests/225/ HTTP/1.1" 200 438
[07/Apr/2026 14:26:38] "GET /purchase_request/purchaseRequests/224/ HTTP/1.1" 200 437
[07/Apr/2026 14:26:38] "GET /purchase_request/purchaseRequests/223/ HTTP/1.1" 200 432
[07/Apr/2026 14:26:38] "GET /purchase_request/purchaseRequests/222/ HTTP/1.1" 200 442
[07/Apr/2026 14:26:38] "GET /purchase_request/purchaseRequests/221/ HTTP/1.1" 200 430
[07/Apr/2026 14:26:38] "GET /purchase_request/purchaseRequests/220/ HTTP/1.1" 200 429
[07/Apr/2026 14:26:39] "GET /purchase_request/purchaseRequests/219/ HTTP/1.1" 200 440
[07/Apr/2026 14:26:39] "GET /purchase_request/purchaseRequests/218/ HTTP/1.1" 200 428
[07/Apr/2026 14:26:39] "GET /purchase_request/purchaseRequests/217/ HTTP/1.1" 200 429
[07/Apr/2026 14:26:39] "GET /purchase_request/purchaseRequests/216/ HTTP/1.1" 200 426
[07/Apr/2026 14:26:39] "GET /purchase_request/purchaseRequests/215/ HTTP/1.1" 200 428
[07/Apr/2026 14:26:39] "GET /purchase_request/purchaseRequests/214/ HTTP/1.1" 200 436
[07/Apr/2026 14:26:39] "GET /purchase_request/purchaseRequests/206/ HTTP/1.1" 200 418
[07/Apr/2026 14:26:40] "GET /purchase_request/purchaseRequests/204/ HTTP/1.1" 200 402
[07/Apr/2026 14:26:40] "GET /purchase_request/purchaseRequests/203/ HTTP/1.1" 200 445
[07/Apr/2026 14:26:40] "GET /purchase_request/purchaseRequests/202/ HTTP/1.1" 200 438
[07/Apr/2026 14:26:40] "GET /purchase_request/purchaseRequests/200/ HTTP/1.1" 200 406
[07/Apr/2026 14:26:40] "GET /purchase_request/purchaseRequests/199/ HTTP/1.1" 200 424
[07/Apr/2026 14:26:40] "GET /purchase_request/purchaseRequests/198/ HTTP/1.1" 200 517
[07/Apr/2026 14:26:40] "GET /purchase_request/purchaseRequests/197/ HTTP/1.1" 200 426
[07/Apr/2026 14:26:41] "GET /purchase_request/purchaseRequests/192/ HTTP/1.1" 200 412
[07/Apr/2026 14:26:41] "GET /purchase_request/purchaseRequests/175/ HTTP/1.1" 200 414
[07/Apr/2026 14:26:41] "GET /purchase_request/purchaseRequests/174/ HTTP/1.1" 200 410
[07/Apr/2026 14:26:41] "GET /purchase_request/purchaseRequests/173/ HTTP/1.1" 200 412
[07/Apr/2026 14:26:41] "GET /purchase_request/purchaseRequests/156/ HTTP/1.1" 200 412
[07/Apr/2026 14:26:41] "GET /purchase_request/purchaseRequests/154/ HTTP/1.1" 200 412
[07/Apr/2026 14:26:41] "GET /purchase_request/purchaseRequests/153/ HTTP/1.1" 200 414
[07/Apr/2026 14:26:41] "GET /purchase_request/purchaseRequests/152/ HTTP/1.1" 200 414
[07/Apr/2026 14:26:42] "GET /purchase_request/purchaseRequests/149/ HTTP/1.1" 200 410
[07/Apr/2026 14:26:42] "GET /purchase_request/purchaseRequests/148/ HTTP/1.1" 200 412
[07/Apr/2026 14:26:42] "GET /purchase_request/purchaseRequests/146/ HTTP/1.1" 200 410
[07/Apr/2026 14:26:42] "GET /purchase_request/purchaseRequests/131/ HTTP/1.1" 200 400
[07/Apr/2026 14:26:42] "GET /purchase_request/purchaseRequests/127/ HTTP/1.1" 200 414
[07/Apr/2026 14:26:42] "GET /purchase_request/purchaseRequests/123/ HTTP/1.1" 200 414
[07/Apr/2026 14:26:42] "GET /purchase_request/purchaseRequests/122/ HTTP/1.1" 200 409
[07/Apr/2026 14:26:43] "GET /purchase_request/purchaseRequests/115/ HTTP/1.1" 200 412
[07/Apr/2026 14:26:43] "GET /purchase_request/purchaseRequests/110/ HTTP/1.1" 200 415
[07/Apr/2026 14:27:00] "GET /datatable/po/list/?start_date=2026-01-07&end_date=2026-04-07&page=1&page_size=10 HTTP/1.1" 200 7652
[07/Apr/2026 14:27:30] "GET /datatable/po/list/?start_date=2026-01-07&end_date=2026-04-07&page=1&page_size=10 HTTP/1.1" 200 7652
[07/Apr/2026 14:28:00] "GET /datatable/po/list/?start_date=2026-01-07&end_date=2026-04-07&page=1&page_size=10 HTTP/1.1" 200 7652
[07/Apr/2026 14:28:30] "GET /datatable/po/list/?start_date=2026-01-07&end_date=2026-04-07&page=1&page_size=10 HTTP/1.1" 200 7652
[07/Apr/2026 14:29:00] "GET /datatable/po/list/?start_date=2026-01-07&end_date=2026-04-07&page=1&page_size=10 HTTP/1.1" 200 7652
[07/Apr/2026 14:29:30] "GET /datatable/po/list/?start_date=2026-01-07&end_date=2026-04-07&page=1&page_size=10 HTTP/1.1" 200 7652
[07/Apr/2026 14:30:00] "GET /datatable/po/list/?start_date=2026-01-07&end_date=2026-04-07&page=1&page_size=10 HTTP/1.1" 200 7652
[07/Apr/2026 14:30:30] "GET /datatable/po/list/?start_date=2026-01-07&end_date=2026-04-07&page=1&page_size=10 HTTP/1.1" 200 7652
[07/Apr/2026 14:31:00] "GET /datatable/po/list/?start_date=2026-01-07&end_date=2026-04-07&page=1&page_size=10 HTTP/1.1" 200 7652
[07/Apr/2026 14:31:30] "GET /datatable/po/list/?start_date=2026-01-07&end_date=2026-04-07&page=1&page_size=10 HTTP/1.1" 200 7652
[07/Apr/2026 14:32:00] "GET /datatable/po/list/?start_date=2026-01-07&end_date=2026-04-07&page=1&page_size=10 HTTP/1.1" 200 7652
[07/Apr/2026 14:32:30] "GET /datatable/po/list/?start_date=2026-01-07&end_date=2026-04-07&page=1&page_size=10 HTTP/1.1" 200 7652
[07/Apr/2026 14:33:00] "GET /datatable/po/list/?start_date=2026-01-07&end_date=2026-04-07&page=1&page_size=10 HTTP/1.1" 200 7652
[07/Apr/2026 14:33:30] "GET /datatable/po/list/?start_date=2026-01-07&end_date=2026-04-07&page=1&page_size=10 HTTP/1.1" 200 7652
[07/Apr/2026 14:34:00] "GET /datatable/po/list/?start_date=2026-01-07&end_date=2026-04-07&page=1&page_size=10 HTTP/1.1" 200 7652
[07/Apr/2026 14:34:30] "GET /datatable/po/list/?start_date=2026-01-07&end_date=2026-04-07&page=1&page_size=10 HTTP/1.1" 200 7652
[07/Apr/2026 14:35:00] "GET /datatable/po/list/?start_date=2026-01-07&end_date=2026-04-07&page=1&page_size=10 HTTP/1.1" 200 7652
[07/Apr/2026 14:35:30] "GET /datatable/po/list/?start_date=2026-01-07&end_date=2026-04-07&page=1&page_size=10 HTTP/1.1" 200 7652
[07/Apr/2026 14:36:00] "GET /datatable/po/list/?start_date=2026-01-07&end_date=2026-04-07&page=1&page_size=10 HTTP/1.1" 200 7652
[07/Apr/2026 14:36:30] "GET /datatable/po/list/?start_date=2026-01-07&end_date=2026-04-07&page=1&page_size=10 HTTP/1.1" 200 7652
[07/Apr/2026 14:37:00] "GET /datatable/po/list/?start_date=2026-01-07&end_date=2026-04-07&page=1&page_size=10 HTTP/1.1" 200 7652
[07/Apr/2026 14:37:30] "GET /datatable/po/list/?start_date=2026-01-07&end_date=2026-04-07&page=1&page_size=10 HTTP/1.1" 200 7652
[07/Apr/2026 14:38:00] "GET /datatable/po/list/?start_date=2026-01-07&end_date=2026-04-07&page=1&page_size=10 HTTP/1.1" 200 7652
[07/Apr/2026 14:38:30] "GET /datatable/po/list/?start_date=2026-01-07&end_date=2026-04-07&page=1&page_size=10 HTTP/1.1" 200 7652
[07/Apr/2026 14:39:00] "GET /datatable/po/list/?start_date=2026-01-07&end_date=2026-04-07&page=1&page_size=10 HTTP/1.1" 200 7652
[07/Apr/2026 14:39:30] "GET /datatable/po/list/?start_date=2026-01-07&end_date=2026-04-07&page=1&page_size=10 HTTP/1.1" 200 7652
[07/Apr/2026 14:40:00] "GET /datatable/po/list/?start_date=2026-01-07&end_date=2026-04-07&page=1&page_size=10 HTTP/1.1" 200 7652
[07/Apr/2026 14:40:30] "GET /datatable/po/list/?start_date=2026-01-07&end_date=2026-04-07&page=1&page_size=10 HTTP/1.1" 200 7652
[07/Apr/2026 14:41:00] "GET /datatable/po/list/?start_date=2026-01-07&end_date=2026-04-07&page=1&page_size=10 HTTP/1.1" 200 7652
[07/Apr/2026 14:41:30] "GET /datatable/po/list/?start_date=2026-01-07&end_date=2026-04-07&page=1&page_size=10 HTTP/1.1" 200 7652
[07/Apr/2026 14:42:00] "GET /datatable/po/list/?start_date=2026-01-07&end_date=2026-04-07&page=1&page_size=10 HTTP/1.1" 200 7652
[07/Apr/2026 14:42:30] "GET /datatable/po/list/?start_date=2026-01-07&end_date=2026-04-07&page=1&page_size=10 HTTP/1.1" 200 7652
[07/Apr/2026 14:43:00] "GET /datatable/po/list/?start_date=2026-01-07&end_date=2026-04-07&page=1&page_size=10 HTTP/1.1" 200 7652
[07/Apr/2026 14:43:30] "GET /datatable/po/list/?start_date=2026-01-07&end_date=2026-04-07&page=1&page_size=10 HTTP/1.1" 200 7652
[07/Apr/2026 14:44:00] "GET /datatable/po/list/?start_date=2026-01-07&end_date=2026-04-07&page=1&page_size=10 HTTP/1.1" 200 7652
[07/Apr/2026 14:44:30] "GET /datatable/po/list/?start_date=2026-01-07&end_date=2026-04-07&page=1&page_size=10 HTTP/1.1" 200 7652
[07/Apr/2026 14:45:00] "GET /datatable/po/list/?start_date=2026-01-07&end_date=2026-04-07&page=1&page_size=10 HTTP/1.1" 200 7652
[07/Apr/2026 14:45:30] "GET /datatable/po/list/?start_date=2026-01-07&end_date=2026-04-07&page=1&page_size=10 HTTP/1.1" 200 7652
[07/Apr/2026 14:46:00] "GET /datatable/po/list/?start_date=2026-01-07&end_date=2026-04-07&page=1&page_size=10 HTTP/1.1" 200 7652
[07/Apr/2026 14:46:30] "GET /datatable/po/list/?start_date=2026-01-07&end_date=2026-04-07&page=1&page_size=10 HTTP/1.1" 200 7652
[07/Apr/2026 14:47:00] "GET /datatable/po/list/?start_date=2026-01-07&end_date=2026-04-07&page=1&page_size=10 HTTP/1.1" 200 7652
[07/Apr/2026 14:47:30] "GET /datatable/po/list/?start_date=2026-01-07&end_date=2026-04-07&page=1&page_size=10 HTTP/1.1" 200 7652
[07/Apr/2026 14:48:00] "GET /datatable/po/list/?start_date=2026-01-07&end_date=2026-04-07&page=1&page_size=10 HTTP/1.1" 200 7652
[07/Apr/2026 14:48:30] "GET /datatable/po/list/?start_date=2026-01-07&end_date=2026-04-07&page=1&page_size=10 HTTP/1.1" 200 7652
[07/Apr/2026 14:49:00] "GET /datatable/po/list/?start_date=2026-01-07&end_date=2026-04-07&page=1&page_size=10 HTTP/1.1" 200 7652
[07/Apr/2026 14:49:30] "GET /datatable/po/list/?start_date=2026-01-07&end_date=2026-04-07&page=1&page_size=10 HTTP/1.1" 200 7652
[07/Apr/2026 14:50:00] "GET /datatable/po/list/?start_date=2026-01-07&end_date=2026-04-07&page=1&page_size=10 HTTP/1.1" 200 7652
[07/Apr/2026 14:50:30] "GET /datatable/po/list/?start_date=2026-01-07&end_date=2026-04-07&page=1&page_size=10 HTTP/1.1" 200 7652
[07/Apr/2026 14:51:00] "GET /datatable/po/list/?start_date=2026-01-07&end_date=2026-04-07&page=1&page_size=10 HTTP/1.1" 200 7652
[07/Apr/2026 14:51:30] "GET /datatable/po/list/?start_date=2026-01-07&end_date=2026-04-07&page=1&page_size=10 HTTP/1.1" 200 7652
[07/Apr/2026 14:52:00] "GET /datatable/po/list/?start_date=2026-01-07&end_date=2026-04-07&page=1&page_size=10 HTTP/1.1" 200 7652
[07/Apr/2026 14:52:30] "GET /datatable/po/list/?start_date=2026-01-07&end_date=2026-04-07&page=1&page_size=10 HTTP/1.1" 200 7652
[07/Apr/2026 14:53:00] "GET /datatable/po/list/?start_date=2026-01-07&end_date=2026-04-07&page=1&page_size=10 HTTP/1.1" 200 7652
[07/Apr/2026 14:53:30] "GET /datatable/po/list/?start_date=2026-01-07&end_date=2026-04-07&page=1&page_size=10 HTTP/1.1" 200 7652
[07/Apr/2026 14:54:00] "GET /datatable/po/list/?start_date=2026-01-07&end_date=2026-04-07&page=1&page_size=10 HTTP/1.1" 200 7652
[07/Apr/2026 14:54:30] "GET /datatable/po/list/?start_date=2026-01-07&end_date=2026-04-07&page=1&page_size=10 HTTP/1.1" 200 7652
[07/Apr/2026 14:55:00] "GET /datatable/po/list/?start_date=2026-01-07&end_date=2026-04-07&page=1&page_size=10 HTTP/1.1" 200 7652
[07/Apr/2026 14:55:30] "GET /datatable/po/list/?start_date=2026-01-07&end_date=2026-04-07&page=1&page_size=10 HTTP/1.1" 200 7652
[07/Apr/2026 14:56:00] "GET /datatable/po/list/?start_date=2026-01-07&end_date=2026-04-07&page=1&page_size=10 HTTP/1.1" 200 7652
[07/Apr/2026 14:56:30] "GET /datatable/po/list/?start_date=2026-01-07&end_date=2026-04-07&page=1&page_size=10 HTTP/1.1" 200 7652
[07/Apr/2026 14:57:00] "GET /datatable/po/list/?start_date=2026-01-07&end_date=2026-04-07&page=1&page_size=10 HTTP/1.1" 200 7652
[07/Apr/2026 14:57:30] "GET /datatable/po/list/?start_date=2026-01-07&end_date=2026-04-07&page=1&page_size=10 HTTP/1.1" 200 7652
[07/Apr/2026 14:58:00] "GET /datatable/po/list/?start_date=2026-01-07&end_date=2026-04-07&page=1&page_size=10 HTTP/1.1" 200 7652
[07/Apr/2026 14:58:30] "GET /datatable/po/list/?start_date=2026-01-07&end_date=2026-04-07&page=1&page_size=10 HTTP/1.1" 200 7652
[07/Apr/2026 14:59:00] "GET /datatable/po/list/?start_date=2026-01-07&end_date=2026-04-07&page=1&page_size=10 HTTP/1.1" 200 7652
[07/Apr/2026 14:59:30] "GET /datatable/po/list/?start_date=2026-01-07&end_date=2026-04-07&page=1&page_size=10 HTTP/1.1" 200 7652
[07/Apr/2026 15:00:00] "GET /datatable/po/list/?start_date=2026-01-07&end_date=2026-04-07&page=1&page_size=10 HTTP/1.1" 200 7652
[07/Apr/2026 15:00:30] "GET /datatable/po/list/?start_date=2026-01-07&end_date=2026-04-07&page=1&page_size=10 HTTP/1.1" 200 7652
[07/Apr/2026 15:01:00] "GET /datatable/po/list/?start_date=2026-01-07&end_date=2026-04-07&page=1&page_size=10 HTTP/1.1" 200 7652
[07/Apr/2026 15:01:30] "GET /datatable/po/list/?start_date=2026-01-07&end_date=2026-04-07&page=1&page_size=10 HTTP/1.1" 200 7652
[07/Apr/2026 15:02:00] "GET /datatable/po/list/?start_date=2026-01-07&end_date=2026-04-07&page=1&page_size=10 HTTP/1.1" 200 7652
[07/Apr/2026 15:02:30] "GET /datatable/po/list/?start_date=2026-01-07&end_date=2026-04-07&page=1&page_size=10 HTTP/1.1" 200 7652
[07/Apr/2026 15:03:00] "GET /datatable/po/list/?start_date=2026-01-07&end_date=2026-04-07&page=1&page_size=10 HTTP/1.1" 200 7652
[07/Apr/2026 15:03:30] "GET /datatable/po/list/?start_date=2026-01-07&end_date=2026-04-07&page=1&page_size=10 HTTP/1.1" 200 7652
[07/Apr/2026 15:04:00] "GET /datatable/po/list/?start_date=2026-01-07&end_date=2026-04-07&page=1&page_size=10 HTTP/1.1" 200 7652
[07/Apr/2026 15:04:30] "GET /datatable/po/list/?start_date=2026-01-07&end_date=2026-04-07&page=1&page_size=10 HTTP/1.1" 200 7652
[07/Apr/2026 15:05:00] "GET /datatable/po/list/?start_date=2026-01-07&end_date=2026-04-07&page=1&page_size=10 HTTP/1.1" 200 7652
[07/Apr/2026 15:05:30] "GET /datatable/po/list/?start_date=2026-01-07&end_date=2026-04-07&page=1&page_size=10 HTTP/1.1" 200 7652
[07/Apr/2026 15:06:00] "GET /datatable/po/list/?start_date=2026-01-07&end_date=2026-04-07&page=1&page_size=10 HTTP/1.1" 200 7652
[07/Apr/2026 15:06:30] "GET /datatable/po/list/?start_date=2026-01-07&end_date=2026-04-07&page=1&page_size=10 HTTP/1.1" 200 7652
[07/Apr/2026 15:07:00] "GET /datatable/po/list/?start_date=2026-01-07&end_date=2026-04-07&page=1&page_size=10 HTTP/1.1" 200 7652
[07/Apr/2026 15:07:30] "GET /datatable/po/list/?start_date=2026-01-07&end_date=2026-04-07&page=1&page_size=10 HTTP/1.1" 200 7652
[07/Apr/2026 15:08:00] "GET /datatable/po/list/?start_date=2026-01-07&end_date=2026-04-07&page=1&page_size=10 HTTP/1.1" 200 7652
[07/Apr/2026 15:08:30] "GET /datatable/po/list/?start_date=2026-01-07&end_date=2026-04-07&page=1&page_size=10 HTTP/1.1" 200 7652
[07/Apr/2026 15:09:00] "GET /datatable/po/list/?start_date=2026-01-07&end_date=2026-04-07&page=1&page_size=10 HTTP/1.1" 200 7652
[07/Apr/2026 15:09:30] "GET /datatable/po/list/?start_date=2026-01-07&end_date=2026-04-07&page=1&page_size=10 HTTP/1.1" 200 7652
[07/Apr/2026 15:10:00] "GET /datatable/po/list/?start_date=2026-01-07&end_date=2026-04-07&page=1&page_size=10 HTTP/1.1" 200 7652
[07/Apr/2026 15:10:30] "GET /datatable/po/list/?start_date=2026-01-07&end_date=2026-04-07&page=1&page_size=10 HTTP/1.1" 200 7652
[07/Apr/2026 15:11:00] "GET /datatable/po/list/?start_date=2026-01-07&end_date=2026-04-07&page=1&page_size=10 HTTP/1.1" 200 7652
[07/Apr/2026 15:11:30] "GET /datatable/po/list/?start_date=2026-01-07&end_date=2026-04-07&page=1&page_size=10 HTTP/1.1" 200 7652
[07/Apr/2026 15:12:00] "GET /datatable/po/list/?start_date=2026-01-07&end_date=2026-04-07&page=1&page_size=10 HTTP/1.1" 200 7652
[07/Apr/2026 15:12:30] "GET /datatable/po/list/?start_date=2026-01-07&end_date=2026-04-07&page=1&page_size=10 HTTP/1.1" 200 7652
[07/Apr/2026 15:13:00] "GET /datatable/po/list/?start_date=2026-01-07&end_date=2026-04-07&page=1&page_size=10 HTTP/1.1" 200 7652
[07/Apr/2026 15:13:30] "GET /datatable/po/list/?start_date=2026-01-07&end_date=2026-04-07&page=1&page_size=10 HTTP/1.1" 200 7652
[07/Apr/2026 15:14:00] "GET /datatable/po/list/?start_date=2026-01-07&end_date=2026-04-07&page=1&page_size=10 HTTP/1.1" 200 7652
[07/Apr/2026 15:14:30] "GET /datatable/po/list/?start_date=2026-01-07&end_date=2026-04-07&page=1&page_size=10 HTTP/1.1" 200 7652
[07/Apr/2026 15:15:00] "GET /datatable/po/list/?start_date=2026-01-07&end_date=2026-04-07&page=1&page_size=10 HTTP/1.1" 200 7652
[07/Apr/2026 15:15:30] "GET /datatable/po/list/?start_date=2026-01-07&end_date=2026-04-07&page=1&page_size=10 HTTP/1.1" 200 7652
[07/Apr/2026 15:16:00] "GET /datatable/po/list/?start_date=2026-01-07&end_date=2026-04-07&page=1&page_size=10 HTTP/1.1" 200 7652
[07/Apr/2026 15:16:30] "GET /datatable/po/list/?start_date=2026-01-07&end_date=2026-04-07&page=1&page_size=10 HTTP/1.1" 200 7652
[07/Apr/2026 15:17:00] "GET /datatable/po/list/?start_date=2026-01-07&end_date=2026-04-07&page=1&page_size=10 HTTP/1.1" 200 7652
[07/Apr/2026 15:17:30] "GET /datatable/po/list/?start_date=2026-01-07&end_date=2026-04-07&page=1&page_size=10 HTTP/1.1" 200 7652
[07/Apr/2026 15:18:00] "GET /datatable/po/list/?start_date=2026-01-07&end_date=2026-04-07&page=1&page_size=10 HTTP/1.1" 200 7652
[07/Apr/2026 15:18:30] "GET /datatable/po/list/?start_date=2026-01-07&end_date=2026-04-07&page=1&page_size=10 HTTP/1.1" 200 7652
[07/Apr/2026 15:19:00] "GET /datatable/po/list/?start_date=2026-01-07&end_date=2026-04-07&page=1&page_size=10 HTTP/1.1" 200 7652
[07/Apr/2026 15:19:30] "GET /datatable/po/list/?start_date=2026-01-07&end_date=2026-04-07&page=1&page_size=10 HTTP/1.1" 200 7652
[07/Apr/2026 15:20:00] "GET /datatable/po/list/?start_date=2026-01-07&end_date=2026-04-07&page=1&page_size=10 HTTP/1.1" 200 7652
[07/Apr/2026 15:20:30] "GET /datatable/po/list/?start_date=2026-01-07&end_date=2026-04-07&page=1&page_size=10 HTTP/1.1" 200 7652
[07/Apr/2026 15:21:00] "GET /datatable/po/list/?start_date=2026-01-07&end_date=2026-04-07&page=1&page_size=10 HTTP/1.1" 200 7652
[07/Apr/2026 15:21:30] "GET /datatable/po/list/?start_date=2026-01-07&end_date=2026-04-07&page=1&page_size=10 HTTP/1.1" 200 7652
[07/Apr/2026 15:22:00] "GET /datatable/po/list/?start_date=2026-01-07&end_date=2026-04-07&page=1&page_size=10 HTTP/1.1" 200 7652
[07/Apr/2026 15:22:30] "GET /datatable/po/list/?start_date=2026-01-07&end_date=2026-04-07&page=1&page_size=10 HTTP/1.1" 200 7652
[07/Apr/2026 15:23:00] "GET /datatable/po/list/?start_date=2026-01-07&end_date=2026-04-07&page=1&page_size=10 HTTP/1.1" 200 7652
[07/Apr/2026 15:23:30] "GET /datatable/po/list/?start_date=2026-01-07&end_date=2026-04-07&page=1&page_size=10 HTTP/1.1" 200 7652
[07/Apr/2026 15:24:00] "GET /datatable/po/list/?start_date=2026-01-07&end_date=2026-04-07&page=1&page_size=10 HTTP/1.1" 200 7652
[07/Apr/2026 15:24:30] "GET /datatable/po/list/?start_date=2026-01-07&end_date=2026-04-07&page=1&page_size=10 HTTP/1.1" 200 7652
[07/Apr/2026 15:25:00] "GET /datatable/po/list/?start_date=2026-01-07&end_date=2026-04-07&page=1&page_size=10 HTTP/1.1" 200 7652
[07/Apr/2026 15:25:30] "GET /datatable/po/list/?start_date=2026-01-07&end_date=2026-04-07&page=1&page_size=10 HTTP/1.1" 200 7652
[07/Apr/2026 15:26:00] "GET /datatable/po/list/?start_date=2026-01-07&end_date=2026-04-07&page=1&page_size=10 HTTP/1.1" 200 7652
[07/Apr/2026 15:26:30] "GET /datatable/po/list/?start_date=2026-01-07&end_date=2026-04-07&page=1&page_size=10 HTTP/1.1" 200 7652
[07/Apr/2026 15:27:00] "GET /datatable/po/list/?start_date=2026-01-07&end_date=2026-04-07&page=1&page_size=10 HTTP/1.1" 200 7652
[07/Apr/2026 15:27:30] "GET /datatable/po/list/?start_date=2026-01-07&end_date=2026-04-07&page=1&page_size=10 HTTP/1.1" 200 7652
[07/Apr/2026 15:28:00] "GET /datatable/po/list/?start_date=2026-01-07&end_date=2026-04-07&page=1&page_size=10 HTTP/1.1" 200 7652
[07/Apr/2026 15:28:30] "GET /datatable/po/list/?start_date=2026-01-07&end_date=2026-04-07&page=1&page_size=10 HTTP/1.1" 200 7652
[07/Apr/2026 15:29:00] "GET /datatable/po/list/?start_date=2026-01-07&end_date=2026-04-07&page=1&page_size=10 HTTP/1.1" 200 7652
[07/Apr/2026 15:29:30] "GET /datatable/po/list/?start_date=2026-01-07&end_date=2026-04-07&page=1&page_size=10 HTTP/1.1" 200 7652
[07/Apr/2026 15:30:00] "GET /datatable/po/list/?start_date=2026-01-07&end_date=2026-04-07&page=1&page_size=10 HTTP/1.1" 200 7652
[07/Apr/2026 15:30:30] "GET /datatable/po/list/?start_date=2026-01-07&end_date=2026-04-07&page=1&page_size=10 HTTP/1.1" 200 7652
[07/Apr/2026 15:31:00] "GET /datatable/po/list/?start_date=2026-01-07&end_date=2026-04-07&page=1&page_size=10 HTTP/1.1" 200 7652
[07/Apr/2026 15:31:30] "GET /datatable/po/list/?start_date=2026-01-07&end_date=2026-04-07&page=1&page_size=10 HTTP/1.1" 200 7652
[07/Apr/2026 15:32:00] "GET /datatable/po/list/?start_date=2026-01-07&end_date=2026-04-07&page=1&page_size=10 HTTP/1.1" 200 7652
[07/Apr/2026 15:32:30] "GET /datatable/po/list/?start_date=2026-01-07&end_date=2026-04-07&page=1&page_size=10 HTTP/1.1" 200 7652
[07/Apr/2026 15:33:00] "GET /datatable/po/list/?start_date=2026-01-07&end_date=2026-04-07&page=1&page_size=10 HTTP/1.1" 200 7652
[07/Apr/2026 15:33:30] "GET /datatable/po/list/?start_date=2026-01-07&end_date=2026-04-07&page=1&page_size=10 HTTP/1.1" 200 7652
[07/Apr/2026 15:34:00] "GET /datatable/po/list/?start_date=2026-01-07&end_date=2026-04-07&page=1&page_size=10 HTTP/1.1" 200 7652
[07/Apr/2026 15:34:30] "GET /datatable/po/list/?start_date=2026-01-07&end_date=2026-04-07&page=1&page_size=10 HTTP/1.1" 200 7652
[07/Apr/2026 15:35:00] "GET /datatable/po/list/?start_date=2026-01-07&end_date=2026-04-07&page=1&page_size=10 HTTP/1.1" 200 7652
[07/Apr/2026 15:35:30] "GET /datatable/po/list/?start_date=2026-01-07&end_date=2026-04-07&page=1&page_size=10 HTTP/1.1" 200 7652
[07/Apr/2026 15:36:00] "GET /datatable/po/list/?start_date=2026-01-07&end_date=2026-04-07&page=1&page_size=10 HTTP/1.1" 200 7652
[07/Apr/2026 15:36:30] "GET /datatable/po/list/?start_date=2026-01-07&end_date=2026-04-07&page=1&page_size=10 HTTP/1.1" 200 7652
[07/Apr/2026 15:37:00] "GET /datatable/po/list/?start_date=2026-01-07&end_date=2026-04-07&page=1&page_size=10 HTTP/1.1" 200 7652
[07/Apr/2026 15:37:30] "GET /datatable/po/list/?start_date=2026-01-07&end_date=2026-04-07&page=1&page_size=10 HTTP/1.1" 200 7652
[07/Apr/2026 15:38:00] "GET /datatable/po/list/?start_date=2026-01-07&end_date=2026-04-07&page=1&page_size=10 HTTP/1.1" 200 7652
[07/Apr/2026 15:38:30] "GET /datatable/po/list/?start_date=2026-01-07&end_date=2026-04-07&page=1&page_size=10 HTTP/1.1" 200 7652
[07/Apr/2026 15:39:00] "GET /datatable/po/list/?start_date=2026-01-07&end_date=2026-04-07&page=1&page_size=10 HTTP/1.1" 200 7652
[07/Apr/2026 15:39:30] "GET /datatable/po/list/?start_date=2026-01-07&end_date=2026-04-07&page=1&page_size=10 HTTP/1.1" 200 7652
[07/Apr/2026 15:40:00] "GET /datatable/po/list/?start_date=2026-01-07&end_date=2026-04-07&page=1&page_size=10 HTTP/1.1" 200 7652
[07/Apr/2026 15:40:30] "GET /datatable/po/list/?start_date=2026-01-07&end_date=2026-04-07&page=1&page_size=10 HTTP/1.1" 200 7652
[07/Apr/2026 15:41:00] "GET /datatable/po/list/?start_date=2026-01-07&end_date=2026-04-07&page=1&page_size=10 HTTP/1.1" 200 7652
[07/Apr/2026 15:41:30] "GET /datatable/po/list/?start_date=2026-01-07&end_date=2026-04-07&page=1&page_size=10 HTTP/1.1" 200 7652
[07/Apr/2026 15:42:00] "GET /datatable/po/list/?start_date=2026-01-07&end_date=2026-04-07&page=1&page_size=10 HTTP/1.1" 200 7652
[07/Apr/2026 15:42:30] "GET /datatable/po/list/?start_date=2026-01-07&end_date=2026-04-07&page=1&page_size=10 HTTP/1.1" 200 7652
[07/Apr/2026 15:43:00] "GET /datatable/po/list/?start_date=2026-01-07&end_date=2026-04-07&page=1&page_size=10 HTTP/1.1" 200 7652
[07/Apr/2026 15:43:30] "GET /datatable/po/list/?start_date=2026-01-07&end_date=2026-04-07&page=1&page_size=10 HTTP/1.1" 200 7652
[07/Apr/2026 15:44:00] "GET /datatable/po/list/?start_date=2026-01-07&end_date=2026-04-07&page=1&page_size=10 HTTP/1.1" 200 7652
[07/Apr/2026 15:44:30] "GET /datatable/po/list/?start_date=2026-01-07&end_date=2026-04-07&page=1&page_size=10 HTTP/1.1" 200 7652
[07/Apr/2026 15:45:00] "GET /datatable/po/list/?start_date=2026-01-07&end_date=2026-04-07&page=1&page_size=10 HTTP/1.1" 200 7652
[07/Apr/2026 15:45:30] "GET /datatable/po/list/?start_date=2026-01-07&end_date=2026-04-07&page=1&page_size=10 HTTP/1.1" 200 7652
[07/Apr/2026 15:46:00] "GET /datatable/po/list/?start_date=2026-01-07&end_date=2026-04-07&page=1&page_size=10 HTTP/1.1" 200 7652
[07/Apr/2026 15:46:30] "GET /datatable/po/list/?start_date=2026-01-07&end_date=2026-04-07&page=1&page_size=10 HTTP/1.1" 200 7652
[07/Apr/2026 15:47:00] "GET /datatable/po/list/?start_date=2026-01-07&end_date=2026-04-07&page=1&page_size=10 HTTP/1.1" 200 7652
[07/Apr/2026 15:47:30] "GET /datatable/po/list/?start_date=2026-01-07&end_date=2026-04-07&page=1&page_size=10 HTTP/1.1" 200 7652
[07/Apr/2026 15:48:00] "GET /datatable/po/list/?start_date=2026-01-07&end_date=2026-04-07&page=1&page_size=10 HTTP/1.1" 200 7652
[07/Apr/2026 15:48:30] "GET /datatable/po/list/?start_date=2026-01-07&end_date=2026-04-07&page=1&page_size=10 HTTP/1.1" 200 7652
[07/Apr/2026 15:49:00] "GET /datatable/po/list/?start_date=2026-01-07&end_date=2026-04-07&page=1&page_size=10 HTTP/1.1" 200 7652
[07/Apr/2026 15:49:30] "GET /datatable/po/list/?start_date=2026-01-07&end_date=2026-04-07&page=1&page_size=10 HTTP/1.1" 200 7652
[07/Apr/2026 15:50:00] "GET /datatable/po/list/?start_date=2026-01-07&end_date=2026-04-07&page=1&page_size=10 HTTP/1.1" 200 7652
[07/Apr/2026 15:50:30] "GET /datatable/po/list/?start_date=2026-01-07&end_date=2026-04-07&page=1&page_size=10 HTTP/1.1" 200 7652
[07/Apr/2026 15:51:00] "GET /datatable/po/list/?start_date=2026-01-07&end_date=2026-04-07&page=1&page_size=10 HTTP/1.1" 200 7652
[07/Apr/2026 15:51:30] "GET /datatable/po/list/?start_date=2026-01-07&end_date=2026-04-07&page=1&page_size=10 HTTP/1.1" 200 7652
[07/Apr/2026 15:52:00] "GET /datatable/po/list/?start_date=2026-01-07&end_date=2026-04-07&page=1&page_size=10 HTTP/1.1" 200 7652
[07/Apr/2026 15:52:30] "GET /datatable/po/list/?start_date=2026-01-07&end_date=2026-04-07&page=1&page_size=10 HTTP/1.1" 200 7652
[07/Apr/2026 15:53:00] "GET /datatable/po/list/?start_date=2026-01-07&end_date=2026-04-07&page=1&page_size=10 HTTP/1.1" 200 7652
[07/Apr/2026 15:53:30] "GET /datatable/po/list/?start_date=2026-01-07&end_date=2026-04-07&page=1&page_size=10 HTTP/1.1" 200 7652
[07/Apr/2026 15:54:00] "GET /datatable/po/list/?start_date=2026-01-07&end_date=2026-04-07&page=1&page_size=10 HTTP/1.1" 200 7652
[07/Apr/2026 15:54:30] "GET /datatable/po/list/?start_date=2026-01-07&end_date=2026-04-07&page=1&page_size=10 HTTP/1.1" 200 7652
[07/Apr/2026 15:55:00] "GET /datatable/po/list/?start_date=2026-01-07&end_date=2026-04-07&page=1&page_size=10 HTTP/1.1" 200 7652
[07/Apr/2026 15:55:30] "GET /datatable/po/list/?start_date=2026-01-07&end_date=2026-04-07&page=1&page_size=10 HTTP/1.1" 200 7652
[07/Apr/2026 15:56:00] "GET /datatable/po/list/?start_date=2026-01-07&end_date=2026-04-07&page=1&page_size=10 HTTP/1.1" 200 7652
[07/Apr/2026 15:56:30] "GET /datatable/po/list/?start_date=2026-01-07&end_date=2026-04-07&page=1&page_size=10 HTTP/1.1" 200 7652
[07/Apr/2026 15:57:00] "GET /datatable/po/list/?start_date=2026-01-07&end_date=2026-04-07&page=1&page_size=10 HTTP/1.1" 200 7652
[07/Apr/2026 15:57:30] "GET /datatable/po/list/?start_date=2026-01-07&end_date=2026-04-07&page=1&page_size=10 HTTP/1.1" 200 7652
[07/Apr/2026 15:58:00] "GET /datatable/po/list/?start_date=2026-01-07&end_date=2026-04-07&page=1&page_size=10 HTTP/1.1" 200 7652
[07/Apr/2026 15:58:30] "GET /datatable/po/list/?start_date=2026-01-07&end_date=2026-04-07&page=1&page_size=10 HTTP/1.1" 200 7652
[07/Apr/2026 15:59:00] "GET /datatable/po/list/?start_date=2026-01-07&end_date=2026-04-07&page=1&page_size=10 HTTP/1.1" 200 7652
[07/Apr/2026 15:59:30] "GET /datatable/po/list/?start_date=2026-01-07&end_date=2026-04-07&page=1&page_size=10 HTTP/1.1" 200 7652
[07/Apr/2026 16:00:00] "GET /datatable/po/list/?start_date=2026-01-07&end_date=2026-04-07&page=1&page_size=10 HTTP/1.1" 200 7652
[07/Apr/2026 16:00:30] "GET /datatable/po/list/?start_date=2026-01-07&end_date=2026-04-07&page=1&page_size=10 HTTP/1.1" 200 7652
[07/Apr/2026 16:01:00] "GET /datatable/po/list/?start_date=2026-01-07&end_date=2026-04-07&page=1&page_size=10 HTTP/1.1" 200 7652
[07/Apr/2026 16:01:30] "GET /datatable/po/list/?start_date=2026-01-07&end_date=2026-04-07&page=1&page_size=10 HTTP/1.1" 200 7652
[07/Apr/2026 16:02:00] "GET /datatable/po/list/?start_date=2026-01-07&end_date=2026-04-07&page=1&page_size=10 HTTP/1.1" 200 7652
[07/Apr/2026 16:02:30] "GET /datatable/po/list/?start_date=2026-01-07&end_date=2026-04-07&page=1&page_size=10 HTTP/1.1" 200 7652
[07/Apr/2026 16:03:00] "GET /datatable/po/list/?start_date=2026-01-07&end_date=2026-04-07&page=1&page_size=10 HTTP/1.1" 200 7652
[07/Apr/2026 16:03:30] "GET /datatable/po/list/?start_date=2026-01-07&end_date=2026-04-07&page=1&page_size=10 HTTP/1.1" 200 7652
[07/Apr/2026 16:04:00] "GET /datatable/po/list/?start_date=2026-01-07&end_date=2026-04-07&page=1&page_size=10 HTTP/1.1" 200 7652
[07/Apr/2026 16:04:30] "GET /datatable/po/list/?start_date=2026-01-07&end_date=2026-04-07&page=1&page_size=10 HTTP/1.1" 200 7652
[07/Apr/2026 16:05:00] "GET /datatable/po/list/?start_date=2026-01-07&end_date=2026-04-07&page=1&page_size=10 HTTP/1.1" 200 7652
[07/Apr/2026 16:05:30] "GET /datatable/po/list/?start_date=2026-01-07&end_date=2026-04-07&page=1&page_size=10 HTTP/1.1" 200 7652
[07/Apr/2026 16:06:00] "GET /datatable/po/list/?start_date=2026-01-07&end_date=2026-04-07&page=1&page_size=10 HTTP/1.1" 200 7652
[07/Apr/2026 16:06:30] "GET /datatable/po/list/?start_date=2026-01-07&end_date=2026-04-07&page=1&page_size=10 HTTP/1.1" 200 7652
[07/Apr/2026 16:07:00] "GET /datatable/po/list/?start_date=2026-01-07&end_date=2026-04-07&page=1&page_size=10 HTTP/1.1" 200 7652
[07/Apr/2026 16:07:30] "GET /datatable/po/list/?start_date=2026-01-07&end_date=2026-04-07&page=1&page_size=10 HTTP/1.1" 200 7652
[07/Apr/2026 16:08:00] "GET /datatable/po/list/?start_date=2026-01-07&end_date=2026-04-07&page=1&page_size=10 HTTP/1.1" 200 7652
[07/Apr/2026 16:08:30] "GET /datatable/po/list/?start_date=2026-01-07&end_date=2026-04-07&page=1&page_size=10 HTTP/1.1" 200 7652
[07/Apr/2026 16:09:00] "GET /datatable/po/list/?start_date=2026-01-07&end_date=2026-04-07&page=1&page_size=10 HTTP/1.1" 200 7652
[07/Apr/2026 16:09:30] "GET /datatable/po/list/?start_date=2026-01-07&end_date=2026-04-07&page=1&page_size=10 HTTP/1.1" 200 7652
[07/Apr/2026 16:10:00] "GET /datatable/po/list/?start_date=2026-01-07&end_date=2026-04-07&page=1&page_size=10 HTTP/1.1" 200 7652
[07/Apr/2026 16:10:30] "GET /datatable/po/list/?start_date=2026-01-07&end_date=2026-04-07&page=1&page_size=10 HTTP/1.1" 200 7652
[07/Apr/2026 16:11:00] "GET /datatable/po/list/?start_date=2026-01-07&end_date=2026-04-07&page=1&page_size=10 HTTP/1.1" 200 7652
[07/Apr/2026 16:11:30] "GET /datatable/po/list/?start_date=2026-01-07&end_date=2026-04-07&page=1&page_size=10 HTTP/1.1" 200 7652
[07/Apr/2026 16:12:00] "GET /datatable/po/list/?start_date=2026-01-07&end_date=2026-04-07&page=1&page_size=10 HTTP/1.1" 200 7652
[07/Apr/2026 16:12:30] "GET /datatable/po/list/?start_date=2026-01-07&end_date=2026-04-07&page=1&page_size=10 HTTP/1.1" 200 7652
[07/Apr/2026 16:13:00] "GET /datatable/po/list/?start_date=2026-01-07&end_date=2026-04-07&page=1&page_size=10 HTTP/1.1" 200 7652
[07/Apr/2026 16:13:30] "GET /datatable/po/list/?start_date=2026-01-07&end_date=2026-04-07&page=1&page_size=10 HTTP/1.1" 200 7652
[07/Apr/2026 16:14:00] "GET /datatable/po/list/?start_date=2026-01-07&end_date=2026-04-07&page=1&page_size=10 HTTP/1.1" 200 7652
[07/Apr/2026 16:14:30] "GET /datatable/po/list/?start_date=2026-01-07&end_date=2026-04-07&page=1&page_size=10 HTTP/1.1" 200 7652
[07/Apr/2026 16:15:00] "GET /datatable/po/list/?start_date=2026-01-07&end_date=2026-04-07&page=1&page_size=10 HTTP/1.1" 200 7652
[07/Apr/2026 16:15:30] "GET /datatable/po/list/?start_date=2026-01-07&end_date=2026-04-07&page=1&page_size=10 HTTP/1.1" 200 7652
[07/Apr/2026 16:16:00] "GET /datatable/po/list/?start_date=2026-01-07&end_date=2026-04-07&page=1&page_size=10 HTTP/1.1" 200 7652
[07/Apr/2026 16:16:30] "GET /datatable/po/list/?start_date=2026-01-07&end_date=2026-04-07&page=1&page_size=10 HTTP/1.1" 200 7652
[07/Apr/2026 16:17:00] "GET /datatable/po/list/?start_date=2026-01-07&end_date=2026-04-07&page=1&page_size=10 HTTP/1.1" 200 7652
[07/Apr/2026 16:17:30] "GET /datatable/po/list/?start_date=2026-01-07&end_date=2026-04-07&page=1&page_size=10 HTTP/1.1" 200 7652
[07/Apr/2026 16:18:00] "GET /datatable/po/list/?start_date=2026-01-07&end_date=2026-04-07&page=1&page_size=10 HTTP/1.1" 200 7652
[07/Apr/2026 16:18:30] "GET /datatable/po/list/?start_date=2026-01-07&end_date=2026-04-07&page=1&page_size=10 HTTP/1.1" 200 7652
[07/Apr/2026 16:19:00] "GET /datatable/po/list/?start_date=2026-01-07&end_date=2026-04-07&page=1&page_size=10 HTTP/1.1" 200 7652
[07/Apr/2026 16:19:30] "GET /datatable/po/list/?start_date=2026-01-07&end_date=2026-04-07&page=1&page_size=10 HTTP/1.1" 200 7652
[07/Apr/2026 16:20:00] "GET /datatable/po/list/?start_date=2026-01-07&end_date=2026-04-07&page=1&page_size=10 HTTP/1.1" 200 7652
[07/Apr/2026 16:20:30] "GET /datatable/po/list/?start_date=2026-01-07&end_date=2026-04-07&page=1&page_size=10 HTTP/1.1" 200 7652
[07/Apr/2026 16:21:00] "GET /datatable/po/list/?start_date=2026-01-07&end_date=2026-04-07&page=1&page_size=10 HTTP/1.1" 200 7652
[07/Apr/2026 16:21:30] "GET /datatable/po/list/?start_date=2026-01-07&end_date=2026-04-07&page=1&page_size=10 HTTP/1.1" 200 7652
[07/Apr/2026 16:22:00] "GET /datatable/po/list/?start_date=2026-01-07&end_date=2026-04-07&page=1&page_size=10 HTTP/1.1" 200 7652
[07/Apr/2026 16:22:30] "GET /datatable/po/list/?start_date=2026-01-07&end_date=2026-04-07&page=1&page_size=10 HTTP/1.1" 200 7652
[07/Apr/2026 16:23:00] "GET /datatable/po/list/?start_date=2026-01-07&end_date=2026-04-07&page=1&page_size=10 HTTP/1.1" 200 7652
[07/Apr/2026 16:23:30] "GET /datatable/po/list/?start_date=2026-01-07&end_date=2026-04-07&page=1&page_size=10 HTTP/1.1" 200 7652
[07/Apr/2026 16:24:00] "GET /datatable/po/list/?start_date=2026-01-07&end_date=2026-04-07&page=1&page_size=10 HTTP/1.1" 200 7652
[07/Apr/2026 16:24:30] "GET /datatable/po/list/?start_date=2026-01-07&end_date=2026-04-07&page=1&page_size=10 HTTP/1.1" 200 7652
[07/Apr/2026 16:25:00] "GET /datatable/po/list/?start_date=2026-01-07&end_date=2026-04-07&page=1&page_size=10 HTTP/1.1" 200 7652
[07/Apr/2026 16:25:30] "GET /datatable/po/list/?start_date=2026-01-07&end_date=2026-04-07&page=1&page_size=10 HTTP/1.1" 200 7652
[07/Apr/2026 16:26:00] "GET /datatable/po/list/?start_date=2026-01-07&end_date=2026-04-07&page=1&page_size=10 HTTP/1.1" 200 7652
[07/Apr/2026 16:26:30] "OPTIONS /datatable/po/list/?start_date=2026-01-07&end_date=2026-04-07&page=1&page_size=10 HTTP/1.1" 200 0
[07/Apr/2026 16:26:30] "GET /datatable/po/list/?start_date=2026-01-07&end_date=2026-04-07&page=1&page_size=10 HTTP/1.1" 200 7652
[07/Apr/2026 16:27:00] "GET /datatable/po/list/?start_date=2026-01-07&end_date=2026-04-07&page=1&page_size=10 HTTP/1.1" 200 7652
[07/Apr/2026 16:27:30] "GET /datatable/po/list/?start_date=2026-01-07&end_date=2026-04-07&page=1&page_size=10 HTTP/1.1" 200 7652
[07/Apr/2026 16:28:00] "GET /datatable/po/list/?start_date=2026-01-07&end_date=2026-04-07&page=1&page_size=10 HTTP/1.1" 200 7652
[07/Apr/2026 16:28:30] "GET /datatable/po/list/?start_date=2026-01-07&end_date=2026-04-07&page=1&page_size=10 HTTP/1.1" 200 7652
[07/Apr/2026 16:29:00] "GET /datatable/po/list/?start_date=2026-01-07&end_date=2026-04-07&page=1&page_size=10 HTTP/1.1" 200 7652
[07/Apr/2026 16:29:30] "GET /datatable/po/list/?start_date=2026-01-07&end_date=2026-04-07&page=1&page_size=10 HTTP/1.1" 200 7652
[07/Apr/2026 16:30:00] "GET /datatable/po/list/?start_date=2026-01-07&end_date=2026-04-07&page=1&page_size=10 HTTP/1.1" 200 7652
[07/Apr/2026 16:30:30] "GET /datatable/po/list/?start_date=2026-01-07&end_date=2026-04-07&page=1&page_size=10 HTTP/1.1" 200 7652
[07/Apr/2026 16:31:00] "GET /datatable/po/list/?start_date=2026-01-07&end_date=2026-04-07&page=1&page_size=10 HTTP/1.1" 200 7652
[07/Apr/2026 16:31:30] "GET /datatable/po/list/?start_date=2026-01-07&end_date=2026-04-07&page=1&page_size=10 HTTP/1.1" 200 7652
[07/Apr/2026 16:32:00] "GET /datatable/po/list/?start_date=2026-01-07&end_date=2026-04-07&page=1&page_size=10 HTTP/1.1" 200 7652
[07/Apr/2026 16:32:30] "GET /datatable/po/list/?start_date=2026-01-07&end_date=2026-04-07&page=1&page_size=10 HTTP/1.1" 200 7652
[07/Apr/2026 16:33:00] "GET /datatable/po/list/?start_date=2026-01-07&end_date=2026-04-07&page=1&page_size=10 HTTP/1.1" 200 7652
[07/Apr/2026 16:33:30] "GET /datatable/po/list/?start_date=2026-01-07&end_date=2026-04-07&page=1&page_size=10 HTTP/1.1" 200 7652
[07/Apr/2026 16:34:00] "GET /datatable/po/list/?start_date=2026-01-07&end_date=2026-04-07&page=1&page_size=10 HTTP/1.1" 200 7652
[07/Apr/2026 16:34:30] "GET /datatable/po/list/?start_date=2026-01-07&end_date=2026-04-07&page=1&page_size=10 HTTP/1.1" 200 7652
[07/Apr/2026 16:35:00] "GET /datatable/po/list/?start_date=2026-01-07&end_date=2026-04-07&page=1&page_size=10 HTTP/1.1" 200 7652
[07/Apr/2026 16:35:30] "GET /datatable/po/list/?start_date=2026-01-07&end_date=2026-04-07&page=1&page_size=10 HTTP/1.1" 200 7652
[07/Apr/2026 16:36:00] "GET /datatable/po/list/?start_date=2026-01-07&end_date=2026-04-07&page=1&page_size=10 HTTP/1.1" 200 7652
[07/Apr/2026 16:36:30] "GET /datatable/po/list/?start_date=2026-01-07&end_date=2026-04-07&page=1&page_size=10 HTTP/1.1" 200 7652
[07/Apr/2026 16:37:00] "GET /datatable/po/list/?start_date=2026-01-07&end_date=2026-04-07&page=1&page_size=10 HTTP/1.1" 200 7652
[07/Apr/2026 16:37:30] "GET /datatable/po/list/?start_date=2026-01-07&end_date=2026-04-07&page=1&page_size=10 HTTP/1.1" 200 7652
[07/Apr/2026 16:38:00] "GET /datatable/po/list/?start_date=2026-01-07&end_date=2026-04-07&page=1&page_size=10 HTTP/1.1" 200 7652
[07/Apr/2026 16:38:30] "GET /datatable/po/list/?start_date=2026-01-07&end_date=2026-04-07&page=1&page_size=10 HTTP/1.1" 200 7652
[07/Apr/2026 16:39:00] "GET /datatable/po/list/?start_date=2026-01-07&end_date=2026-04-07&page=1&page_size=10 HTTP/1.1" 200 7652
[07/Apr/2026 16:39:30] "GET /datatable/po/list/?start_date=2026-01-07&end_date=2026-04-07&page=1&page_size=10 HTTP/1.1" 200 7652
[07/Apr/2026 16:40:00] "GET /datatable/po/list/?start_date=2026-01-07&end_date=2026-04-07&page=1&page_size=10 HTTP/1.1" 200 7652
[07/Apr/2026 16:40:30] "GET /datatable/po/list/?start_date=2026-01-07&end_date=2026-04-07&page=1&page_size=10 HTTP/1.1" 200 7652
[07/Apr/2026 16:41:00] "GET /datatable/po/list/?start_date=2026-01-07&end_date=2026-04-07&page=1&page_size=10 HTTP/1.1" 200 7652
[07/Apr/2026 16:41:30] "GET /datatable/po/list/?start_date=2026-01-07&end_date=2026-04-07&page=1&page_size=10 HTTP/1.1" 200 7652
[07/Apr/2026 16:42:00] "GET /datatable/po/list/?start_date=2026-01-07&end_date=2026-04-07&page=1&page_size=10 HTTP/1.1" 200 7652
[07/Apr/2026 16:42:30] "GET /datatable/po/list/?start_date=2026-01-07&end_date=2026-04-07&page=1&page_size=10 HTTP/1.1" 200 7652
[07/Apr/2026 16:43:00] "GET /datatable/po/list/?start_date=2026-01-07&end_date=2026-04-07&page=1&page_size=10 HTTP/1.1" 200 7652
[07/Apr/2026 16:43:30] "GET /datatable/po/list/?start_date=2026-01-07&end_date=2026-04-07&page=1&page_size=10 HTTP/1.1" 200 7652
[07/Apr/2026 16:44:00] "GET /datatable/po/list/?start_date=2026-01-07&end_date=2026-04-07&page=1&page_size=10 HTTP/1.1" 200 7652
[07/Apr/2026 16:44:30] "GET /datatable/po/list/?start_date=2026-01-07&end_date=2026-04-07&page=1&page_size=10 HTTP/1.1" 200 7652
[07/Apr/2026 16:45:00] "GET /datatable/po/list/?start_date=2026-01-07&end_date=2026-04-07&page=1&page_size=10 HTTP/1.1" 200 7652
[07/Apr/2026 16:45:30] "GET /datatable/po/list/?start_date=2026-01-07&end_date=2026-04-07&page=1&page_size=10 HTTP/1.1" 200 7652
[07/Apr/2026 16:46:00] "GET /datatable/po/list/?start_date=2026-01-07&end_date=2026-04-07&page=1&page_size=10 HTTP/1.1" 200 7652
[07/Apr/2026 16:46:30] "GET /datatable/po/list/?start_date=2026-01-07&end_date=2026-04-07&page=1&page_size=10 HTTP/1.1" 200 7652
[07/Apr/2026 16:47:00] "GET /datatable/po/list/?start_date=2026-01-07&end_date=2026-04-07&page=1&page_size=10 HTTP/1.1" 200 7652
[07/Apr/2026 16:47:30] "GET /datatable/po/list/?start_date=2026-01-07&end_date=2026-04-07&page=1&page_size=10 HTTP/1.1" 200 7652
[07/Apr/2026 16:48:00] "GET /datatable/po/list/?start_date=2026-01-07&end_date=2026-04-07&page=1&page_size=10 HTTP/1.1" 200 7652
[07/Apr/2026 16:48:30] "GET /datatable/po/list/?start_date=2026-01-07&end_date=2026-04-07&page=1&page_size=10 HTTP/1.1" 200 7652
[07/Apr/2026 16:49:00] "GET /datatable/po/list/?start_date=2026-01-07&end_date=2026-04-07&page=1&page_size=10 HTTP/1.1" 200 7652
[07/Apr/2026 16:49:30] "GET /datatable/po/list/?start_date=2026-01-07&end_date=2026-04-07&page=1&page_size=10 HTTP/1.1" 200 7652
[07/Apr/2026 16:50:00] "GET /datatable/po/list/?start_date=2026-01-07&end_date=2026-04-07&page=1&page_size=10 HTTP/1.1" 200 7652
[07/Apr/2026 16:50:30] "GET /datatable/po/list/?start_date=2026-01-07&end_date=2026-04-07&page=1&page_size=10 HTTP/1.1" 200 7652
[07/Apr/2026 16:51:00] "GET /datatable/po/list/?start_date=2026-01-07&end_date=2026-04-07&page=1&page_size=10 HTTP/1.1" 200 7652
[07/Apr/2026 16:51:30] "GET /datatable/po/list/?start_date=2026-01-07&end_date=2026-04-07&page=1&page_size=10 HTTP/1.1" 200 7652
[07/Apr/2026 16:52:00] "GET /datatable/po/list/?start_date=2026-01-07&end_date=2026-04-07&page=1&page_size=10 HTTP/1.1" 200 7652
[07/Apr/2026 16:52:30] "GET /datatable/po/list/?start_date=2026-01-07&end_date=2026-04-07&page=1&page_size=10 HTTP/1.1" 200 7652
[07/Apr/2026 16:53:00] "GET /datatable/po/list/?start_date=2026-01-07&end_date=2026-04-07&page=1&page_size=10 HTTP/1.1" 200 7652
[07/Apr/2026 16:53:30] "GET /datatable/po/list/?start_date=2026-01-07&end_date=2026-04-07&page=1&page_size=10 HTTP/1.1" 200 7652
[07/Apr/2026 16:54:00] "GET /datatable/po/list/?start_date=2026-01-07&end_date=2026-04-07&page=1&page_size=10 HTTP/1.1" 200 7652
[07/Apr/2026 16:54:30] "GET /datatable/po/list/?start_date=2026-01-07&end_date=2026-04-07&page=1&page_size=10 HTTP/1.1" 200 7652
[07/Apr/2026 16:55:00] "GET /datatable/po/list/?start_date=2026-01-07&end_date=2026-04-07&page=1&page_size=10 HTTP/1.1" 200 7652
[07/Apr/2026 16:55:30] "GET /datatable/po/list/?start_date=2026-01-07&end_date=2026-04-07&page=1&page_size=10 HTTP/1.1" 200 7652
[07/Apr/2026 16:56:00] "GET /datatable/po/list/?start_date=2026-01-07&end_date=2026-04-07&page=1&page_size=10 HTTP/1.1" 200 7652
[07/Apr/2026 16:56:30] "GET /datatable/po/list/?start_date=2026-01-07&end_date=2026-04-07&page=1&page_size=10 HTTP/1.1" 200 7652
[07/Apr/2026 16:57:00] "GET /datatable/po/list/?start_date=2026-01-07&end_date=2026-04-07&page=1&page_size=10 HTTP/1.1" 200 7652
[07/Apr/2026 16:57:30] "GET /datatable/po/list/?start_date=2026-01-07&end_date=2026-04-07&page=1&page_size=10 HTTP/1.1" 200 7652
[07/Apr/2026 16:58:00] "GET /datatable/po/list/?start_date=2026-01-07&end_date=2026-04-07&page=1&page_size=10 HTTP/1.1" 200 7652
[07/Apr/2026 16:58:30] "GET /datatable/po/list/?start_date=2026-01-07&end_date=2026-04-07&page=1&page_size=10 HTTP/1.1" 200 7652
[07/Apr/2026 16:59:00] "GET /datatable/po/list/?start_date=2026-01-07&end_date=2026-04-07&page=1&page_size=10 HTTP/1.1" 200 7652
[07/Apr/2026 16:59:30] "GET /datatable/po/list/?start_date=2026-01-07&end_date=2026-04-07&page=1&page_size=10 HTTP/1.1" 200 7652
[07/Apr/2026 17:00:00] "GET /datatable/po/list/?start_date=2026-01-07&end_date=2026-04-07&page=1&page_size=10 HTTP/1.1" 200 7652
[07/Apr/2026 17:00:30] "GET /datatable/po/list/?start_date=2026-01-07&end_date=2026-04-07&page=1&page_size=10 HTTP/1.1" 200 7652
[07/Apr/2026 17:01:00] "GET /datatable/po/list/?start_date=2026-01-07&end_date=2026-04-07&page=1&page_size=10 HTTP/1.1" 200 7652
[07/Apr/2026 17:01:30] "GET /datatable/po/list/?start_date=2026-01-07&end_date=2026-04-07&page=1&page_size=10 HTTP/1.1" 200 7652
[07/Apr/2026 17:02:00] "GET /datatable/po/list/?start_date=2026-01-07&end_date=2026-04-07&page=1&page_size=10 HTTP/1.1" 200 7652
[07/Apr/2026 17:02:30] "GET /datatable/po/list/?start_date=2026-01-07&end_date=2026-04-07&page=1&page_size=10 HTTP/1.1" 200 7652
[07/Apr/2026 17:03:00] "GET /datatable/po/list/?start_date=2026-01-07&end_date=2026-04-07&page=1&page_size=10 HTTP/1.1" 200 7652
[07/Apr/2026 17:03:30] "GET /datatable/po/list/?start_date=2026-01-07&end_date=2026-04-07&page=1&page_size=10 HTTP/1.1" 200 7652
[07/Apr/2026 17:04:00] "GET /datatable/po/list/?start_date=2026-01-07&end_date=2026-04-07&page=1&page_size=10 HTTP/1.1" 200 7652
[07/Apr/2026 17:04:30] "GET /datatable/po/list/?start_date=2026-01-07&end_date=2026-04-07&page=1&page_size=10 HTTP/1.1" 200 7652
[07/Apr/2026 17:05:00] "GET /datatable/po/list/?start_date=2026-01-07&end_date=2026-04-07&page=1&page_size=10 HTTP/1.1" 200 7652
[07/Apr/2026 17:05:30] "GET /datatable/po/list/?start_date=2026-01-07&end_date=2026-04-07&page=1&page_size=10 HTTP/1.1" 200 7652
[07/Apr/2026 17:06:00] "GET /datatable/po/list/?start_date=2026-01-07&end_date=2026-04-07&page=1&page_size=10 HTTP/1.1" 200 7652
[07/Apr/2026 17:06:30] "GET /datatable/po/list/?start_date=2026-01-07&end_date=2026-04-07&page=1&page_size=10 HTTP/1.1" 200 7652
[07/Apr/2026 17:07:00] "GET /datatable/po/list/?start_date=2026-01-07&end_date=2026-04-07&page=1&page_size=10 HTTP/1.1" 200 7652
[07/Apr/2026 17:07:30] "GET /datatable/po/list/?start_date=2026-01-07&end_date=2026-04-07&page=1&page_size=10 HTTP/1.1" 200 7652
[07/Apr/2026 17:08:00] "GET /datatable/po/list/?start_date=2026-01-07&end_date=2026-04-07&page=1&page_size=10 HTTP/1.1" 200 7652
[07/Apr/2026 17:08:30] "GET /datatable/po/list/?start_date=2026-01-07&end_date=2026-04-07&page=1&page_size=10 HTTP/1.1" 200 7652
[07/Apr/2026 17:09:00] "GET /datatable/po/list/?start_date=2026-01-07&end_date=2026-04-07&page=1&page_size=10 HTTP/1.1" 200 7652
[07/Apr/2026 17:09:30] "GET /datatable/po/list/?start_date=2026-01-07&end_date=2026-04-07&page=1&page_size=10 HTTP/1.1" 200 7652
[07/Apr/2026 17:10:00] "GET /datatable/po/list/?start_date=2026-01-07&end_date=2026-04-07&page=1&page_size=10 HTTP/1.1" 200 7652
[07/Apr/2026 17:10:30] "GET /datatable/po/list/?start_date=2026-01-07&end_date=2026-04-07&page=1&page_size=10 HTTP/1.1" 200 7652
[07/Apr/2026 17:11:00] "GET /datatable/po/list/?start_date=2026-01-07&end_date=2026-04-07&page=1&page_size=10 HTTP/1.1" 200 7652
[07/Apr/2026 17:11:30] "GET /datatable/po/list/?start_date=2026-01-07&end_date=2026-04-07&page=1&page_size=10 HTTP/1.1" 200 7652
[07/Apr/2026 17:12:00] "GET /datatable/po/list/?start_date=2026-01-07&end_date=2026-04-07&page=1&page_size=10 HTTP/1.1" 200 7652
[07/Apr/2026 17:12:30] "GET /datatable/po/list/?start_date=2026-01-07&end_date=2026-04-07&page=1&page_size=10 HTTP/1.1" 200 7652
[07/Apr/2026 17:13:00] "GET /datatable/po/list/?start_date=2026-01-07&end_date=2026-04-07&page=1&page_size=10 HTTP/1.1" 200 7652
[07/Apr/2026 17:13:30] "GET /datatable/po/list/?start_date=2026-01-07&end_date=2026-04-07&page=1&page_size=10 HTTP/1.1" 200 7652
[07/Apr/2026 17:14:00] "GET /datatable/po/list/?start_date=2026-01-07&end_date=2026-04-07&page=1&page_size=10 HTTP/1.1" 200 7652
[07/Apr/2026 17:14:30] "GET /datatable/po/list/?start_date=2026-01-07&end_date=2026-04-07&page=1&page_size=10 HTTP/1.1" 200 7652
[07/Apr/2026 17:15:00] "GET /datatable/po/list/?start_date=2026-01-07&end_date=2026-04-07&page=1&page_size=10 HTTP/1.1" 200 7652
[07/Apr/2026 17:15:30] "GET /datatable/po/list/?start_date=2026-01-07&end_date=2026-04-07&page=1&page_size=10 HTTP/1.1" 200 7652
[07/Apr/2026 17:16:00] "GET /datatable/po/list/?start_date=2026-01-07&end_date=2026-04-07&page=1&page_size=10 HTTP/1.1" 200 7652
[07/Apr/2026 17:16:30] "GET /datatable/po/list/?start_date=2026-01-07&end_date=2026-04-07&page=1&page_size=10 HTTP/1.1" 200 7652
[07/Apr/2026 17:17:00] "GET /datatable/po/list/?start_date=2026-01-07&end_date=2026-04-07&page=1&page_size=10 HTTP/1.1" 200 7652
[07/Apr/2026 17:17:30] "GET /datatable/po/list/?start_date=2026-01-07&end_date=2026-04-07&page=1&page_size=10 HTTP/1.1" 200 7652
[07/Apr/2026 17:18:00] "GET /datatable/po/list/?start_date=2026-01-07&end_date=2026-04-07&page=1&page_size=10 HTTP/1.1" 200 7652
[07/Apr/2026 17:18:30] "GET /datatable/po/list/?start_date=2026-01-07&end_date=2026-04-07&page=1&page_size=10 HTTP/1.1" 200 7652
[07/Apr/2026 17:19:00] "GET /datatable/po/list/?start_date=2026-01-07&end_date=2026-04-07&page=1&page_size=10 HTTP/1.1" 200 7652
[07/Apr/2026 17:19:30] "GET /datatable/po/list/?start_date=2026-01-07&end_date=2026-04-07&page=1&page_size=10 HTTP/1.1" 200 7652
[07/Apr/2026 17:20:00] "GET /datatable/po/list/?start_date=2026-01-07&end_date=2026-04-07&page=1&page_size=10 HTTP/1.1" 200 7652
[07/Apr/2026 17:20:30] "GET /datatable/po/list/?start_date=2026-01-07&end_date=2026-04-07&page=1&page_size=10 HTTP/1.1" 200 7652
[07/Apr/2026 17:21:00] "GET /datatable/po/list/?start_date=2026-01-07&end_date=2026-04-07&page=1&page_size=10 HTTP/1.1" 200 7652
[07/Apr/2026 17:21:30] "GET /datatable/po/list/?start_date=2026-01-07&end_date=2026-04-07&page=1&page_size=10 HTTP/1.1" 200 7652
[07/Apr/2026 17:22:00] "GET /datatable/po/list/?start_date=2026-01-07&end_date=2026-04-07&page=1&page_size=10 HTTP/1.1" 200 7652
[07/Apr/2026 17:22:30] "GET /datatable/po/list/?start_date=2026-01-07&end_date=2026-04-07&page=1&page_size=10 HTTP/1.1" 200 7652
[07/Apr/2026 17:23:00] "GET /datatable/po/list/?start_date=2026-01-07&end_date=2026-04-07&page=1&page_size=10 HTTP/1.1" 200 7652
[07/Apr/2026 17:23:30] "GET /datatable/po/list/?start_date=2026-01-07&end_date=2026-04-07&page=1&page_size=10 HTTP/1.1" 200 7652
[07/Apr/2026 17:24:00] "GET /datatable/po/list/?start_date=2026-01-07&end_date=2026-04-07&page=1&page_size=10 HTTP/1.1" 200 7652
[07/Apr/2026 17:24:30] "GET /datatable/po/list/?start_date=2026-01-07&end_date=2026-04-07&page=1&page_size=10 HTTP/1.1" 200 7652
[07/Apr/2026 17:25:00] "GET /datatable/po/list/?start_date=2026-01-07&end_date=2026-04-07&page=1&page_size=10 HTTP/1.1" 200 7652
[07/Apr/2026 17:25:30] "GET /datatable/po/list/?start_date=2026-01-07&end_date=2026-04-07&page=1&page_size=10 HTTP/1.1" 200 7652
[07/Apr/2026 17:26:00] "GET /datatable/po/list/?start_date=2026-01-07&end_date=2026-04-07&page=1&page_size=10 HTTP/1.1" 200 7652
[07/Apr/2026 17:26:30] "GET /datatable/po/list/?start_date=2026-01-07&end_date=2026-04-07&page=1&page_size=10 HTTP/1.1" 200 7652
[07/Apr/2026 17:27:00] "GET /datatable/po/list/?start_date=2026-01-07&end_date=2026-04-07&page=1&page_size=10 HTTP/1.1" 200 7652
[07/Apr/2026 17:27:30] "GET /datatable/po/list/?start_date=2026-01-07&end_date=2026-04-07&page=1&page_size=10 HTTP/1.1" 200 7652
[07/Apr/2026 17:28:00] "GET /datatable/po/list/?start_date=2026-01-07&end_date=2026-04-07&page=1&page_size=10 HTTP/1.1" 200 7652
[07/Apr/2026 17:28:30] "GET /datatable/po/list/?start_date=2026-01-07&end_date=2026-04-07&page=1&page_size=10 HTTP/1.1" 200 7652
[07/Apr/2026 17:29:00] "GET /datatable/po/list/?start_date=2026-01-07&end_date=2026-04-07&page=1&page_size=10 HTTP/1.1" 200 7652
[07/Apr/2026 17:29:30] "GET /datatable/po/list/?start_date=2026-01-07&end_date=2026-04-07&page=1&page_size=10 HTTP/1.1" 200 7652
[07/Apr/2026 17:30:00] "GET /datatable/po/list/?start_date=2026-01-07&end_date=2026-04-07&page=1&page_size=10 HTTP/1.1" 200 7652
[07/Apr/2026 17:30:30] "GET /datatable/po/list/?start_date=2026-01-07&end_date=2026-04-07&page=1&page_size=10 HTTP/1.1" 200 7652
[07/Apr/2026 17:31:00] "GET /datatable/po/list/?start_date=2026-01-07&end_date=2026-04-07&page=1&page_size=10 HTTP/1.1" 200 7652
[07/Apr/2026 17:31:30] "GET /datatable/po/list/?start_date=2026-01-07&end_date=2026-04-07&page=1&page_size=10 HTTP/1.1" 200 7652
[07/Apr/2026 17:32:00] "GET /datatable/po/list/?start_date=2026-01-07&end_date=2026-04-07&page=1&page_size=10 HTTP/1.1" 200 7652
[07/Apr/2026 17:32:30] "GET /datatable/po/list/?start_date=2026-01-07&end_date=2026-04-07&page=1&page_size=10 HTTP/1.1" 200 7652
[07/Apr/2026 17:33:00] "GET /datatable/po/list/?start_date=2026-01-07&end_date=2026-04-07&page=1&page_size=10 HTTP/1.1" 200 7652
[07/Apr/2026 17:33:30] "GET /datatable/po/list/?start_date=2026-01-07&end_date=2026-04-07&page=1&page_size=10 HTTP/1.1" 200 7652
[07/Apr/2026 17:34:00] "GET /datatable/po/list/?start_date=2026-01-07&end_date=2026-04-07&page=1&page_size=10 HTTP/1.1" 200 7652
[07/Apr/2026 17:34:30] "GET /datatable/po/list/?start_date=2026-01-07&end_date=2026-04-07&page=1&page_size=10 HTTP/1.1" 200 7652
[07/Apr/2026 17:35:00] "GET /datatable/po/list/?start_date=2026-01-07&end_date=2026-04-07&page=1&page_size=10 HTTP/1.1" 200 7652
[07/Apr/2026 17:35:30] "GET /datatable/po/list/?start_date=2026-01-07&end_date=2026-04-07&page=1&page_size=10 HTTP/1.1" 200 7652
[07/Apr/2026 17:36:00] "GET /datatable/po/list/?start_date=2026-01-07&end_date=2026-04-07&page=1&page_size=10 HTTP/1.1" 200 7652
[07/Apr/2026 17:36:30] "GET /datatable/po/list/?start_date=2026-01-07&end_date=2026-04-07&page=1&page_size=10 HTTP/1.1" 200 7652
[07/Apr/2026 17:37:00] "GET /datatable/po/list/?start_date=2026-01-07&end_date=2026-04-07&page=1&page_size=10 HTTP/1.1" 200 7652
[07/Apr/2026 17:37:30] "GET /datatable/po/list/?start_date=2026-01-07&end_date=2026-04-07&page=1&page_size=10 HTTP/1.1" 200 7652
[07/Apr/2026 17:38:00] "GET /datatable/po/list/?start_date=2026-01-07&end_date=2026-04-07&page=1&page_size=10 HTTP/1.1" 200 7652
[07/Apr/2026 17:38:30] "GET /datatable/po/list/?start_date=2026-01-07&end_date=2026-04-07&page=1&page_size=10 HTTP/1.1" 200 7652
[07/Apr/2026 17:39:00] "GET /datatable/po/list/?start_date=2026-01-07&end_date=2026-04-07&page=1&page_size=10 HTTP/1.1" 200 7652
[07/Apr/2026 17:39:30] "GET /datatable/po/list/?start_date=2026-01-07&end_date=2026-04-07&page=1&page_size=10 HTTP/1.1" 200 7652
[07/Apr/2026 17:40:00] "GET /datatable/po/list/?start_date=2026-01-07&end_date=2026-04-07&page=1&page_size=10 HTTP/1.1" 200 7652
[07/Apr/2026 17:40:30] "GET /datatable/po/list/?start_date=2026-01-07&end_date=2026-04-07&page=1&page_size=10 HTTP/1.1" 200 7652
[07/Apr/2026 17:41:00] "GET /datatable/po/list/?start_date=2026-01-07&end_date=2026-04-07&page=1&page_size=10 HTTP/1.1" 200 7652
[07/Apr/2026 17:41:30] "GET /datatable/po/list/?start_date=2026-01-07&end_date=2026-04-07&page=1&page_size=10 HTTP/1.1" 200 7652
[07/Apr/2026 17:42:00] "GET /datatable/po/list/?start_date=2026-01-07&end_date=2026-04-07&page=1&page_size=10 HTTP/1.1" 200 7652
[07/Apr/2026 17:42:30] "GET /datatable/po/list/?start_date=2026-01-07&end_date=2026-04-07&page=1&page_size=10 HTTP/1.1" 200 7652
[07/Apr/2026 17:43:00] "GET /datatable/po/list/?start_date=2026-01-07&end_date=2026-04-07&page=1&page_size=10 HTTP/1.1" 200 7652
[07/Apr/2026 17:43:30] "GET /datatable/po/list/?start_date=2026-01-07&end_date=2026-04-07&page=1&page_size=10 HTTP/1.1" 200 7652
[07/Apr/2026 17:44:00] "GET /datatable/po/list/?start_date=2026-01-07&end_date=2026-04-07&page=1&page_size=10 HTTP/1.1" 200 7652
[07/Apr/2026 17:44:30] "GET /datatable/po/list/?start_date=2026-01-07&end_date=2026-04-07&page=1&page_size=10 HTTP/1.1" 200 7652
[07/Apr/2026 17:45:00] "GET /datatable/po/list/?start_date=2026-01-07&end_date=2026-04-07&page=1&page_size=10 HTTP/1.1" 200 7652
[07/Apr/2026 17:45:30] "GET /datatable/po/list/?start_date=2026-01-07&end_date=2026-04-07&page=1&page_size=10 HTTP/1.1" 200 7652
[07/Apr/2026 17:46:00] "GET /datatable/po/list/?start_date=2026-01-07&end_date=2026-04-07&page=1&page_size=10 HTTP/1.1" 200 7652
[07/Apr/2026 17:46:30] "GET /datatable/po/list/?start_date=2026-01-07&end_date=2026-04-07&page=1&page_size=10 HTTP/1.1" 200 7652
[07/Apr/2026 17:47:00] "GET /datatable/po/list/?start_date=2026-01-07&end_date=2026-04-07&page=1&page_size=10 HTTP/1.1" 200 7652
[07/Apr/2026 17:47:30] "GET /datatable/po/list/?start_date=2026-01-07&end_date=2026-04-07&page=1&page_size=10 HTTP/1.1" 200 7652
[07/Apr/2026 17:48:00] "GET /datatable/po/list/?start_date=2026-01-07&end_date=2026-04-07&page=1&page_size=10 HTTP/1.1" 200 7652
[07/Apr/2026 17:48:30] "GET /datatable/po/list/?start_date=2026-01-07&end_date=2026-04-07&page=1&page_size=10 HTTP/1.1" 200 7652
[07/Apr/2026 17:49:00] "GET /datatable/po/list/?start_date=2026-01-07&end_date=2026-04-07&page=1&page_size=10 HTTP/1.1" 200 7652
[07/Apr/2026 17:49:30] "GET /datatable/po/list/?start_date=2026-01-07&end_date=2026-04-07&page=1&page_size=10 HTTP/1.1" 200 7652
[07/Apr/2026 17:50:00] "GET /datatable/po/list/?start_date=2026-01-07&end_date=2026-04-07&page=1&page_size=10 HTTP/1.1" 200 7652
[07/Apr/2026 17:50:30] "GET /datatable/po/list/?start_date=2026-01-07&end_date=2026-04-07&page=1&page_size=10 HTTP/1.1" 200 7652
[07/Apr/2026 17:51:00] "GET /datatable/po/list/?start_date=2026-01-07&end_date=2026-04-07&page=1&page_size=10 HTTP/1.1" 200 7652
[07/Apr/2026 17:51:30] "GET /datatable/po/list/?start_date=2026-01-07&end_date=2026-04-07&page=1&page_size=10 HTTP/1.1" 200 7652
[07/Apr/2026 17:52:00] "GET /datatable/po/list/?start_date=2026-01-07&end_date=2026-04-07&page=1&page_size=10 HTTP/1.1" 200 7652
[07/Apr/2026 17:52:30] "GET /datatable/po/list/?start_date=2026-01-07&end_date=2026-04-07&page=1&page_size=10 HTTP/1.1" 200 7652
[07/Apr/2026 17:53:00] "GET /datatable/po/list/?start_date=2026-01-07&end_date=2026-04-07&page=1&page_size=10 HTTP/1.1" 200 7652
[07/Apr/2026 17:53:30] "GET /datatable/po/list/?start_date=2026-01-07&end_date=2026-04-07&page=1&page_size=10 HTTP/1.1" 200 7652
[07/Apr/2026 17:54:00] "GET /datatable/po/list/?start_date=2026-01-07&end_date=2026-04-07&page=1&page_size=10 HTTP/1.1" 200 7652
[07/Apr/2026 17:54:30] "GET /datatable/po/list/?start_date=2026-01-07&end_date=2026-04-07&page=1&page_size=10 HTTP/1.1" 200 7652
[07/Apr/2026 17:55:00] "GET /datatable/po/list/?start_date=2026-01-07&end_date=2026-04-07&page=1&page_size=10 HTTP/1.1" 200 7652
[07/Apr/2026 17:55:30] "GET /datatable/po/list/?start_date=2026-01-07&end_date=2026-04-07&page=1&page_size=10 HTTP/1.1" 200 7652
[07/Apr/2026 17:56:00] "GET /datatable/po/list/?start_date=2026-01-07&end_date=2026-04-07&page=1&page_size=10 HTTP/1.1" 200 7652
[07/Apr/2026 17:56:30] "GET /datatable/po/list/?start_date=2026-01-07&end_date=2026-04-07&page=1&page_size=10 HTTP/1.1" 200 7652
[07/Apr/2026 17:57:00] "GET /datatable/po/list/?start_date=2026-01-07&end_date=2026-04-07&page=1&page_size=10 HTTP/1.1" 200 7652
[07/Apr/2026 17:57:30] "GET /datatable/po/list/?start_date=2026-01-07&end_date=2026-04-07&page=1&page_size=10 HTTP/1.1" 200 7652
[07/Apr/2026 17:58:00] "GET /datatable/po/list/?start_date=2026-01-07&end_date=2026-04-07&page=1&page_size=10 HTTP/1.1" 200 7652
[07/Apr/2026 17:58:30] "GET /datatable/po/list/?start_date=2026-01-07&end_date=2026-04-07&page=1&page_size=10 HTTP/1.1" 200 7652
[07/Apr/2026 17:59:00] "GET /datatable/po/list/?start_date=2026-01-07&end_date=2026-04-07&page=1&page_size=10 HTTP/1.1" 200 7652
[07/Apr/2026 17:59:30] "GET /datatable/po/list/?start_date=2026-01-07&end_date=2026-04-07&page=1&page_size=10 HTTP/1.1" 200 7652
[07/Apr/2026 18:00:00] "GET /datatable/po/list/?start_date=2026-01-07&end_date=2026-04-07&page=1&page_size=10 HTTP/1.1" 200 7652
[07/Apr/2026 18:00:30] "GET /datatable/po/list/?start_date=2026-01-07&end_date=2026-04-07&page=1&page_size=10 HTTP/1.1" 200 7652
[07/Apr/2026 18:01:00] "GET /datatable/po/list/?start_date=2026-01-07&end_date=2026-04-07&page=1&page_size=10 HTTP/1.1" 200 7652
[07/Apr/2026 18:01:30] "GET /datatable/po/list/?start_date=2026-01-07&end_date=2026-04-07&page=1&page_size=10 HTTP/1.1" 200 7652
[07/Apr/2026 18:02:00] "GET /datatable/po/list/?start_date=2026-01-07&end_date=2026-04-07&page=1&page_size=10 HTTP/1.1" 200 7652
[07/Apr/2026 18:02:30] "GET /datatable/po/list/?start_date=2026-01-07&end_date=2026-04-07&page=1&page_size=10 HTTP/1.1" 200 7652
[07/Apr/2026 18:03:00] "GET /datatable/po/list/?start_date=2026-01-07&end_date=2026-04-07&page=1&page_size=10 HTTP/1.1" 200 7652
[07/Apr/2026 18:03:30] "GET /datatable/po/list/?start_date=2026-01-07&end_date=2026-04-07&page=1&page_size=10 HTTP/1.1" 200 7652
[07/Apr/2026 18:04:00] "GET /datatable/po/list/?start_date=2026-01-07&end_date=2026-04-07&page=1&page_size=10 HTTP/1.1" 200 7652
[07/Apr/2026 18:04:30] "GET /datatable/po/list/?start_date=2026-01-07&end_date=2026-04-07&page=1&page_size=10 HTTP/1.1" 200 7652
[07/Apr/2026 18:05:00] "GET /datatable/po/list/?start_date=2026-01-07&end_date=2026-04-07&page=1&page_size=10 HTTP/1.1" 200 7652
[07/Apr/2026 18:05:30] "GET /datatable/po/list/?start_date=2026-01-07&end_date=2026-04-07&page=1&page_size=10 HTTP/1.1" 200 7652
[07/Apr/2026 18:06:00] "GET /datatable/po/list/?start_date=2026-01-07&end_date=2026-04-07&page=1&page_size=10 HTTP/1.1" 200 7652
[07/Apr/2026 18:06:30] "GET /datatable/po/list/?start_date=2026-01-07&end_date=2026-04-07&page=1&page_size=10 HTTP/1.1" 200 7652
[07/Apr/2026 18:07:00] "GET /datatable/po/list/?start_date=2026-01-07&end_date=2026-04-07&page=1&page_size=10 HTTP/1.1" 200 7652
[07/Apr/2026 18:07:30] "GET /datatable/po/list/?start_date=2026-01-07&end_date=2026-04-07&page=1&page_size=10 HTTP/1.1" 200 7652
[07/Apr/2026 18:08:00] "GET /datatable/po/list/?start_date=2026-01-07&end_date=2026-04-07&page=1&page_size=10 HTTP/1.1" 200 7652
[07/Apr/2026 18:08:30] "GET /datatable/po/list/?start_date=2026-01-07&end_date=2026-04-07&page=1&page_size=10 HTTP/1.1" 200 7652
[07/Apr/2026 18:09:00] "GET /datatable/po/list/?start_date=2026-01-07&end_date=2026-04-07&page=1&page_size=10 HTTP/1.1" 200 7652
[07/Apr/2026 18:09:30] "GET /datatable/po/list/?start_date=2026-01-07&end_date=2026-04-07&page=1&page_size=10 HTTP/1.1" 200 7652
[07/Apr/2026 18:10:00] "GET /datatable/po/list/?start_date=2026-01-07&end_date=2026-04-07&page=1&page_size=10 HTTP/1.1" 200 7652
[07/Apr/2026 18:10:30] "GET /datatable/po/list/?start_date=2026-01-07&end_date=2026-04-07&page=1&page_size=10 HTTP/1.1" 200 7652
[07/Apr/2026 18:11:00] "GET /datatable/po/list/?start_date=2026-01-07&end_date=2026-04-07&page=1&page_size=10 HTTP/1.1" 200 7652
[07/Apr/2026 18:11:30] "GET /datatable/po/list/?start_date=2026-01-07&end_date=2026-04-07&page=1&page_size=10 HTTP/1.1" 200 7652
[07/Apr/2026 18:12:00] "GET /datatable/po/list/?start_date=2026-01-07&end_date=2026-04-07&page=1&page_size=10 HTTP/1.1" 200 7652
[07/Apr/2026 18:12:30] "GET /datatable/po/list/?start_date=2026-01-07&end_date=2026-04-07&page=1&page_size=10 HTTP/1.1" 200 7652
[07/Apr/2026 18:13:00] "GET /datatable/po/list/?start_date=2026-01-07&end_date=2026-04-07&page=1&page_size=10 HTTP/1.1" 200 7652
[07/Apr/2026 18:13:30] "GET /datatable/po/list/?start_date=2026-01-07&end_date=2026-04-07&page=1&page_size=10 HTTP/1.1" 200 7652
[07/Apr/2026 18:14:00] "GET /datatable/po/list/?start_date=2026-01-07&end_date=2026-04-07&page=1&page_size=10 HTTP/1.1" 200 7652
[07/Apr/2026 18:14:30] "GET /datatable/po/list/?start_date=2026-01-07&end_date=2026-04-07&page=1&page_size=10 HTTP/1.1" 200 7652
[07/Apr/2026 18:15:00] "GET /datatable/po/list/?start_date=2026-01-07&end_date=2026-04-07&page=1&page_size=10 HTTP/1.1" 200 7652
[07/Apr/2026 18:15:30] "GET /datatable/po/list/?start_date=2026-01-07&end_date=2026-04-07&page=1&page_size=10 HTTP/1.1" 200 7652
[07/Apr/2026 18:16:00] "GET /datatable/po/list/?start_date=2026-01-07&end_date=2026-04-07&page=1&page_size=10 HTTP/1.1" 200 7652
[07/Apr/2026 18:16:30] "GET /datatable/po/list/?start_date=2026-01-07&end_date=2026-04-07&page=1&page_size=10 HTTP/1.1" 200 7652
[07/Apr/2026 18:17:00] "GET /datatable/po/list/?start_date=2026-01-07&end_date=2026-04-07&page=1&page_size=10 HTTP/1.1" 200 7652
[07/Apr/2026 18:17:30] "GET /datatable/po/list/?start_date=2026-01-07&end_date=2026-04-07&page=1&page_size=10 HTTP/1.1" 200 7652
[07/Apr/2026 18:18:00] "GET /datatable/po/list/?start_date=2026-01-07&end_date=2026-04-07&page=1&page_size=10 HTTP/1.1" 200 7652
[07/Apr/2026 18:18:30] "GET /datatable/po/list/?start_date=2026-01-07&end_date=2026-04-07&page=1&page_size=10 HTTP/1.1" 200 7652
[07/Apr/2026 18:19:00] "GET /datatable/po/list/?start_date=2026-01-07&end_date=2026-04-07&page=1&page_size=10 HTTP/1.1" 200 7652
[07/Apr/2026 18:19:30] "GET /datatable/po/list/?start_date=2026-01-07&end_date=2026-04-07&page=1&page_size=10 HTTP/1.1" 200 7652
[07/Apr/2026 18:20:00] "GET /datatable/po/list/?start_date=2026-01-07&end_date=2026-04-07&page=1&page_size=10 HTTP/1.1" 200 7652
[07/Apr/2026 18:20:30] "GET /datatable/po/list/?start_date=2026-01-07&end_date=2026-04-07&page=1&page_size=10 HTTP/1.1" 200 7652
[07/Apr/2026 18:21:00] "GET /datatable/po/list/?start_date=2026-01-07&end_date=2026-04-07&page=1&page_size=10 HTTP/1.1" 200 7652
[07/Apr/2026 18:21:30] "GET /datatable/po/list/?start_date=2026-01-07&end_date=2026-04-07&page=1&page_size=10 HTTP/1.1" 200 7652
[07/Apr/2026 18:22:00] "GET /datatable/po/list/?start_date=2026-01-07&end_date=2026-04-07&page=1&page_size=10 HTTP/1.1" 200 7652
[07/Apr/2026 18:22:30] "GET /datatable/po/list/?start_date=2026-01-07&end_date=2026-04-07&page=1&page_size=10 HTTP/1.1" 200 7652
[07/Apr/2026 18:23:00] "GET /datatable/po/list/?start_date=2026-01-07&end_date=2026-04-07&page=1&page_size=10 HTTP/1.1" 200 7652
[07/Apr/2026 18:23:30] "GET /datatable/po/list/?start_date=2026-01-07&end_date=2026-04-07&page=1&page_size=10 HTTP/1.1" 200 7652
[07/Apr/2026 18:24:00] "GET /datatable/po/list/?start_date=2026-01-07&end_date=2026-04-07&page=1&page_size=10 HTTP/1.1" 200 7652
[07/Apr/2026 18:24:30] "GET /datatable/po/list/?start_date=2026-01-07&end_date=2026-04-07&page=1&page_size=10 HTTP/1.1" 200 7652
[07/Apr/2026 18:25:00] "GET /datatable/po/list/?start_date=2026-01-07&end_date=2026-04-07&page=1&page_size=10 HTTP/1.1" 200 7652
[07/Apr/2026 18:25:30] "GET /datatable/po/list/?start_date=2026-01-07&end_date=2026-04-07&page=1&page_size=10 HTTP/1.1" 200 7652
[07/Apr/2026 18:26:00] "GET /datatable/po/list/?start_date=2026-01-07&end_date=2026-04-07&page=1&page_size=10 HTTP/1.1" 200 7652
[07/Apr/2026 18:26:30] "GET /datatable/po/list/?start_date=2026-01-07&end_date=2026-04-07&page=1&page_size=10 HTTP/1.1" 200 7652
[07/Apr/2026 18:27:00] "OPTIONS /datatable/po/list/?start_date=2026-01-07&end_date=2026-04-07&page=1&page_size=10 HTTP/1.1" 200 0
[07/Apr/2026 18:27:00] "GET /datatable/po/list/?start_date=2026-01-07&end_date=2026-04-07&page=1&page_size=10 HTTP/1.1" 200 7652
[07/Apr/2026 18:27:30] "GET /datatable/po/list/?start_date=2026-01-07&end_date=2026-04-07&page=1&page_size=10 HTTP/1.1" 200 7652
[07/Apr/2026 18:28:00] "GET /datatable/po/list/?start_date=2026-01-07&end_date=2026-04-07&page=1&page_size=10 HTTP/1.1" 200 7652
[07/Apr/2026 18:28:30] "GET /datatable/po/list/?start_date=2026-01-07&end_date=2026-04-07&page=1&page_size=10 HTTP/1.1" 200 7652
[07/Apr/2026 18:29:00] "GET /datatable/po/list/?start_date=2026-01-07&end_date=2026-04-07&page=1&page_size=10 HTTP/1.1" 200 7652
[07/Apr/2026 18:29:30] "GET /datatable/po/list/?start_date=2026-01-07&end_date=2026-04-07&page=1&page_size=10 HTTP/1.1" 200 7652
[07/Apr/2026 18:30:00] "GET /datatable/po/list/?start_date=2026-01-07&end_date=2026-04-07&page=1&page_size=10 HTTP/1.1" 200 7652
[07/Apr/2026 18:30:30] "GET /datatable/po/list/?start_date=2026-01-07&end_date=2026-04-07&page=1&page_size=10 HTTP/1.1" 200 7652
[07/Apr/2026 18:31:00] "GET /datatable/po/list/?start_date=2026-01-07&end_date=2026-04-07&page=1&page_size=10 HTTP/1.1" 200 7652
[07/Apr/2026 18:31:30] "GET /datatable/po/list/?start_date=2026-01-07&end_date=2026-04-07&page=1&page_size=10 HTTP/1.1" 200 7652
[07/Apr/2026 18:32:00] "GET /datatable/po/list/?start_date=2026-01-07&end_date=2026-04-07&page=1&page_size=10 HTTP/1.1" 200 7652
[07/Apr/2026 18:32:30] "GET /datatable/po/list/?start_date=2026-01-07&end_date=2026-04-07&page=1&page_size=10 HTTP/1.1" 200 7652
[07/Apr/2026 18:33:00] "GET /datatable/po/list/?start_date=2026-01-07&end_date=2026-04-07&page=1&page_size=10 HTTP/1.1" 200 7652
[07/Apr/2026 18:33:30] "GET /datatable/po/list/?start_date=2026-01-07&end_date=2026-04-07&page=1&page_size=10 HTTP/1.1" 200 7652
[07/Apr/2026 18:34:00] "GET /datatable/po/list/?start_date=2026-01-07&end_date=2026-04-07&page=1&page_size=10 HTTP/1.1" 200 7652
[07/Apr/2026 18:34:30] "GET /datatable/po/list/?start_date=2026-01-07&end_date=2026-04-07&page=1&page_size=10 HTTP/1.1" 200 7652
[07/Apr/2026 18:35:00] "GET /datatable/po/list/?start_date=2026-01-07&end_date=2026-04-07&page=1&page_size=10 HTTP/1.1" 200 7652
[07/Apr/2026 18:35:30] "GET /datatable/po/list/?start_date=2026-01-07&end_date=2026-04-07&page=1&page_size=10 HTTP/1.1" 200 7652
[07/Apr/2026 18:36:00] "GET /datatable/po/list/?start_date=2026-01-07&end_date=2026-04-07&page=1&page_size=10 HTTP/1.1" 200 7652
[07/Apr/2026 18:36:30] "GET /datatable/po/list/?start_date=2026-01-07&end_date=2026-04-07&page=1&page_size=10 HTTP/1.1" 200 7652
[07/Apr/2026 18:37:00] "GET /datatable/po/list/?start_date=2026-01-07&end_date=2026-04-07&page=1&page_size=10 HTTP/1.1" 200 7652
[07/Apr/2026 18:37:30] "GET /datatable/po/list/?start_date=2026-01-07&end_date=2026-04-07&page=1&page_size=10 HTTP/1.1" 200 7652
[07/Apr/2026 18:38:00] "GET /datatable/po/list/?start_date=2026-01-07&end_date=2026-04-07&page=1&page_size=10 HTTP/1.1" 200 7652
[07/Apr/2026 18:38:30] "GET /datatable/po/list/?start_date=2026-01-07&end_date=2026-04-07&page=1&page_size=10 HTTP/1.1" 200 7652
[07/Apr/2026 18:39:00] "GET /datatable/po/list/?start_date=2026-01-07&end_date=2026-04-07&page=1&page_size=10 HTTP/1.1" 200 7652
[07/Apr/2026 18:39:30] "GET /datatable/po/list/?start_date=2026-01-07&end_date=2026-04-07&page=1&page_size=10 HTTP/1.1" 200 7652
[07/Apr/2026 18:40:00] "GET /datatable/po/list/?start_date=2026-01-07&end_date=2026-04-07&page=1&page_size=10 HTTP/1.1" 200 7652
[07/Apr/2026 18:40:30] "GET /datatable/po/list/?start_date=2026-01-07&end_date=2026-04-07&page=1&page_size=10 HTTP/1.1" 200 7652
[07/Apr/2026 18:41:00] "GET /datatable/po/list/?start_date=2026-01-07&end_date=2026-04-07&page=1&page_size=10 HTTP/1.1" 200 7652
[07/Apr/2026 18:41:30] "GET /datatable/po/list/?start_date=2026-01-07&end_date=2026-04-07&page=1&page_size=10 HTTP/1.1" 200 7652
[07/Apr/2026 18:42:00] "GET /datatable/po/list/?start_date=2026-01-07&end_date=2026-04-07&page=1&page_size=10 HTTP/1.1" 200 7652
[07/Apr/2026 18:42:30] "GET /datatable/po/list/?start_date=2026-01-07&end_date=2026-04-07&page=1&page_size=10 HTTP/1.1" 200 7652
[07/Apr/2026 18:43:00] "GET /datatable/po/list/?start_date=2026-01-07&end_date=2026-04-07&page=1&page_size=10 HTTP/1.1" 200 7652
[07/Apr/2026 18:43:30] "GET /datatable/po/list/?start_date=2026-01-07&end_date=2026-04-07&page=1&page_size=10 HTTP/1.1" 200 7652
[07/Apr/2026 18:44:00] "GET /datatable/po/list/?start_date=2026-01-07&end_date=2026-04-07&page=1&page_size=10 HTTP/1.1" 200 7652
[07/Apr/2026 18:44:30] "GET /datatable/po/list/?start_date=2026-01-07&end_date=2026-04-07&page=1&page_size=10 HTTP/1.1" 200 7652
[07/Apr/2026 18:45:00] "GET /datatable/po/list/?start_date=2026-01-07&end_date=2026-04-07&page=1&page_size=10 HTTP/1.1" 200 7652
[07/Apr/2026 18:45:30] "GET /datatable/po/list/?start_date=2026-01-07&end_date=2026-04-07&page=1&page_size=10 HTTP/1.1" 200 7652
[07/Apr/2026 18:46:00] "GET /datatable/po/list/?start_date=2026-01-07&end_date=2026-04-07&page=1&page_size=10 HTTP/1.1" 200 7652
[07/Apr/2026 18:46:30] "GET /datatable/po/list/?start_date=2026-01-07&end_date=2026-04-07&page=1&page_size=10 HTTP/1.1" 200 7652
[07/Apr/2026 18:47:00] "GET /datatable/po/list/?start_date=2026-01-07&end_date=2026-04-07&page=1&page_size=10 HTTP/1.1" 200 7652
[07/Apr/2026 18:47:30] "GET /datatable/po/list/?start_date=2026-01-07&end_date=2026-04-07&page=1&page_size=10 HTTP/1.1" 200 7652
[07/Apr/2026 18:48:00] "GET /datatable/po/list/?start_date=2026-01-07&end_date=2026-04-07&page=1&page_size=10 HTTP/1.1" 200 7652
[07/Apr/2026 18:48:30] "GET /datatable/po/list/?start_date=2026-01-07&end_date=2026-04-07&page=1&page_size=10 HTTP/1.1" 200 7652
[07/Apr/2026 18:49:00] "GET /datatable/po/list/?start_date=2026-01-07&end_date=2026-04-07&page=1&page_size=10 HTTP/1.1" 200 7652
[07/Apr/2026 18:49:30] "GET /datatable/po/list/?start_date=2026-01-07&end_date=2026-04-07&page=1&page_size=10 HTTP/1.1" 200 7652
[07/Apr/2026 18:50:00] "GET /datatable/po/list/?start_date=2026-01-07&end_date=2026-04-07&page=1&page_size=10 HTTP/1.1" 200 7652
[07/Apr/2026 18:50:30] "GET /datatable/po/list/?start_date=2026-01-07&end_date=2026-04-07&page=1&page_size=10 HTTP/1.1" 200 7652
[07/Apr/2026 18:51:00] "GET /datatable/po/list/?start_date=2026-01-07&end_date=2026-04-07&page=1&page_size=10 HTTP/1.1" 200 7652
[07/Apr/2026 18:51:30] "GET /datatable/po/list/?start_date=2026-01-07&end_date=2026-04-07&page=1&page_size=10 HTTP/1.1" 200 7652
[07/Apr/2026 18:52:00] "GET /datatable/po/list/?start_date=2026-01-07&end_date=2026-04-07&page=1&page_size=10 HTTP/1.1" 200 7652
[07/Apr/2026 18:52:30] "GET /datatable/po/list/?start_date=2026-01-07&end_date=2026-04-07&page=1&page_size=10 HTTP/1.1" 200 7652
[07/Apr/2026 18:53:00] "GET /datatable/po/list/?start_date=2026-01-07&end_date=2026-04-07&page=1&page_size=10 HTTP/1.1" 200 7652
[07/Apr/2026 18:53:30] "GET /datatable/po/list/?start_date=2026-01-07&end_date=2026-04-07&page=1&page_size=10 HTTP/1.1" 200 7652
[07/Apr/2026 18:54:00] "GET /datatable/po/list/?start_date=2026-01-07&end_date=2026-04-07&page=1&page_size=10 HTTP/1.1" 200 7652
[07/Apr/2026 18:54:30] "GET /datatable/po/list/?start_date=2026-01-07&end_date=2026-04-07&page=1&page_size=10 HTTP/1.1" 200 7652
[07/Apr/2026 18:55:00] "GET /datatable/po/list/?start_date=2026-01-07&end_date=2026-04-07&page=1&page_size=10 HTTP/1.1" 200 7652
[07/Apr/2026 18:55:30] "GET /datatable/po/list/?start_date=2026-01-07&end_date=2026-04-07&page=1&page_size=10 HTTP/1.1" 200 7652
[07/Apr/2026 18:56:00] "GET /datatable/po/list/?start_date=2026-01-07&end_date=2026-04-07&page=1&page_size=10 HTTP/1.1" 200 7652
[07/Apr/2026 18:56:30] "GET /datatable/po/list/?start_date=2026-01-07&end_date=2026-04-07&page=1&page_size=10 HTTP/1.1" 200 7652
[07/Apr/2026 18:57:00] "GET /datatable/po/list/?start_date=2026-01-07&end_date=2026-04-07&page=1&page_size=10 HTTP/1.1" 200 7652
[07/Apr/2026 18:57:30] "GET /datatable/po/list/?start_date=2026-01-07&end_date=2026-04-07&page=1&page_size=10 HTTP/1.1" 200 7652
[07/Apr/2026 18:58:00] "GET /datatable/po/list/?start_date=2026-01-07&end_date=2026-04-07&page=1&page_size=10 HTTP/1.1" 200 7652
[07/Apr/2026 18:58:30] "GET /datatable/po/list/?start_date=2026-01-07&end_date=2026-04-07&page=1&page_size=10 HTTP/1.1" 200 7652
[07/Apr/2026 18:59:00] "GET /datatable/po/list/?start_date=2026-01-07&end_date=2026-04-07&page=1&page_size=10 HTTP/1.1" 200 7652
[07/Apr/2026 18:59:30] "GET /datatable/po/list/?start_date=2026-01-07&end_date=2026-04-07&page=1&page_size=10 HTTP/1.1" 200 7652
[07/Apr/2026 19:00:00] "GET /datatable/po/list/?start_date=2026-01-07&end_date=2026-04-07&page=1&page_size=10 HTTP/1.1" 200 7652
[07/Apr/2026 19:00:30] "GET /datatable/po/list/?start_date=2026-01-07&end_date=2026-04-07&page=1&page_size=10 HTTP/1.1" 200 7652
[07/Apr/2026 19:01:00] "GET /datatable/po/list/?start_date=2026-01-07&end_date=2026-04-07&page=1&page_size=10 HTTP/1.1" 200 7652
[07/Apr/2026 19:01:30] "GET /datatable/po/list/?start_date=2026-01-07&end_date=2026-04-07&page=1&page_size=10 HTTP/1.1" 200 7652
[07/Apr/2026 19:02:00] "GET /datatable/po/list/?start_date=2026-01-07&end_date=2026-04-07&page=1&page_size=10 HTTP/1.1" 200 7652
[07/Apr/2026 19:02:30] "GET /datatable/po/list/?start_date=2026-01-07&end_date=2026-04-07&page=1&page_size=10 HTTP/1.1" 200 7652
[07/Apr/2026 19:03:00] "GET /datatable/po/list/?start_date=2026-01-07&end_date=2026-04-07&page=1&page_size=10 HTTP/1.1" 200 7652
[07/Apr/2026 19:03:30] "GET /datatable/po/list/?start_date=2026-01-07&end_date=2026-04-07&page=1&page_size=10 HTTP/1.1" 200 7652
[07/Apr/2026 19:04:00] "GET /datatable/po/list/?start_date=2026-01-07&end_date=2026-04-07&page=1&page_size=10 HTTP/1.1" 200 7652
[07/Apr/2026 19:04:30] "GET /datatable/po/list/?start_date=2026-01-07&end_date=2026-04-07&page=1&page_size=10 HTTP/1.1" 200 7652
[07/Apr/2026 19:05:00] "GET /datatable/po/list/?start_date=2026-01-07&end_date=2026-04-07&page=1&page_size=10 HTTP/1.1" 200 7652
[07/Apr/2026 19:05:30] "GET /datatable/po/list/?start_date=2026-01-07&end_date=2026-04-07&page=1&page_size=10 HTTP/1.1" 200 7652
[07/Apr/2026 19:06:00] "GET /datatable/po/list/?start_date=2026-01-07&end_date=2026-04-07&page=1&page_size=10 HTTP/1.1" 200 7652
[07/Apr/2026 19:06:30] "GET /datatable/po/list/?start_date=2026-01-07&end_date=2026-04-07&page=1&page_size=10 HTTP/1.1" 200 7652
[07/Apr/2026 19:07:00] "GET /datatable/po/list/?start_date=2026-01-07&end_date=2026-04-07&page=1&page_size=10 HTTP/1.1" 200 7652
[07/Apr/2026 19:07:30] "GET /datatable/po/list/?start_date=2026-01-07&end_date=2026-04-07&page=1&page_size=10 HTTP/1.1" 200 7652
[07/Apr/2026 19:08:00] "GET /datatable/po/list/?start_date=2026-01-07&end_date=2026-04-07&page=1&page_size=10 HTTP/1.1" 200 7652
[07/Apr/2026 19:08:30] "GET /datatable/po/list/?start_date=2026-01-07&end_date=2026-04-07&page=1&page_size=10 HTTP/1.1" 200 7652
[07/Apr/2026 19:09:00] "GET /datatable/po/list/?start_date=2026-01-07&end_date=2026-04-07&page=1&page_size=10 HTTP/1.1" 200 7652
[07/Apr/2026 19:09:30] "GET /datatable/po/list/?start_date=2026-01-07&end_date=2026-04-07&page=1&page_size=10 HTTP/1.1" 200 7652
[07/Apr/2026 19:10:00] "GET /datatable/po/list/?start_date=2026-01-07&end_date=2026-04-07&page=1&page_size=10 HTTP/1.1" 200 7652
[07/Apr/2026 19:10:30] "GET /datatable/po/list/?start_date=2026-01-07&end_date=2026-04-07&page=1&page_size=10 HTTP/1.1" 200 7652
[07/Apr/2026 19:11:00] "GET /datatable/po/list/?start_date=2026-01-07&end_date=2026-04-07&page=1&page_size=10 HTTP/1.1" 200 7652
[07/Apr/2026 19:11:30] "GET /datatable/po/list/?start_date=2026-01-07&end_date=2026-04-07&page=1&page_size=10 HTTP/1.1" 200 7652
[07/Apr/2026 19:12:00] "GET /datatable/po/list/?start_date=2026-01-07&end_date=2026-04-07&page=1&page_size=10 HTTP/1.1" 200 7652
[07/Apr/2026 19:12:30] "GET /datatable/po/list/?start_date=2026-01-07&end_date=2026-04-07&page=1&page_size=10 HTTP/1.1" 200 7652
[07/Apr/2026 19:13:00] "GET /datatable/po/list/?start_date=2026-01-07&end_date=2026-04-07&page=1&page_size=10 HTTP/1.1" 200 7652
[07/Apr/2026 19:13:30] "GET /datatable/po/list/?start_date=2026-01-07&end_date=2026-04-07&page=1&page_size=10 HTTP/1.1" 200 7652
[07/Apr/2026 19:14:00] "GET /datatable/po/list/?start_date=2026-01-07&end_date=2026-04-07&page=1&page_size=10 HTTP/1.1" 200 7652
[07/Apr/2026 19:14:30] "GET /datatable/po/list/?start_date=2026-01-07&end_date=2026-04-07&page=1&page_size=10 HTTP/1.1" 200 7652
[07/Apr/2026 19:15:00] "GET /datatable/po/list/?start_date=2026-01-07&end_date=2026-04-07&page=1&page_size=10 HTTP/1.1" 200 7652
[07/Apr/2026 19:15:30] "GET /datatable/po/list/?start_date=2026-01-07&end_date=2026-04-07&page=1&page_size=10 HTTP/1.1" 200 7652
[07/Apr/2026 19:16:00] "GET /datatable/po/list/?start_date=2026-01-07&end_date=2026-04-07&page=1&page_size=10 HTTP/1.1" 200 7652
[07/Apr/2026 19:16:30] "GET /datatable/po/list/?start_date=2026-01-07&end_date=2026-04-07&page=1&page_size=10 HTTP/1.1" 200 7652
[07/Apr/2026 19:17:00] "GET /datatable/po/list/?start_date=2026-01-07&end_date=2026-04-07&page=1&page_size=10 HTTP/1.1" 200 7652
[07/Apr/2026 19:17:30] "GET /datatable/po/list/?start_date=2026-01-07&end_date=2026-04-07&page=1&page_size=10 HTTP/1.1" 200 7652
[07/Apr/2026 19:18:00] "GET /datatable/po/list/?start_date=2026-01-07&end_date=2026-04-07&page=1&page_size=10 HTTP/1.1" 200 7652
[07/Apr/2026 19:18:30] "GET /datatable/po/list/?start_date=2026-01-07&end_date=2026-04-07&page=1&page_size=10 HTTP/1.1" 200 7652
[07/Apr/2026 19:19:00] "GET /datatable/po/list/?start_date=2026-01-07&end_date=2026-04-07&page=1&page_size=10 HTTP/1.1" 200 7652
[07/Apr/2026 19:19:30] "GET /datatable/po/list/?start_date=2026-01-07&end_date=2026-04-07&page=1&page_size=10 HTTP/1.1" 200 7652
[07/Apr/2026 19:20:00] "GET /datatable/po/list/?start_date=2026-01-07&end_date=2026-04-07&page=1&page_size=10 HTTP/1.1" 200 7652
[07/Apr/2026 19:20:30] "GET /datatable/po/list/?start_date=2026-01-07&end_date=2026-04-07&page=1&page_size=10 HTTP/1.1" 200 7652
[07/Apr/2026 19:21:00] "GET /datatable/po/list/?start_date=2026-01-07&end_date=2026-04-07&page=1&page_size=10 HTTP/1.1" 200 7652
[07/Apr/2026 19:21:30] "GET /datatable/po/list/?start_date=2026-01-07&end_date=2026-04-07&page=1&page_size=10 HTTP/1.1" 200 7652
[07/Apr/2026 19:22:00] "GET /datatable/po/list/?start_date=2026-01-07&end_date=2026-04-07&page=1&page_size=10 HTTP/1.1" 200 7652
[07/Apr/2026 19:22:30] "GET /datatable/po/list/?start_date=2026-01-07&end_date=2026-04-07&page=1&page_size=10 HTTP/1.1" 200 7652
[07/Apr/2026 19:23:00] "GET /datatable/po/list/?start_date=2026-01-07&end_date=2026-04-07&page=1&page_size=10 HTTP/1.1" 200 7652
[07/Apr/2026 19:23:30] "GET /datatable/po/list/?start_date=2026-01-07&end_date=2026-04-07&page=1&page_size=10 HTTP/1.1" 200 7652
[07/Apr/2026 19:24:00] "GET /datatable/po/list/?start_date=2026-01-07&end_date=2026-04-07&page=1&page_size=10 HTTP/1.1" 200 7652
[07/Apr/2026 19:24:30] "GET /datatable/po/list/?start_date=2026-01-07&end_date=2026-04-07&page=1&page_size=10 HTTP/1.1" 200 7652
[07/Apr/2026 19:25:00] "GET /datatable/po/list/?start_date=2026-01-07&end_date=2026-04-07&page=1&page_size=10 HTTP/1.1" 200 7652
[07/Apr/2026 19:25:30] "GET /datatable/po/list/?start_date=2026-01-07&end_date=2026-04-07&page=1&page_size=10 HTTP/1.1" 200 7652
[07/Apr/2026 19:26:00] "GET /datatable/po/list/?start_date=2026-01-07&end_date=2026-04-07&page=1&page_size=10 HTTP/1.1" 200 7652
[07/Apr/2026 19:26:30] "GET /datatable/po/list/?start_date=2026-01-07&end_date=2026-04-07&page=1&page_size=10 HTTP/1.1" 200 7652
[07/Apr/2026 19:27:00] "GET /datatable/po/list/?start_date=2026-01-07&end_date=2026-04-07&page=1&page_size=10 HTTP/1.1" 200 7652
[07/Apr/2026 19:27:30] "GET /datatable/po/list/?start_date=2026-01-07&end_date=2026-04-07&page=1&page_size=10 HTTP/1.1" 200 7652
[07/Apr/2026 19:28:00] "GET /datatable/po/list/?start_date=2026-01-07&end_date=2026-04-07&page=1&page_size=10 HTTP/1.1" 200 7652
[07/Apr/2026 19:28:30] "GET /datatable/po/list/?start_date=2026-01-07&end_date=2026-04-07&page=1&page_size=10 HTTP/1.1" 200 7652
[07/Apr/2026 19:29:00] "GET /datatable/po/list/?start_date=2026-01-07&end_date=2026-04-07&page=1&page_size=10 HTTP/1.1" 200 7652
[07/Apr/2026 19:29:30] "GET /datatable/po/list/?start_date=2026-01-07&end_date=2026-04-07&page=1&page_size=10 HTTP/1.1" 200 7652
[07/Apr/2026 19:30:00] "GET /datatable/po/list/?start_date=2026-01-07&end_date=2026-04-07&page=1&page_size=10 HTTP/1.1" 200 7652
[07/Apr/2026 19:30:30] "GET /datatable/po/list/?start_date=2026-01-07&end_date=2026-04-07&page=1&page_size=10 HTTP/1.1" 200 7652
[07/Apr/2026 19:31:00] "GET /datatable/po/list/?start_date=2026-01-07&end_date=2026-04-07&page=1&page_size=10 HTTP/1.1" 200 7652
[07/Apr/2026 19:31:30] "GET /datatable/po/list/?start_date=2026-01-07&end_date=2026-04-07&page=1&page_size=10 HTTP/1.1" 200 7652
[07/Apr/2026 19:32:00] "GET /datatable/po/list/?start_date=2026-01-07&end_date=2026-04-07&page=1&page_size=10 HTTP/1.1" 200 7652
[07/Apr/2026 19:32:30] "GET /datatable/po/list/?start_date=2026-01-07&end_date=2026-04-07&page=1&page_size=10 HTTP/1.1" 200 7652
[07/Apr/2026 19:33:00] "GET /datatable/po/list/?start_date=2026-01-07&end_date=2026-04-07&page=1&page_size=10 HTTP/1.1" 200 7652
[07/Apr/2026 19:33:30] "GET /datatable/po/list/?start_date=2026-01-07&end_date=2026-04-07&page=1&page_size=10 HTTP/1.1" 200 7652
[07/Apr/2026 19:34:00] "GET /datatable/po/list/?start_date=2026-01-07&end_date=2026-04-07&page=1&page_size=10 HTTP/1.1" 200 7652
[07/Apr/2026 19:34:30] "GET /datatable/po/list/?start_date=2026-01-07&end_date=2026-04-07&page=1&page_size=10 HTTP/1.1" 200 7652
[07/Apr/2026 19:35:00] "GET /datatable/po/list/?start_date=2026-01-07&end_date=2026-04-07&page=1&page_size=10 HTTP/1.1" 200 7652
[07/Apr/2026 19:35:30] "GET /datatable/po/list/?start_date=2026-01-07&end_date=2026-04-07&page=1&page_size=10 HTTP/1.1" 200 7652
[07/Apr/2026 19:36:00] "GET /datatable/po/list/?start_date=2026-01-07&end_date=2026-04-07&page=1&page_size=10 HTTP/1.1" 200 7652
[07/Apr/2026 19:36:30] "GET /datatable/po/list/?start_date=2026-01-07&end_date=2026-04-07&page=1&page_size=10 HTTP/1.1" 200 7652
[07/Apr/2026 19:37:00] "GET /datatable/po/list/?start_date=2026-01-07&end_date=2026-04-07&page=1&page_size=10 HTTP/1.1" 200 7652
[07/Apr/2026 19:37:30] "GET /datatable/po/list/?start_date=2026-01-07&end_date=2026-04-07&page=1&page_size=10 HTTP/1.1" 200 7652
[07/Apr/2026 19:38:00] "GET /datatable/po/list/?start_date=2026-01-07&end_date=2026-04-07&page=1&page_size=10 HTTP/1.1" 200 7652
[07/Apr/2026 19:38:30] "GET /datatable/po/list/?start_date=2026-01-07&end_date=2026-04-07&page=1&page_size=10 HTTP/1.1" 200 7652
[07/Apr/2026 19:39:00] "GET /datatable/po/list/?start_date=2026-01-07&end_date=2026-04-07&page=1&page_size=10 HTTP/1.1" 200 7652
[07/Apr/2026 19:39:30] "GET /datatable/po/list/?start_date=2026-01-07&end_date=2026-04-07&page=1&page_size=10 HTTP/1.1" 200 7652
[07/Apr/2026 19:40:00] "GET /datatable/po/list/?start_date=2026-01-07&end_date=2026-04-07&page=1&page_size=10 HTTP/1.1" 200 7652
[07/Apr/2026 19:40:30] "GET /datatable/po/list/?start_date=2026-01-07&end_date=2026-04-07&page=1&page_size=10 HTTP/1.1" 200 7652
[07/Apr/2026 19:41:00] "GET /datatable/po/list/?start_date=2026-01-07&end_date=2026-04-07&page=1&page_size=10 HTTP/1.1" 200 7652
[07/Apr/2026 19:41:30] "GET /datatable/po/list/?start_date=2026-01-07&end_date=2026-04-07&page=1&page_size=10 HTTP/1.1" 200 7652
[07/Apr/2026 19:42:00] "GET /datatable/po/list/?start_date=2026-01-07&end_date=2026-04-07&page=1&page_size=10 HTTP/1.1" 200 7652
[07/Apr/2026 19:42:30] "GET /datatable/po/list/?start_date=2026-01-07&end_date=2026-04-07&page=1&page_size=10 HTTP/1.1" 200 7652
[07/Apr/2026 19:43:00] "GET /datatable/po/list/?start_date=2026-01-07&end_date=2026-04-07&page=1&page_size=10 HTTP/1.1" 200 7652
[07/Apr/2026 19:43:30] "GET /datatable/po/list/?start_date=2026-01-07&end_date=2026-04-07&page=1&page_size=10 HTTP/1.1" 200 7652
[07/Apr/2026 19:44:00] "GET /datatable/po/list/?start_date=2026-01-07&end_date=2026-04-07&page=1&page_size=10 HTTP/1.1" 200 7652
[07/Apr/2026 19:44:30] "GET /datatable/po/list/?start_date=2026-01-07&end_date=2026-04-07&page=1&page_size=10 HTTP/1.1" 200 7652
[07/Apr/2026 19:45:00] "GET /datatable/po/list/?start_date=2026-01-07&end_date=2026-04-07&page=1&page_size=10 HTTP/1.1" 200 7652
[07/Apr/2026 19:45:30] "GET /datatable/po/list/?start_date=2026-01-07&end_date=2026-04-07&page=1&page_size=10 HTTP/1.1" 200 7652
[07/Apr/2026 19:46:00] "GET /datatable/po/list/?start_date=2026-01-07&end_date=2026-04-07&page=1&page_size=10 HTTP/1.1" 200 7652
[07/Apr/2026 19:46:30] "GET /datatable/po/list/?start_date=2026-01-07&end_date=2026-04-07&page=1&page_size=10 HTTP/1.1" 200 7652
[07/Apr/2026 19:47:00] "GET /datatable/po/list/?start_date=2026-01-07&end_date=2026-04-07&page=1&page_size=10 HTTP/1.1" 200 7652
[07/Apr/2026 19:47:30] "GET /datatable/po/list/?start_date=2026-01-07&end_date=2026-04-07&page=1&page_size=10 HTTP/1.1" 200 7652
[07/Apr/2026 19:48:00] "GET /datatable/po/list/?start_date=2026-01-07&end_date=2026-04-07&page=1&page_size=10 HTTP/1.1" 200 7652
[07/Apr/2026 19:48:30] "GET /datatable/po/list/?start_date=2026-01-07&end_date=2026-04-07&page=1&page_size=10 HTTP/1.1" 200 7652
[07/Apr/2026 19:49:00] "GET /datatable/po/list/?start_date=2026-01-07&end_date=2026-04-07&page=1&page_size=10 HTTP/1.1" 200 7652
[07/Apr/2026 19:49:30] "GET /datatable/po/list/?start_date=2026-01-07&end_date=2026-04-07&page=1&page_size=10 HTTP/1.1" 200 7652
[07/Apr/2026 19:50:00] "GET /datatable/po/list/?start_date=2026-01-07&end_date=2026-04-07&page=1&page_size=10 HTTP/1.1" 200 7652
[07/Apr/2026 19:50:30] "GET /datatable/po/list/?start_date=2026-01-07&end_date=2026-04-07&page=1&page_size=10 HTTP/1.1" 200 7652
[07/Apr/2026 19:51:00] "GET /datatable/po/list/?start_date=2026-01-07&end_date=2026-04-07&page=1&page_size=10 HTTP/1.1" 200 7652
[07/Apr/2026 19:51:30] "GET /datatable/po/list/?start_date=2026-01-07&end_date=2026-04-07&page=1&page_size=10 HTTP/1.1" 200 7652
[07/Apr/2026 19:52:00] "GET /datatable/po/list/?start_date=2026-01-07&end_date=2026-04-07&page=1&page_size=10 HTTP/1.1" 200 7652
[07/Apr/2026 19:52:30] "GET /datatable/po/list/?start_date=2026-01-07&end_date=2026-04-07&page=1&page_size=10 HTTP/1.1" 200 7652
[07/Apr/2026 19:53:00] "GET /datatable/po/list/?start_date=2026-01-07&end_date=2026-04-07&page=1&page_size=10 HTTP/1.1" 200 7652
[07/Apr/2026 19:53:30] "GET /datatable/po/list/?start_date=2026-01-07&end_date=2026-04-07&page=1&page_size=10 HTTP/1.1" 200 7652
[07/Apr/2026 19:54:00] "GET /datatable/po/list/?start_date=2026-01-07&end_date=2026-04-07&page=1&page_size=10 HTTP/1.1" 200 7652
[07/Apr/2026 19:54:30] "GET /datatable/po/list/?start_date=2026-01-07&end_date=2026-04-07&page=1&page_size=10 HTTP/1.1" 200 7652
[07/Apr/2026 19:55:00] "GET /datatable/po/list/?start_date=2026-01-07&end_date=2026-04-07&page=1&page_size=10 HTTP/1.1" 200 7652
[07/Apr/2026 19:55:30] "GET /datatable/po/list/?start_date=2026-01-07&end_date=2026-04-07&page=1&page_size=10 HTTP/1.1" 200 7652
[07/Apr/2026 19:56:00] "GET /datatable/po/list/?start_date=2026-01-07&end_date=2026-04-07&page=1&page_size=10 HTTP/1.1" 200 7652
[07/Apr/2026 19:56:30] "GET /datatable/po/list/?start_date=2026-01-07&end_date=2026-04-07&page=1&page_size=10 HTTP/1.1" 200 7652
[07/Apr/2026 19:57:00] "GET /datatable/po/list/?start_date=2026-01-07&end_date=2026-04-07&page=1&page_size=10 HTTP/1.1" 200 7652
[07/Apr/2026 19:57:30] "GET /datatable/po/list/?start_date=2026-01-07&end_date=2026-04-07&page=1&page_size=10 HTTP/1.1" 200 7652
[07/Apr/2026 19:58:00] "GET /datatable/po/list/?start_date=2026-01-07&end_date=2026-04-07&page=1&page_size=10 HTTP/1.1" 200 7652
[07/Apr/2026 19:58:30] "GET /datatable/po/list/?start_date=2026-01-07&end_date=2026-04-07&page=1&page_size=10 HTTP/1.1" 200 7652
[07/Apr/2026 19:59:00] "GET /datatable/po/list/?start_date=2026-01-07&end_date=2026-04-07&page=1&page_size=10 HTTP/1.1" 200 7652
[07/Apr/2026 19:59:30] "GET /datatable/po/list/?start_date=2026-01-07&end_date=2026-04-07&page=1&page_size=10 HTTP/1.1" 200 7652
[07/Apr/2026 20:00:00] "GET /datatable/po/list/?start_date=2026-01-07&end_date=2026-04-07&page=1&page_size=10 HTTP/1.1" 200 7652
[07/Apr/2026 20:00:30] "GET /datatable/po/list/?start_date=2026-01-07&end_date=2026-04-07&page=1&page_size=10 HTTP/1.1" 200 7652
[07/Apr/2026 20:01:00] "GET /datatable/po/list/?start_date=2026-01-07&end_date=2026-04-07&page=1&page_size=10 HTTP/1.1" 200 7652
[07/Apr/2026 20:01:30] "GET /datatable/po/list/?start_date=2026-01-07&end_date=2026-04-07&page=1&page_size=10 HTTP/1.1" 200 7652
[07/Apr/2026 20:02:00] "GET /datatable/po/list/?start_date=2026-01-07&end_date=2026-04-07&page=1&page_size=10 HTTP/1.1" 200 7652
[07/Apr/2026 20:02:30] "GET /datatable/po/list/?start_date=2026-01-07&end_date=2026-04-07&page=1&page_size=10 HTTP/1.1" 200 7652
[07/Apr/2026 20:03:00] "GET /datatable/po/list/?start_date=2026-01-07&end_date=2026-04-07&page=1&page_size=10 HTTP/1.1" 200 7652
[07/Apr/2026 20:03:30] "GET /datatable/po/list/?start_date=2026-01-07&end_date=2026-04-07&page=1&page_size=10 HTTP/1.1" 200 7652
[07/Apr/2026 20:04:00] "GET /datatable/po/list/?start_date=2026-01-07&end_date=2026-04-07&page=1&page_size=10 HTTP/1.1" 200 7652
[07/Apr/2026 20:04:30] "GET /datatable/po/list/?start_date=2026-01-07&end_date=2026-04-07&page=1&page_size=10 HTTP/1.1" 200 7652
[07/Apr/2026 20:05:00] "GET /datatable/po/list/?start_date=2026-01-07&end_date=2026-04-07&page=1&page_size=10 HTTP/1.1" 200 7652
[07/Apr/2026 20:05:30] "GET /datatable/po/list/?start_date=2026-01-07&end_date=2026-04-07&page=1&page_size=10 HTTP/1.1" 200 7652
[07/Apr/2026 20:06:00] "GET /datatable/po/list/?start_date=2026-01-07&end_date=2026-04-07&page=1&page_size=10 HTTP/1.1" 200 7652
[07/Apr/2026 20:06:30] "GET /datatable/po/list/?start_date=2026-01-07&end_date=2026-04-07&page=1&page_size=10 HTTP/1.1" 200 7652
[07/Apr/2026 20:07:00] "GET /datatable/po/list/?start_date=2026-01-07&end_date=2026-04-07&page=1&page_size=10 HTTP/1.1" 200 7652
[07/Apr/2026 20:07:30] "GET /datatable/po/list/?start_date=2026-01-07&end_date=2026-04-07&page=1&page_size=10 HTTP/1.1" 200 7652
[07/Apr/2026 20:08:00] "GET /datatable/po/list/?start_date=2026-01-07&end_date=2026-04-07&page=1&page_size=10 HTTP/1.1" 200 7652
[07/Apr/2026 20:08:30] "GET /datatable/po/list/?start_date=2026-01-07&end_date=2026-04-07&page=1&page_size=10 HTTP/1.1" 200 7652
[07/Apr/2026 20:09:00] "GET /datatable/po/list/?start_date=2026-01-07&end_date=2026-04-07&page=1&page_size=10 HTTP/1.1" 200 7652
[07/Apr/2026 20:09:30] "GET /datatable/po/list/?start_date=2026-01-07&end_date=2026-04-07&page=1&page_size=10 HTTP/1.1" 200 7652
[07/Apr/2026 20:10:00] "GET /datatable/po/list/?start_date=2026-01-07&end_date=2026-04-07&page=1&page_size=10 HTTP/1.1" 200 7652
[07/Apr/2026 20:10:30] "GET /datatable/po/list/?start_date=2026-01-07&end_date=2026-04-07&page=1&page_size=10 HTTP/1.1" 200 7652
[07/Apr/2026 20:11:00] "GET /datatable/po/list/?start_date=2026-01-07&end_date=2026-04-07&page=1&page_size=10 HTTP/1.1" 200 7652
[07/Apr/2026 20:11:30] "GET /datatable/po/list/?start_date=2026-01-07&end_date=2026-04-07&page=1&page_size=10 HTTP/1.1" 200 7652
[07/Apr/2026 20:12:00] "GET /datatable/po/list/?start_date=2026-01-07&end_date=2026-04-07&page=1&page_size=10 HTTP/1.1" 200 7652
[07/Apr/2026 20:12:30] "GET /datatable/po/list/?start_date=2026-01-07&end_date=2026-04-07&page=1&page_size=10 HTTP/1.1" 200 7652
[07/Apr/2026 20:13:00] "GET /datatable/po/list/?start_date=2026-01-07&end_date=2026-04-07&page=1&page_size=10 HTTP/1.1" 200 7652
[07/Apr/2026 20:13:30] "GET /datatable/po/list/?start_date=2026-01-07&end_date=2026-04-07&page=1&page_size=10 HTTP/1.1" 200 7652
[07/Apr/2026 20:14:00] "GET /datatable/po/list/?start_date=2026-01-07&end_date=2026-04-07&page=1&page_size=10 HTTP/1.1" 200 7652
[07/Apr/2026 20:14:30] "GET /datatable/po/list/?start_date=2026-01-07&end_date=2026-04-07&page=1&page_size=10 HTTP/1.1" 200 7652
[07/Apr/2026 20:15:00] "GET /datatable/po/list/?start_date=2026-01-07&end_date=2026-04-07&page=1&page_size=10 HTTP/1.1" 200 7652
[07/Apr/2026 20:15:30] "GET /datatable/po/list/?start_date=2026-01-07&end_date=2026-04-07&page=1&page_size=10 HTTP/1.1" 200 7652
[07/Apr/2026 20:16:00] "GET /datatable/po/list/?start_date=2026-01-07&end_date=2026-04-07&page=1&page_size=10 HTTP/1.1" 200 7652
[07/Apr/2026 20:16:30] "GET /datatable/po/list/?start_date=2026-01-07&end_date=2026-04-07&page=1&page_size=10 HTTP/1.1" 200 7652
[07/Apr/2026 20:17:00] "GET /datatable/po/list/?start_date=2026-01-07&end_date=2026-04-07&page=1&page_size=10 HTTP/1.1" 200 7652
[07/Apr/2026 20:17:30] "GET /datatable/po/list/?start_date=2026-01-07&end_date=2026-04-07&page=1&page_size=10 HTTP/1.1" 200 7652
[07/Apr/2026 20:18:00] "GET /datatable/po/list/?start_date=2026-01-07&end_date=2026-04-07&page=1&page_size=10 HTTP/1.1" 200 7652
[07/Apr/2026 20:18:30] "GET /datatable/po/list/?start_date=2026-01-07&end_date=2026-04-07&page=1&page_size=10 HTTP/1.1" 200 7652
[07/Apr/2026 20:19:00] "GET /datatable/po/list/?start_date=2026-01-07&end_date=2026-04-07&page=1&page_size=10 HTTP/1.1" 200 7652
[07/Apr/2026 20:19:30] "GET /datatable/po/list/?start_date=2026-01-07&end_date=2026-04-07&page=1&page_size=10 HTTP/1.1" 200 7652
[07/Apr/2026 20:20:00] "GET /datatable/po/list/?start_date=2026-01-07&end_date=2026-04-07&page=1&page_size=10 HTTP/1.1" 200 7652
[07/Apr/2026 20:20:30] "GET /datatable/po/list/?start_date=2026-01-07&end_date=2026-04-07&page=1&page_size=10 HTTP/1.1" 200 7652
[07/Apr/2026 20:21:00] "GET /datatable/po/list/?start_date=2026-01-07&end_date=2026-04-07&page=1&page_size=10 HTTP/1.1" 200 7652
[07/Apr/2026 20:21:30] "GET /datatable/po/list/?start_date=2026-01-07&end_date=2026-04-07&page=1&page_size=10 HTTP/1.1" 200 7652
[07/Apr/2026 20:22:00] "GET /datatable/po/list/?start_date=2026-01-07&end_date=2026-04-07&page=1&page_size=10 HTTP/1.1" 200 7652
[07/Apr/2026 20:22:30] "GET /datatable/po/list/?start_date=2026-01-07&end_date=2026-04-07&page=1&page_size=10 HTTP/1.1" 200 7652
[07/Apr/2026 20:23:00] "GET /datatable/po/list/?start_date=2026-01-07&end_date=2026-04-07&page=1&page_size=10 HTTP/1.1" 200 7652
[07/Apr/2026 20:23:30] "GET /datatable/po/list/?start_date=2026-01-07&end_date=2026-04-07&page=1&page_size=10 HTTP/1.1" 200 7652
[07/Apr/2026 20:24:00] "GET /datatable/po/list/?start_date=2026-01-07&end_date=2026-04-07&page=1&page_size=10 HTTP/1.1" 200 7652
[07/Apr/2026 20:24:30] "GET /datatable/po/list/?start_date=2026-01-07&end_date=2026-04-07&page=1&page_size=10 HTTP/1.1" 200 7652
[07/Apr/2026 20:25:00] "GET /datatable/po/list/?start_date=2026-01-07&end_date=2026-04-07&page=1&page_size=10 HTTP/1.1" 200 7652
[07/Apr/2026 20:25:30] "GET /datatable/po/list/?start_date=2026-01-07&end_date=2026-04-07&page=1&page_size=10 HTTP/1.1" 200 7652
[07/Apr/2026 20:26:00] "GET /datatable/po/list/?start_date=2026-01-07&end_date=2026-04-07&page=1&page_size=10 HTTP/1.1" 200 7652
[07/Apr/2026 20:26:30] "GET /datatable/po/list/?start_date=2026-01-07&end_date=2026-04-07&page=1&page_size=10 HTTP/1.1" 200 7652
[07/Apr/2026 20:27:00] "GET /datatable/po/list/?start_date=2026-01-07&end_date=2026-04-07&page=1&page_size=10 HTTP/1.1" 200 7652
[07/Apr/2026 20:27:30] "OPTIONS /datatable/po/list/?start_date=2026-01-07&end_date=2026-04-07&page=1&page_size=10 HTTP/1.1" 200 0
[07/Apr/2026 20:27:30] "GET /datatable/po/list/?start_date=2026-01-07&end_date=2026-04-07&page=1&page_size=10 HTTP/1.1" 200 7652
[07/Apr/2026 20:28:00] "GET /datatable/po/list/?start_date=2026-01-07&end_date=2026-04-07&page=1&page_size=10 HTTP/1.1" 200 7652
[07/Apr/2026 20:28:30] "GET /datatable/po/list/?start_date=2026-01-07&end_date=2026-04-07&page=1&page_size=10 HTTP/1.1" 200 7652
[07/Apr/2026 20:29:00] "GET /datatable/po/list/?start_date=2026-01-07&end_date=2026-04-07&page=1&page_size=10 HTTP/1.1" 200 7652
[07/Apr/2026 20:29:30] "GET /datatable/po/list/?start_date=2026-01-07&end_date=2026-04-07&page=1&page_size=10 HTTP/1.1" 200 7652
[07/Apr/2026 20:30:00] "GET /datatable/po/list/?start_date=2026-01-07&end_date=2026-04-07&page=1&page_size=10 HTTP/1.1" 200 7652
[07/Apr/2026 20:30:30] "GET /datatable/po/list/?start_date=2026-01-07&end_date=2026-04-07&page=1&page_size=10 HTTP/1.1" 200 7652
[07/Apr/2026 20:31:00] "GET /datatable/po/list/?start_date=2026-01-07&end_date=2026-04-07&page=1&page_size=10 HTTP/1.1" 200 7652
[07/Apr/2026 20:31:30] "GET /datatable/po/list/?start_date=2026-01-07&end_date=2026-04-07&page=1&page_size=10 HTTP/1.1" 200 7652
[07/Apr/2026 20:32:00] "GET /datatable/po/list/?start_date=2026-01-07&end_date=2026-04-07&page=1&page_size=10 HTTP/1.1" 200 7652
[07/Apr/2026 20:32:30] "GET /datatable/po/list/?start_date=2026-01-07&end_date=2026-04-07&page=1&page_size=10 HTTP/1.1" 200 7652
[07/Apr/2026 20:33:00] "GET /datatable/po/list/?start_date=2026-01-07&end_date=2026-04-07&page=1&page_size=10 HTTP/1.1" 200 7652
[07/Apr/2026 20:33:30] "GET /datatable/po/list/?start_date=2026-01-07&end_date=2026-04-07&page=1&page_size=10 HTTP/1.1" 200 7652
[07/Apr/2026 20:34:00] "GET /datatable/po/list/?start_date=2026-01-07&end_date=2026-04-07&page=1&page_size=10 HTTP/1.1" 200 7652
[07/Apr/2026 20:34:30] "GET /datatable/po/list/?start_date=2026-01-07&end_date=2026-04-07&page=1&page_size=10 HTTP/1.1" 200 7652
[07/Apr/2026 20:35:00] "GET /datatable/po/list/?start_date=2026-01-07&end_date=2026-04-07&page=1&page_size=10 HTTP/1.1" 200 7652
[07/Apr/2026 20:35:30] "GET /datatable/po/list/?start_date=2026-01-07&end_date=2026-04-07&page=1&page_size=10 HTTP/1.1" 200 7652
[07/Apr/2026 20:36:00] "GET /datatable/po/list/?start_date=2026-01-07&end_date=2026-04-07&page=1&page_size=10 HTTP/1.1" 200 7652
[07/Apr/2026 20:36:30] "GET /datatable/po/list/?start_date=2026-01-07&end_date=2026-04-07&page=1&page_size=10 HTTP/1.1" 200 7652
[07/Apr/2026 20:37:00] "GET /datatable/po/list/?start_date=2026-01-07&end_date=2026-04-07&page=1&page_size=10 HTTP/1.1" 200 7652
[07/Apr/2026 20:37:30] "GET /datatable/po/list/?start_date=2026-01-07&end_date=2026-04-07&page=1&page_size=10 HTTP/1.1" 200 7652
[07/Apr/2026 20:38:00] "GET /datatable/po/list/?start_date=2026-01-07&end_date=2026-04-07&page=1&page_size=10 HTTP/1.1" 200 7652
[07/Apr/2026 20:38:30] "GET /datatable/po/list/?start_date=2026-01-07&end_date=2026-04-07&page=1&page_size=10 HTTP/1.1" 200 7652
[07/Apr/2026 20:39:00] "GET /datatable/po/list/?start_date=2026-01-07&end_date=2026-04-07&page=1&page_size=10 HTTP/1.1" 200 7652
[07/Apr/2026 20:39:30] "GET /datatable/po/list/?start_date=2026-01-07&end_date=2026-04-07&page=1&page_size=10 HTTP/1.1" 200 7652
[07/Apr/2026 20:40:00] "GET /datatable/po/list/?start_date=2026-01-07&end_date=2026-04-07&page=1&page_size=10 HTTP/1.1" 200 7652
[07/Apr/2026 20:40:30] "GET /datatable/po/list/?start_date=2026-01-07&end_date=2026-04-07&page=1&page_size=10 HTTP/1.1" 200 7652
[07/Apr/2026 20:41:00] "GET /datatable/po/list/?start_date=2026-01-07&end_date=2026-04-07&page=1&page_size=10 HTTP/1.1" 200 7652
[07/Apr/2026 20:41:30] "GET /datatable/po/list/?start_date=2026-01-07&end_date=2026-04-07&page=1&page_size=10 HTTP/1.1" 200 7652
[07/Apr/2026 20:42:00] "GET /datatable/po/list/?start_date=2026-01-07&end_date=2026-04-07&page=1&page_size=10 HTTP/1.1" 200 7652
[07/Apr/2026 20:42:30] "GET /datatable/po/list/?start_date=2026-01-07&end_date=2026-04-07&page=1&page_size=10 HTTP/1.1" 200 7652
[07/Apr/2026 20:43:00] "GET /datatable/po/list/?start_date=2026-01-07&end_date=2026-04-07&page=1&page_size=10 HTTP/1.1" 200 7652
[07/Apr/2026 20:43:30] "GET /datatable/po/list/?start_date=2026-01-07&end_date=2026-04-07&page=1&page_size=10 HTTP/1.1" 200 7652
[07/Apr/2026 20:44:00] "GET /datatable/po/list/?start_date=2026-01-07&end_date=2026-04-07&page=1&page_size=10 HTTP/1.1" 200 7652
[07/Apr/2026 20:44:30] "GET /datatable/po/list/?start_date=2026-01-07&end_date=2026-04-07&page=1&page_size=10 HTTP/1.1" 200 7652
[07/Apr/2026 20:45:00] "GET /datatable/po/list/?start_date=2026-01-07&end_date=2026-04-07&page=1&page_size=10 HTTP/1.1" 200 7652
[07/Apr/2026 20:45:30] "GET /datatable/po/list/?start_date=2026-01-07&end_date=2026-04-07&page=1&page_size=10 HTTP/1.1" 200 7652
[07/Apr/2026 20:46:00] "GET /datatable/po/list/?start_date=2026-01-07&end_date=2026-04-07&page=1&page_size=10 HTTP/1.1" 200 7652
[07/Apr/2026 20:46:30] "GET /datatable/po/list/?start_date=2026-01-07&end_date=2026-04-07&page=1&page_size=10 HTTP/1.1" 200 7652
[07/Apr/2026 20:47:00] "GET /datatable/po/list/?start_date=2026-01-07&end_date=2026-04-07&page=1&page_size=10 HTTP/1.1" 200 7652
[07/Apr/2026 20:47:30] "GET /datatable/po/list/?start_date=2026-01-07&end_date=2026-04-07&page=1&page_size=10 HTTP/1.1" 200 7652
[07/Apr/2026 20:48:00] "GET /datatable/po/list/?start_date=2026-01-07&end_date=2026-04-07&page=1&page_size=10 HTTP/1.1" 200 7652
[07/Apr/2026 20:48:30] "GET /datatable/po/list/?start_date=2026-01-07&end_date=2026-04-07&page=1&page_size=10 HTTP/1.1" 200 7652
[07/Apr/2026 20:49:00] "GET /datatable/po/list/?start_date=2026-01-07&end_date=2026-04-07&page=1&page_size=10 HTTP/1.1" 200 7652
[07/Apr/2026 20:49:30] "GET /datatable/po/list/?start_date=2026-01-07&end_date=2026-04-07&page=1&page_size=10 HTTP/1.1" 200 7652
[07/Apr/2026 20:50:00] "GET /datatable/po/list/?start_date=2026-01-07&end_date=2026-04-07&page=1&page_size=10 HTTP/1.1" 200 7652
[07/Apr/2026 20:50:30] "GET /datatable/po/list/?start_date=2026-01-07&end_date=2026-04-07&page=1&page_size=10 HTTP/1.1" 200 7652
[07/Apr/2026 20:51:00] "GET /datatable/po/list/?start_date=2026-01-07&end_date=2026-04-07&page=1&page_size=10 HTTP/1.1" 200 7652
[07/Apr/2026 20:51:30] "GET /datatable/po/list/?start_date=2026-01-07&end_date=2026-04-07&page=1&page_size=10 HTTP/1.1" 200 7652
[07/Apr/2026 20:52:00] "GET /datatable/po/list/?start_date=2026-01-07&end_date=2026-04-07&page=1&page_size=10 HTTP/1.1" 200 7652
[07/Apr/2026 20:52:30] "GET /datatable/po/list/?start_date=2026-01-07&end_date=2026-04-07&page=1&page_size=10 HTTP/1.1" 200 7652
[07/Apr/2026 20:53:00] "GET /datatable/po/list/?start_date=2026-01-07&end_date=2026-04-07&page=1&page_size=10 HTTP/1.1" 200 7652
[07/Apr/2026 20:53:30] "GET /datatable/po/list/?start_date=2026-01-07&end_date=2026-04-07&page=1&page_size=10 HTTP/1.1" 200 7652
[07/Apr/2026 20:54:00] "GET /datatable/po/list/?start_date=2026-01-07&end_date=2026-04-07&page=1&page_size=10 HTTP/1.1" 200 7652
[07/Apr/2026 20:54:30] "GET /datatable/po/list/?start_date=2026-01-07&end_date=2026-04-07&page=1&page_size=10 HTTP/1.1" 200 7652
[07/Apr/2026 20:55:00] "GET /datatable/po/list/?start_date=2026-01-07&end_date=2026-04-07&page=1&page_size=10 HTTP/1.1" 200 7652
[07/Apr/2026 20:55:30] "GET /datatable/po/list/?start_date=2026-01-07&end_date=2026-04-07&page=1&page_size=10 HTTP/1.1" 200 7652
[07/Apr/2026 20:56:00] "GET /datatable/po/list/?start_date=2026-01-07&end_date=2026-04-07&page=1&page_size=10 HTTP/1.1" 200 7652
[07/Apr/2026 20:56:30] "GET /datatable/po/list/?start_date=2026-01-07&end_date=2026-04-07&page=1&page_size=10 HTTP/1.1" 200 7652
[07/Apr/2026 20:57:00] "GET /datatable/po/list/?start_date=2026-01-07&end_date=2026-04-07&page=1&page_size=10 HTTP/1.1" 200 7652
[07/Apr/2026 20:57:30] "GET /datatable/po/list/?start_date=2026-01-07&end_date=2026-04-07&page=1&page_size=10 HTTP/1.1" 200 7652
[07/Apr/2026 20:58:00] "GET /datatable/po/list/?start_date=2026-01-07&end_date=2026-04-07&page=1&page_size=10 HTTP/1.1" 200 7652
[07/Apr/2026 20:58:30] "GET /datatable/po/list/?start_date=2026-01-07&end_date=2026-04-07&page=1&page_size=10 HTTP/1.1" 200 7652
[07/Apr/2026 20:59:00] "GET /datatable/po/list/?start_date=2026-01-07&end_date=2026-04-07&page=1&page_size=10 HTTP/1.1" 200 7652
[07/Apr/2026 20:59:30] "GET /datatable/po/list/?start_date=2026-01-07&end_date=2026-04-07&page=1&page_size=10 HTTP/1.1" 200 7652
[07/Apr/2026 21:00:00] "GET /datatable/po/list/?start_date=2026-01-07&end_date=2026-04-07&page=1&page_size=10 HTTP/1.1" 200 7652
[07/Apr/2026 21:00:30] "GET /datatable/po/list/?start_date=2026-01-07&end_date=2026-04-07&page=1&page_size=10 HTTP/1.1" 200 7652
[07/Apr/2026 21:01:00] "GET /datatable/po/list/?start_date=2026-01-07&end_date=2026-04-07&page=1&page_size=10 HTTP/1.1" 200 7652
[07/Apr/2026 21:01:30] "GET /datatable/po/list/?start_date=2026-01-07&end_date=2026-04-07&page=1&page_size=10 HTTP/1.1" 200 7652
[07/Apr/2026 21:02:00] "GET /datatable/po/list/?start_date=2026-01-07&end_date=2026-04-07&page=1&page_size=10 HTTP/1.1" 200 7652
[07/Apr/2026 21:02:30] "GET /datatable/po/list/?start_date=2026-01-07&end_date=2026-04-07&page=1&page_size=10 HTTP/1.1" 200 7652
[07/Apr/2026 21:03:00] "GET /datatable/po/list/?start_date=2026-01-07&end_date=2026-04-07&page=1&page_size=10 HTTP/1.1" 200 7652
[07/Apr/2026 21:03:30] "GET /datatable/po/list/?start_date=2026-01-07&end_date=2026-04-07&page=1&page_size=10 HTTP/1.1" 200 7652
[07/Apr/2026 21:04:00] "GET /datatable/po/list/?start_date=2026-01-07&end_date=2026-04-07&page=1&page_size=10 HTTP/1.1" 200 7652
[07/Apr/2026 21:04:30] "GET /datatable/po/list/?start_date=2026-01-07&end_date=2026-04-07&page=1&page_size=10 HTTP/1.1" 200 7652
[07/Apr/2026 21:05:00] "GET /datatable/po/list/?start_date=2026-01-07&end_date=2026-04-07&page=1&page_size=10 HTTP/1.1" 200 7652
[07/Apr/2026 21:05:30] "GET /datatable/po/list/?start_date=2026-01-07&end_date=2026-04-07&page=1&page_size=10 HTTP/1.1" 200 7652
[07/Apr/2026 21:06:00] "GET /datatable/po/list/?start_date=2026-01-07&end_date=2026-04-07&page=1&page_size=10 HTTP/1.1" 200 7652
[07/Apr/2026 21:06:30] "GET /datatable/po/list/?start_date=2026-01-07&end_date=2026-04-07&page=1&page_size=10 HTTP/1.1" 200 7652
[07/Apr/2026 21:07:00] "GET /datatable/po/list/?start_date=2026-01-07&end_date=2026-04-07&page=1&page_size=10 HTTP/1.1" 200 7652
[07/Apr/2026 21:07:30] "GET /datatable/po/list/?start_date=2026-01-07&end_date=2026-04-07&page=1&page_size=10 HTTP/1.1" 200 7652
[07/Apr/2026 21:08:00] "GET /datatable/po/list/?start_date=2026-01-07&end_date=2026-04-07&page=1&page_size=10 HTTP/1.1" 200 7652
[07/Apr/2026 21:08:30] "GET /datatable/po/list/?start_date=2026-01-07&end_date=2026-04-07&page=1&page_size=10 HTTP/1.1" 200 7652
[07/Apr/2026 21:09:00] "GET /datatable/po/list/?start_date=2026-01-07&end_date=2026-04-07&page=1&page_size=10 HTTP/1.1" 200 7652
[07/Apr/2026 21:09:30] "GET /datatable/po/list/?start_date=2026-01-07&end_date=2026-04-07&page=1&page_size=10 HTTP/1.1" 200 7652
[07/Apr/2026 21:10:00] "GET /datatable/po/list/?start_date=2026-01-07&end_date=2026-04-07&page=1&page_size=10 HTTP/1.1" 200 7652
[07/Apr/2026 21:10:30] "GET /datatable/po/list/?start_date=2026-01-07&end_date=2026-04-07&page=1&page_size=10 HTTP/1.1" 200 7652
[07/Apr/2026 21:11:00] "GET /datatable/po/list/?start_date=2026-01-07&end_date=2026-04-07&page=1&page_size=10 HTTP/1.1" 200 7652
[07/Apr/2026 21:11:30] "GET /datatable/po/list/?start_date=2026-01-07&end_date=2026-04-07&page=1&page_size=10 HTTP/1.1" 200 7652
[07/Apr/2026 21:12:00] "GET /datatable/po/list/?start_date=2026-01-07&end_date=2026-04-07&page=1&page_size=10 HTTP/1.1" 200 7652
[07/Apr/2026 21:12:30] "GET /datatable/po/list/?start_date=2026-01-07&end_date=2026-04-07&page=1&page_size=10 HTTP/1.1" 200 7652
[07/Apr/2026 21:13:00] "GET /datatable/po/list/?start_date=2026-01-07&end_date=2026-04-07&page=1&page_size=10 HTTP/1.1" 200 7652
[07/Apr/2026 21:13:30] "GET /datatable/po/list/?start_date=2026-01-07&end_date=2026-04-07&page=1&page_size=10 HTTP/1.1" 200 7652
[07/Apr/2026 21:14:00] "GET /datatable/po/list/?start_date=2026-01-07&end_date=2026-04-07&page=1&page_size=10 HTTP/1.1" 200 7652
[07/Apr/2026 21:14:30] "GET /datatable/po/list/?start_date=2026-01-07&end_date=2026-04-07&page=1&page_size=10 HTTP/1.1" 200 7652
[07/Apr/2026 21:15:00] "GET /datatable/po/list/?start_date=2026-01-07&end_date=2026-04-07&page=1&page_size=10 HTTP/1.1" 200 7652
[07/Apr/2026 21:15:30] "GET /datatable/po/list/?start_date=2026-01-07&end_date=2026-04-07&page=1&page_size=10 HTTP/1.1" 200 7652
[07/Apr/2026 21:16:00] "GET /datatable/po/list/?start_date=2026-01-07&end_date=2026-04-07&page=1&page_size=10 HTTP/1.1" 200 7652
[07/Apr/2026 21:16:30] "GET /datatable/po/list/?start_date=2026-01-07&end_date=2026-04-07&page=1&page_size=10 HTTP/1.1" 200 7652
[07/Apr/2026 21:17:00] "GET /datatable/po/list/?start_date=2026-01-07&end_date=2026-04-07&page=1&page_size=10 HTTP/1.1" 200 7652
[07/Apr/2026 21:17:30] "GET /datatable/po/list/?start_date=2026-01-07&end_date=2026-04-07&page=1&page_size=10 HTTP/1.1" 200 7652
[07/Apr/2026 21:18:00] "GET /datatable/po/list/?start_date=2026-01-07&end_date=2026-04-07&page=1&page_size=10 HTTP/1.1" 200 7652
[07/Apr/2026 21:18:30] "GET /datatable/po/list/?start_date=2026-01-07&end_date=2026-04-07&page=1&page_size=10 HTTP/1.1" 200 7652
[07/Apr/2026 21:19:00] "GET /datatable/po/list/?start_date=2026-01-07&end_date=2026-04-07&page=1&page_size=10 HTTP/1.1" 200 7652
[07/Apr/2026 21:19:30] "GET /datatable/po/list/?start_date=2026-01-07&end_date=2026-04-07&page=1&page_size=10 HTTP/1.1" 200 7652
[07/Apr/2026 21:20:00] "GET /datatable/po/list/?start_date=2026-01-07&end_date=2026-04-07&page=1&page_size=10 HTTP/1.1" 200 7652
[07/Apr/2026 21:20:30] "GET /datatable/po/list/?start_date=2026-01-07&end_date=2026-04-07&page=1&page_size=10 HTTP/1.1" 200 7652
[07/Apr/2026 21:21:00] "GET /datatable/po/list/?start_date=2026-01-07&end_date=2026-04-07&page=1&page_size=10 HTTP/1.1" 200 7652
[07/Apr/2026 21:21:30] "GET /datatable/po/list/?start_date=2026-01-07&end_date=2026-04-07&page=1&page_size=10 HTTP/1.1" 200 7652
[07/Apr/2026 21:22:00] "GET /datatable/po/list/?start_date=2026-01-07&end_date=2026-04-07&page=1&page_size=10 HTTP/1.1" 200 7652
[07/Apr/2026 21:22:30] "GET /datatable/po/list/?start_date=2026-01-07&end_date=2026-04-07&page=1&page_size=10 HTTP/1.1" 200 7652
[07/Apr/2026 21:23:00] "GET /datatable/po/list/?start_date=2026-01-07&end_date=2026-04-07&page=1&page_size=10 HTTP/1.1" 200 7652
[07/Apr/2026 21:23:30] "GET /datatable/po/list/?start_date=2026-01-07&end_date=2026-04-07&page=1&page_size=10 HTTP/1.1" 200 7652
[07/Apr/2026 21:24:00] "GET /datatable/po/list/?start_date=2026-01-07&end_date=2026-04-07&page=1&page_size=10 HTTP/1.1" 200 7652
[07/Apr/2026 21:24:30] "GET /datatable/po/list/?start_date=2026-01-07&end_date=2026-04-07&page=1&page_size=10 HTTP/1.1" 200 7652
[07/Apr/2026 21:25:00] "GET /datatable/po/list/?start_date=2026-01-07&end_date=2026-04-07&page=1&page_size=10 HTTP/1.1" 200 7652
[07/Apr/2026 21:25:30] "GET /datatable/po/list/?start_date=2026-01-07&end_date=2026-04-07&page=1&page_size=10 HTTP/1.1" 200 7652
[07/Apr/2026 21:26:00] "GET /datatable/po/list/?start_date=2026-01-07&end_date=2026-04-07&page=1&page_size=10 HTTP/1.1" 200 7652
[07/Apr/2026 21:26:30] "GET /datatable/po/list/?start_date=2026-01-07&end_date=2026-04-07&page=1&page_size=10 HTTP/1.1" 200 7652
[07/Apr/2026 21:27:00] "GET /datatable/po/list/?start_date=2026-01-07&end_date=2026-04-07&page=1&page_size=10 HTTP/1.1" 200 7652
[07/Apr/2026 21:27:30] "GET /datatable/po/list/?start_date=2026-01-07&end_date=2026-04-07&page=1&page_size=10 HTTP/1.1" 200 7652
[07/Apr/2026 21:28:00] "GET /datatable/po/list/?start_date=2026-01-07&end_date=2026-04-07&page=1&page_size=10 HTTP/1.1" 200 7652
[07/Apr/2026 21:28:30] "GET /datatable/po/list/?start_date=2026-01-07&end_date=2026-04-07&page=1&page_size=10 HTTP/1.1" 200 7652
[07/Apr/2026 21:29:00] "GET /datatable/po/list/?start_date=2026-01-07&end_date=2026-04-07&page=1&page_size=10 HTTP/1.1" 200 7652
[07/Apr/2026 21:29:30] "GET /datatable/po/list/?start_date=2026-01-07&end_date=2026-04-07&page=1&page_size=10 HTTP/1.1" 200 7652
[07/Apr/2026 21:30:00] "GET /datatable/po/list/?start_date=2026-01-07&end_date=2026-04-07&page=1&page_size=10 HTTP/1.1" 200 7652
[07/Apr/2026 21:30:30] "GET /datatable/po/list/?start_date=2026-01-07&end_date=2026-04-07&page=1&page_size=10 HTTP/1.1" 200 7652
[07/Apr/2026 21:31:00] "GET /datatable/po/list/?start_date=2026-01-07&end_date=2026-04-07&page=1&page_size=10 HTTP/1.1" 200 7652
[07/Apr/2026 21:31:30] "GET /datatable/po/list/?start_date=2026-01-07&end_date=2026-04-07&page=1&page_size=10 HTTP/1.1" 200 7652
[07/Apr/2026 21:32:00] "GET /datatable/po/list/?start_date=2026-01-07&end_date=2026-04-07&page=1&page_size=10 HTTP/1.1" 200 7652
[07/Apr/2026 21:32:30] "GET /datatable/po/list/?start_date=2026-01-07&end_date=2026-04-07&page=1&page_size=10 HTTP/1.1" 200 7652
[07/Apr/2026 21:33:00] "GET /datatable/po/list/?start_date=2026-01-07&end_date=2026-04-07&page=1&page_size=10 HTTP/1.1" 200 7652
[07/Apr/2026 21:33:30] "GET /datatable/po/list/?start_date=2026-01-07&end_date=2026-04-07&page=1&page_size=10 HTTP/1.1" 200 7652
[07/Apr/2026 21:34:00] "GET /datatable/po/list/?start_date=2026-01-07&end_date=2026-04-07&page=1&page_size=10 HTTP/1.1" 200 7652
[07/Apr/2026 21:34:30] "GET /datatable/po/list/?start_date=2026-01-07&end_date=2026-04-07&page=1&page_size=10 HTTP/1.1" 200 7652
[07/Apr/2026 21:35:00] "GET /datatable/po/list/?start_date=2026-01-07&end_date=2026-04-07&page=1&page_size=10 HTTP/1.1" 200 7652
[07/Apr/2026 21:35:30] "GET /datatable/po/list/?start_date=2026-01-07&end_date=2026-04-07&page=1&page_size=10 HTTP/1.1" 200 7652
[07/Apr/2026 21:36:00] "GET /datatable/po/list/?start_date=2026-01-07&end_date=2026-04-07&page=1&page_size=10 HTTP/1.1" 200 7652
[07/Apr/2026 21:36:30] "GET /datatable/po/list/?start_date=2026-01-07&end_date=2026-04-07&page=1&page_size=10 HTTP/1.1" 200 7652
[07/Apr/2026 21:37:00] "GET /datatable/po/list/?start_date=2026-01-07&end_date=2026-04-07&page=1&page_size=10 HTTP/1.1" 200 7652
[07/Apr/2026 21:37:30] "GET /datatable/po/list/?start_date=2026-01-07&end_date=2026-04-07&page=1&page_size=10 HTTP/1.1" 200 7652
[07/Apr/2026 21:38:00] "GET /datatable/po/list/?start_date=2026-01-07&end_date=2026-04-07&page=1&page_size=10 HTTP/1.1" 200 7652
[07/Apr/2026 21:38:30] "GET /datatable/po/list/?start_date=2026-01-07&end_date=2026-04-07&page=1&page_size=10 HTTP/1.1" 200 7652
[07/Apr/2026 21:39:00] "GET /datatable/po/list/?start_date=2026-01-07&end_date=2026-04-07&page=1&page_size=10 HTTP/1.1" 200 7652
[07/Apr/2026 21:39:30] "GET /datatable/po/list/?start_date=2026-01-07&end_date=2026-04-07&page=1&page_size=10 HTTP/1.1" 200 7652
[07/Apr/2026 21:40:00] "GET /datatable/po/list/?start_date=2026-01-07&end_date=2026-04-07&page=1&page_size=10 HTTP/1.1" 200 7652
[07/Apr/2026 21:40:30] "GET /datatable/po/list/?start_date=2026-01-07&end_date=2026-04-07&page=1&page_size=10 HTTP/1.1" 200 7652
[07/Apr/2026 21:41:00] "GET /datatable/po/list/?start_date=2026-01-07&end_date=2026-04-07&page=1&page_size=10 HTTP/1.1" 200 7652
[07/Apr/2026 21:41:30] "GET /datatable/po/list/?start_date=2026-01-07&end_date=2026-04-07&page=1&page_size=10 HTTP/1.1" 200 7652
[07/Apr/2026 21:42:00] "GET /datatable/po/list/?start_date=2026-01-07&end_date=2026-04-07&page=1&page_size=10 HTTP/1.1" 200 7652
[07/Apr/2026 21:42:30] "GET /datatable/po/list/?start_date=2026-01-07&end_date=2026-04-07&page=1&page_size=10 HTTP/1.1" 200 7652
[07/Apr/2026 21:43:00] "GET /datatable/po/list/?start_date=2026-01-07&end_date=2026-04-07&page=1&page_size=10 HTTP/1.1" 200 7652
[07/Apr/2026 21:43:30] "GET /datatable/po/list/?start_date=2026-01-07&end_date=2026-04-07&page=1&page_size=10 HTTP/1.1" 200 7652
[07/Apr/2026 21:44:00] "GET /datatable/po/list/?start_date=2026-01-07&end_date=2026-04-07&page=1&page_size=10 HTTP/1.1" 200 7652
[07/Apr/2026 21:44:30] "GET /datatable/po/list/?start_date=2026-01-07&end_date=2026-04-07&page=1&page_size=10 HTTP/1.1" 200 7652
[07/Apr/2026 21:45:00] "GET /datatable/po/list/?start_date=2026-01-07&end_date=2026-04-07&page=1&page_size=10 HTTP/1.1" 200 7652
[07/Apr/2026 21:45:30] "GET /datatable/po/list/?start_date=2026-01-07&end_date=2026-04-07&page=1&page_size=10 HTTP/1.1" 200 7652
[07/Apr/2026 21:46:00] "GET /datatable/po/list/?start_date=2026-01-07&end_date=2026-04-07&page=1&page_size=10 HTTP/1.1" 200 7652
[07/Apr/2026 21:46:30] "GET /datatable/po/list/?start_date=2026-01-07&end_date=2026-04-07&page=1&page_size=10 HTTP/1.1" 200 7652
[07/Apr/2026 21:47:00] "GET /datatable/po/list/?start_date=2026-01-07&end_date=2026-04-07&page=1&page_size=10 HTTP/1.1" 200 7652
[07/Apr/2026 21:47:30] "GET /datatable/po/list/?start_date=2026-01-07&end_date=2026-04-07&page=1&page_size=10 HTTP/1.1" 200 7652
[07/Apr/2026 21:48:00] "GET /datatable/po/list/?start_date=2026-01-07&end_date=2026-04-07&page=1&page_size=10 HTTP/1.1" 200 7652
[07/Apr/2026 21:48:30] "GET /datatable/po/list/?start_date=2026-01-07&end_date=2026-04-07&page=1&page_size=10 HTTP/1.1" 200 7652
[07/Apr/2026 21:49:00] "GET /datatable/po/list/?start_date=2026-01-07&end_date=2026-04-07&page=1&page_size=10 HTTP/1.1" 200 7652
[07/Apr/2026 21:49:30] "GET /datatable/po/list/?start_date=2026-01-07&end_date=2026-04-07&page=1&page_size=10 HTTP/1.1" 200 7652
[07/Apr/2026 21:50:00] "GET /datatable/po/list/?start_date=2026-01-07&end_date=2026-04-07&page=1&page_size=10 HTTP/1.1" 200 7652
[07/Apr/2026 21:50:30] "GET /datatable/po/list/?start_date=2026-01-07&end_date=2026-04-07&page=1&page_size=10 HTTP/1.1" 200 7652
[07/Apr/2026 21:51:00] "GET /datatable/po/list/?start_date=2026-01-07&end_date=2026-04-07&page=1&page_size=10 HTTP/1.1" 200 7652
[07/Apr/2026 21:51:30] "GET /datatable/po/list/?start_date=2026-01-07&end_date=2026-04-07&page=1&page_size=10 HTTP/1.1" 200 7652
[07/Apr/2026 21:52:00] "GET /datatable/po/list/?start_date=2026-01-07&end_date=2026-04-07&page=1&page_size=10 HTTP/1.1" 200 7652
[07/Apr/2026 21:52:30] "GET /datatable/po/list/?start_date=2026-01-07&end_date=2026-04-07&page=1&page_size=10 HTTP/1.1" 200 7652
[07/Apr/2026 21:53:00] "GET /datatable/po/list/?start_date=2026-01-07&end_date=2026-04-07&page=1&page_size=10 HTTP/1.1" 200 7652
[07/Apr/2026 21:53:30] "GET /datatable/po/list/?start_date=2026-01-07&end_date=2026-04-07&page=1&page_size=10 HTTP/1.1" 200 7652
[07/Apr/2026 21:53:39] code 400, message Bad request version ('À\x14À')
[07/Apr/2026 21:53:39] You're accessing the development server over HTTPS, but it only supports HTTP.
Not Found: /
[07/Apr/2026 21:53:40] "GET / HTTP/1.1" 404 4003
[07/Apr/2026 21:53:41] code 505, message Invalid HTTP version (2.0)
[07/Apr/2026 21:53:41] "PRI * HTTP/2.0" 505 -
[07/Apr/2026 21:54:00] "GET /datatable/po/list/?start_date=2026-01-07&end_date=2026-04-07&page=1&page_size=10 HTTP/1.1" 200 7652
[07/Apr/2026 21:54:20] code 400, message Bad request version ('À\x14À')
[07/Apr/2026 21:54:20] You're accessing the development server over HTTPS, but it only supports HTTP.
Not Found: /wiki
[07/Apr/2026 21:54:21] "GET /wiki HTTP/1.1" 404 4033
[07/Apr/2026 21:54:30] "GET /datatable/po/list/?start_date=2026-01-07&end_date=2026-04-07&page=1&page_size=10 HTTP/1.1" 200 7652
[07/Apr/2026 21:55:00] "GET /datatable/po/list/?start_date=2026-01-07&end_date=2026-04-07&page=1&page_size=10 HTTP/1.1" 200 7652
[07/Apr/2026 21:55:30] "GET /datatable/po/list/?start_date=2026-01-07&end_date=2026-04-07&page=1&page_size=10 HTTP/1.1" 200 7652
[07/Apr/2026 21:56:00] "GET /datatable/po/list/?start_date=2026-01-07&end_date=2026-04-07&page=1&page_size=10 HTTP/1.1" 200 7652
[07/Apr/2026 21:56:30] "GET /datatable/po/list/?start_date=2026-01-07&end_date=2026-04-07&page=1&page_size=10 HTTP/1.1" 200 7652
[07/Apr/2026 21:57:00] "GET /datatable/po/list/?start_date=2026-01-07&end_date=2026-04-07&page=1&page_size=10 HTTP/1.1" 200 7652
[07/Apr/2026 21:57:30] "GET /datatable/po/list/?start_date=2026-01-07&end_date=2026-04-07&page=1&page_size=10 HTTP/1.1" 200 7652
[07/Apr/2026 21:58:00] "GET /datatable/po/list/?start_date=2026-01-07&end_date=2026-04-07&page=1&page_size=10 HTTP/1.1" 200 7652
[07/Apr/2026 21:58:30] "GET /datatable/po/list/?start_date=2026-01-07&end_date=2026-04-07&page=1&page_size=10 HTTP/1.1" 200 7652
[07/Apr/2026 21:59:00] "GET /datatable/po/list/?start_date=2026-01-07&end_date=2026-04-07&page=1&page_size=10 HTTP/1.1" 200 7652
[07/Apr/2026 21:59:30] "GET /datatable/po/list/?start_date=2026-01-07&end_date=2026-04-07&page=1&page_size=10 HTTP/1.1" 200 7652
[07/Apr/2026 22:00:00] "GET /datatable/po/list/?start_date=2026-01-07&end_date=2026-04-07&page=1&page_size=10 HTTP/1.1" 200 7652
[07/Apr/2026 22:00:30] "GET /datatable/po/list/?start_date=2026-01-07&end_date=2026-04-07&page=1&page_size=10 HTTP/1.1" 200 7652
[07/Apr/2026 22:01:00] "GET /datatable/po/list/?start_date=2026-01-07&end_date=2026-04-07&page=1&page_size=10 HTTP/1.1" 200 7652
[07/Apr/2026 22:01:30] "GET /datatable/po/list/?start_date=2026-01-07&end_date=2026-04-07&page=1&page_size=10 HTTP/1.1" 200 7652
[07/Apr/2026 22:02:00] "GET /datatable/po/list/?start_date=2026-01-07&end_date=2026-04-07&page=1&page_size=10 HTTP/1.1" 200 7652
[07/Apr/2026 22:02:30] "GET /datatable/po/list/?start_date=2026-01-07&end_date=2026-04-07&page=1&page_size=10 HTTP/1.1" 200 7652
[07/Apr/2026 22:03:00] "GET /datatable/po/list/?start_date=2026-01-07&end_date=2026-04-07&page=1&page_size=10 HTTP/1.1" 200 7652
[07/Apr/2026 22:03:30] "GET /datatable/po/list/?start_date=2026-01-07&end_date=2026-04-07&page=1&page_size=10 HTTP/1.1" 200 7652
[07/Apr/2026 22:04:00] "GET /datatable/po/list/?start_date=2026-01-07&end_date=2026-04-07&page=1&page_size=10 HTTP/1.1" 200 7652
[07/Apr/2026 22:04:30] "GET /datatable/po/list/?start_date=2026-01-07&end_date=2026-04-07&page=1&page_size=10 HTTP/1.1" 200 7652
[07/Apr/2026 22:05:00] "GET /datatable/po/list/?start_date=2026-01-07&end_date=2026-04-07&page=1&page_size=10 HTTP/1.1" 200 7652
[07/Apr/2026 22:05:30] "GET /datatable/po/list/?start_date=2026-01-07&end_date=2026-04-07&page=1&page_size=10 HTTP/1.1" 200 7652
[07/Apr/2026 22:06:00] "GET /datatable/po/list/?start_date=2026-01-07&end_date=2026-04-07&page=1&page_size=10 HTTP/1.1" 200 7652
[07/Apr/2026 22:06:30] "GET /datatable/po/list/?start_date=2026-01-07&end_date=2026-04-07&page=1&page_size=10 HTTP/1.1" 200 7652
[07/Apr/2026 22:07:00] "GET /datatable/po/list/?start_date=2026-01-07&end_date=2026-04-07&page=1&page_size=10 HTTP/1.1" 200 7652
[07/Apr/2026 22:07:30] "GET /datatable/po/list/?start_date=2026-01-07&end_date=2026-04-07&page=1&page_size=10 HTTP/1.1" 200 7652
[07/Apr/2026 22:08:00] "GET /datatable/po/list/?start_date=2026-01-07&end_date=2026-04-07&page=1&page_size=10 HTTP/1.1" 200 7652
[07/Apr/2026 22:08:30] "GET /datatable/po/list/?start_date=2026-01-07&end_date=2026-04-07&page=1&page_size=10 HTTP/1.1" 200 7652
[07/Apr/2026 22:09:00] "GET /datatable/po/list/?start_date=2026-01-07&end_date=2026-04-07&page=1&page_size=10 HTTP/1.1" 200 7652
[07/Apr/2026 22:09:30] "GET /datatable/po/list/?start_date=2026-01-07&end_date=2026-04-07&page=1&page_size=10 HTTP/1.1" 200 7652
[07/Apr/2026 22:10:00] "GET /datatable/po/list/?start_date=2026-01-07&end_date=2026-04-07&page=1&page_size=10 HTTP/1.1" 200 7652
[07/Apr/2026 22:10:30] "GET /datatable/po/list/?start_date=2026-01-07&end_date=2026-04-07&page=1&page_size=10 HTTP/1.1" 200 7652
[07/Apr/2026 22:11:00] "GET /datatable/po/list/?start_date=2026-01-07&end_date=2026-04-07&page=1&page_size=10 HTTP/1.1" 200 7652
[07/Apr/2026 22:11:30] "GET /datatable/po/list/?start_date=2026-01-07&end_date=2026-04-07&page=1&page_size=10 HTTP/1.1" 200 7652
[07/Apr/2026 22:12:00] "GET /datatable/po/list/?start_date=2026-01-07&end_date=2026-04-07&page=1&page_size=10 HTTP/1.1" 200 7652
[07/Apr/2026 22:12:30] "GET /datatable/po/list/?start_date=2026-01-07&end_date=2026-04-07&page=1&page_size=10 HTTP/1.1" 200 7652
[07/Apr/2026 22:13:00] "GET /datatable/po/list/?start_date=2026-01-07&end_date=2026-04-07&page=1&page_size=10 HTTP/1.1" 200 7652
[07/Apr/2026 22:13:30] "GET /datatable/po/list/?start_date=2026-01-07&end_date=2026-04-07&page=1&page_size=10 HTTP/1.1" 200 7652
[07/Apr/2026 22:14:00] "GET /datatable/po/list/?start_date=2026-01-07&end_date=2026-04-07&page=1&page_size=10 HTTP/1.1" 200 7652
[07/Apr/2026 22:14:30] "GET /datatable/po/list/?start_date=2026-01-07&end_date=2026-04-07&page=1&page_size=10 HTTP/1.1" 200 7652
[07/Apr/2026 22:15:00] "GET /datatable/po/list/?start_date=2026-01-07&end_date=2026-04-07&page=1&page_size=10 HTTP/1.1" 200 7652
[07/Apr/2026 22:15:30] "GET /datatable/po/list/?start_date=2026-01-07&end_date=2026-04-07&page=1&page_size=10 HTTP/1.1" 200 7652
[07/Apr/2026 22:16:00] "GET /datatable/po/list/?start_date=2026-01-07&end_date=2026-04-07&page=1&page_size=10 HTTP/1.1" 200 7652
[07/Apr/2026 22:16:30] "GET /datatable/po/list/?start_date=2026-01-07&end_date=2026-04-07&page=1&page_size=10 HTTP/1.1" 200 7652
[07/Apr/2026 22:17:00] "GET /datatable/po/list/?start_date=2026-01-07&end_date=2026-04-07&page=1&page_size=10 HTTP/1.1" 200 7652
[07/Apr/2026 22:17:30] "GET /datatable/po/list/?start_date=2026-01-07&end_date=2026-04-07&page=1&page_size=10 HTTP/1.1" 200 7652
[07/Apr/2026 22:18:00] "GET /datatable/po/list/?start_date=2026-01-07&end_date=2026-04-07&page=1&page_size=10 HTTP/1.1" 200 7652
[07/Apr/2026 22:18:30] "GET /datatable/po/list/?start_date=2026-01-07&end_date=2026-04-07&page=1&page_size=10 HTTP/1.1" 200 7652
[07/Apr/2026 22:19:00] "GET /datatable/po/list/?start_date=2026-01-07&end_date=2026-04-07&page=1&page_size=10 HTTP/1.1" 200 7652
[07/Apr/2026 22:19:30] "GET /datatable/po/list/?start_date=2026-01-07&end_date=2026-04-07&page=1&page_size=10 HTTP/1.1" 200 7652
[07/Apr/2026 22:20:00] "GET /datatable/po/list/?start_date=2026-01-07&end_date=2026-04-07&page=1&page_size=10 HTTP/1.1" 200 7652
[07/Apr/2026 22:20:30] "GET /datatable/po/list/?start_date=2026-01-07&end_date=2026-04-07&page=1&page_size=10 HTTP/1.1" 200 7652
[07/Apr/2026 22:21:00] "GET /datatable/po/list/?start_date=2026-01-07&end_date=2026-04-07&page=1&page_size=10 HTTP/1.1" 200 7652
[07/Apr/2026 22:21:30] "GET /datatable/po/list/?start_date=2026-01-07&end_date=2026-04-07&page=1&page_size=10 HTTP/1.1" 200 7652
[07/Apr/2026 22:22:00] "GET /datatable/po/list/?start_date=2026-01-07&end_date=2026-04-07&page=1&page_size=10 HTTP/1.1" 200 7652
[07/Apr/2026 22:22:30] "GET /datatable/po/list/?start_date=2026-01-07&end_date=2026-04-07&page=1&page_size=10 HTTP/1.1" 200 7652
[07/Apr/2026 22:23:00] "GET /datatable/po/list/?start_date=2026-01-07&end_date=2026-04-07&page=1&page_size=10 HTTP/1.1" 200 7652
[07/Apr/2026 22:23:30] "GET /datatable/po/list/?start_date=2026-01-07&end_date=2026-04-07&page=1&page_size=10 HTTP/1.1" 200 7652
[07/Apr/2026 22:24:00] "GET /datatable/po/list/?start_date=2026-01-07&end_date=2026-04-07&page=1&page_size=10 HTTP/1.1" 200 7652
[07/Apr/2026 22:24:30] "GET /datatable/po/list/?start_date=2026-01-07&end_date=2026-04-07&page=1&page_size=10 HTTP/1.1" 200 7652
[07/Apr/2026 22:25:00] "GET /datatable/po/list/?start_date=2026-01-07&end_date=2026-04-07&page=1&page_size=10 HTTP/1.1" 200 7652
[07/Apr/2026 22:25:30] "GET /datatable/po/list/?start_date=2026-01-07&end_date=2026-04-07&page=1&page_size=10 HTTP/1.1" 200 7652
[07/Apr/2026 22:26:00] "GET /datatable/po/list/?start_date=2026-01-07&end_date=2026-04-07&page=1&page_size=10 HTTP/1.1" 200 7652
[07/Apr/2026 22:26:30] "GET /datatable/po/list/?start_date=2026-01-07&end_date=2026-04-07&page=1&page_size=10 HTTP/1.1" 200 7652
[07/Apr/2026 22:27:00] "GET /datatable/po/list/?start_date=2026-01-07&end_date=2026-04-07&page=1&page_size=10 HTTP/1.1" 200 7652
[07/Apr/2026 22:27:30] "GET /datatable/po/list/?start_date=2026-01-07&end_date=2026-04-07&page=1&page_size=10 HTTP/1.1" 200 7652
[07/Apr/2026 22:28:00] "OPTIONS /datatable/po/list/?start_date=2026-01-07&end_date=2026-04-07&page=1&page_size=10 HTTP/1.1" 200 0
[07/Apr/2026 22:28:00] "GET /datatable/po/list/?start_date=2026-01-07&end_date=2026-04-07&page=1&page_size=10 HTTP/1.1" 200 7652
[07/Apr/2026 22:28:30] "GET /datatable/po/list/?start_date=2026-01-07&end_date=2026-04-07&page=1&page_size=10 HTTP/1.1" 200 7652
[07/Apr/2026 22:29:00] "GET /datatable/po/list/?start_date=2026-01-07&end_date=2026-04-07&page=1&page_size=10 HTTP/1.1" 200 7652
[07/Apr/2026 22:29:30] "GET /datatable/po/list/?start_date=2026-01-07&end_date=2026-04-07&page=1&page_size=10 HTTP/1.1" 200 7652
[07/Apr/2026 22:30:00] "GET /datatable/po/list/?start_date=2026-01-07&end_date=2026-04-07&page=1&page_size=10 HTTP/1.1" 200 7652
[07/Apr/2026 22:30:30] "GET /datatable/po/list/?start_date=2026-01-07&end_date=2026-04-07&page=1&page_size=10 HTTP/1.1" 200 7652
[07/Apr/2026 22:31:00] "GET /datatable/po/list/?start_date=2026-01-07&end_date=2026-04-07&page=1&page_size=10 HTTP/1.1" 200 7652
[07/Apr/2026 22:31:30] "GET /datatable/po/list/?start_date=2026-01-07&end_date=2026-04-07&page=1&page_size=10 HTTP/1.1" 200 7652
[07/Apr/2026 22:32:00] "GET /datatable/po/list/?start_date=2026-01-07&end_date=2026-04-07&page=1&page_size=10 HTTP/1.1" 200 7652
[07/Apr/2026 22:32:30] "GET /datatable/po/list/?start_date=2026-01-07&end_date=2026-04-07&page=1&page_size=10 HTTP/1.1" 200 7652
[07/Apr/2026 22:33:00] "GET /datatable/po/list/?start_date=2026-01-07&end_date=2026-04-07&page=1&page_size=10 HTTP/1.1" 200 7652
[07/Apr/2026 22:33:30] "GET /datatable/po/list/?start_date=2026-01-07&end_date=2026-04-07&page=1&page_size=10 HTTP/1.1" 200 7652
[07/Apr/2026 22:34:00] "GET /datatable/po/list/?start_date=2026-01-07&end_date=2026-04-07&page=1&page_size=10 HTTP/1.1" 200 7652
[07/Apr/2026 22:34:30] "GET /datatable/po/list/?start_date=2026-01-07&end_date=2026-04-07&page=1&page_size=10 HTTP/1.1" 200 7652
[07/Apr/2026 22:35:00] "GET /datatable/po/list/?start_date=2026-01-07&end_date=2026-04-07&page=1&page_size=10 HTTP/1.1" 200 7652
[07/Apr/2026 22:35:30] "GET /datatable/po/list/?start_date=2026-01-07&end_date=2026-04-07&page=1&page_size=10 HTTP/1.1" 200 7652
[07/Apr/2026 22:36:00] "GET /datatable/po/list/?start_date=2026-01-07&end_date=2026-04-07&page=1&page_size=10 HTTP/1.1" 200 7652
[07/Apr/2026 22:36:30] "GET /datatable/po/list/?start_date=2026-01-07&end_date=2026-04-07&page=1&page_size=10 HTTP/1.1" 200 7652
[07/Apr/2026 22:37:00] "GET /datatable/po/list/?start_date=2026-01-07&end_date=2026-04-07&page=1&page_size=10 HTTP/1.1" 200 7652
[07/Apr/2026 22:37:30] "GET /datatable/po/list/?start_date=2026-01-07&end_date=2026-04-07&page=1&page_size=10 HTTP/1.1" 200 7652
[07/Apr/2026 22:38:00] "GET /datatable/po/list/?start_date=2026-01-07&end_date=2026-04-07&page=1&page_size=10 HTTP/1.1" 200 7652
[07/Apr/2026 22:38:30] "GET /datatable/po/list/?start_date=2026-01-07&end_date=2026-04-07&page=1&page_size=10 HTTP/1.1" 200 7652
[07/Apr/2026 22:39:00] "GET /datatable/po/list/?start_date=2026-01-07&end_date=2026-04-07&page=1&page_size=10 HTTP/1.1" 200 7652
[07/Apr/2026 22:39:30] "GET /datatable/po/list/?start_date=2026-01-07&end_date=2026-04-07&page=1&page_size=10 HTTP/1.1" 200 7652
[07/Apr/2026 22:40:00] "GET /datatable/po/list/?start_date=2026-01-07&end_date=2026-04-07&page=1&page_size=10 HTTP/1.1" 200 7652
[07/Apr/2026 22:40:30] "GET /datatable/po/list/?start_date=2026-01-07&end_date=2026-04-07&page=1&page_size=10 HTTP/1.1" 200 7652
[07/Apr/2026 22:41:00] "GET /datatable/po/list/?start_date=2026-01-07&end_date=2026-04-07&page=1&page_size=10 HTTP/1.1" 200 7652
[07/Apr/2026 22:41:30] "GET /datatable/po/list/?start_date=2026-01-07&end_date=2026-04-07&page=1&page_size=10 HTTP/1.1" 200 7652
[07/Apr/2026 22:42:00] "GET /datatable/po/list/?start_date=2026-01-07&end_date=2026-04-07&page=1&page_size=10 HTTP/1.1" 200 7652
[07/Apr/2026 22:42:30] "GET /datatable/po/list/?start_date=2026-01-07&end_date=2026-04-07&page=1&page_size=10 HTTP/1.1" 200 7652
[07/Apr/2026 22:43:00] "GET /datatable/po/list/?start_date=2026-01-07&end_date=2026-04-07&page=1&page_size=10 HTTP/1.1" 200 7652
[07/Apr/2026 22:43:30] "GET /datatable/po/list/?start_date=2026-01-07&end_date=2026-04-07&page=1&page_size=10 HTTP/1.1" 200 7652
[07/Apr/2026 22:44:00] "GET /datatable/po/list/?start_date=2026-01-07&end_date=2026-04-07&page=1&page_size=10 HTTP/1.1" 200 7652
[07/Apr/2026 22:44:30] "GET /datatable/po/list/?start_date=2026-01-07&end_date=2026-04-07&page=1&page_size=10 HTTP/1.1" 200 7652
[07/Apr/2026 22:45:00] "GET /datatable/po/list/?start_date=2026-01-07&end_date=2026-04-07&page=1&page_size=10 HTTP/1.1" 200 7652
[07/Apr/2026 22:45:30] "GET /datatable/po/list/?start_date=2026-01-07&end_date=2026-04-07&page=1&page_size=10 HTTP/1.1" 200 7652
[07/Apr/2026 22:46:00] "GET /datatable/po/list/?start_date=2026-01-07&end_date=2026-04-07&page=1&page_size=10 HTTP/1.1" 200 7652
[07/Apr/2026 22:46:30] "GET /datatable/po/list/?start_date=2026-01-07&end_date=2026-04-07&page=1&page_size=10 HTTP/1.1" 200 7652
[07/Apr/2026 22:47:00] "GET /datatable/po/list/?start_date=2026-01-07&end_date=2026-04-07&page=1&page_size=10 HTTP/1.1" 200 7652
[07/Apr/2026 22:47:30] "GET /datatable/po/list/?start_date=2026-01-07&end_date=2026-04-07&page=1&page_size=10 HTTP/1.1" 200 7652
[07/Apr/2026 22:48:00] "GET /datatable/po/list/?start_date=2026-01-07&end_date=2026-04-07&page=1&page_size=10 HTTP/1.1" 200 7652
[07/Apr/2026 22:48:30] "GET /datatable/po/list/?start_date=2026-01-07&end_date=2026-04-07&page=1&page_size=10 HTTP/1.1" 200 7652
[07/Apr/2026 22:49:00] "GET /datatable/po/list/?start_date=2026-01-07&end_date=2026-04-07&page=1&page_size=10 HTTP/1.1" 200 7652
[07/Apr/2026 22:49:30] "GET /datatable/po/list/?start_date=2026-01-07&end_date=2026-04-07&page=1&page_size=10 HTTP/1.1" 200 7652
[07/Apr/2026 22:50:00] "GET /datatable/po/list/?start_date=2026-01-07&end_date=2026-04-07&page=1&page_size=10 HTTP/1.1" 200 7652
[07/Apr/2026 22:50:30] "GET /datatable/po/list/?start_date=2026-01-07&end_date=2026-04-07&page=1&page_size=10 HTTP/1.1" 200 7652
[07/Apr/2026 22:51:00] "GET /datatable/po/list/?start_date=2026-01-07&end_date=2026-04-07&page=1&page_size=10 HTTP/1.1" 200 7652
[07/Apr/2026 22:51:30] "GET /datatable/po/list/?start_date=2026-01-07&end_date=2026-04-07&page=1&page_size=10 HTTP/1.1" 200 7652
[07/Apr/2026 22:52:00] "GET /datatable/po/list/?start_date=2026-01-07&end_date=2026-04-07&page=1&page_size=10 HTTP/1.1" 200 7652
[07/Apr/2026 22:52:30] "GET /datatable/po/list/?start_date=2026-01-07&end_date=2026-04-07&page=1&page_size=10 HTTP/1.1" 200 7652
[07/Apr/2026 22:53:00] "GET /datatable/po/list/?start_date=2026-01-07&end_date=2026-04-07&page=1&page_size=10 HTTP/1.1" 200 7652
[07/Apr/2026 22:53:30] "GET /datatable/po/list/?start_date=2026-01-07&end_date=2026-04-07&page=1&page_size=10 HTTP/1.1" 200 7652
[07/Apr/2026 22:54:00] "GET /datatable/po/list/?start_date=2026-01-07&end_date=2026-04-07&page=1&page_size=10 HTTP/1.1" 200 7652
[07/Apr/2026 22:54:30] "GET /datatable/po/list/?start_date=2026-01-07&end_date=2026-04-07&page=1&page_size=10 HTTP/1.1" 200 7652
[07/Apr/2026 22:55:00] "GET /datatable/po/list/?start_date=2026-01-07&end_date=2026-04-07&page=1&page_size=10 HTTP/1.1" 200 7652
[07/Apr/2026 22:55:30] "GET /datatable/po/list/?start_date=2026-01-07&end_date=2026-04-07&page=1&page_size=10 HTTP/1.1" 200 7652
[07/Apr/2026 22:56:00] "GET /datatable/po/list/?start_date=2026-01-07&end_date=2026-04-07&page=1&page_size=10 HTTP/1.1" 200 7652
[07/Apr/2026 22:56:30] "GET /datatable/po/list/?start_date=2026-01-07&end_date=2026-04-07&page=1&page_size=10 HTTP/1.1" 200 7652
[07/Apr/2026 22:57:00] "GET /datatable/po/list/?start_date=2026-01-07&end_date=2026-04-07&page=1&page_size=10 HTTP/1.1" 200 7652
[07/Apr/2026 22:57:30] "GET /datatable/po/list/?start_date=2026-01-07&end_date=2026-04-07&page=1&page_size=10 HTTP/1.1" 200 7652
[07/Apr/2026 22:58:00] "GET /datatable/po/list/?start_date=2026-01-07&end_date=2026-04-07&page=1&page_size=10 HTTP/1.1" 200 7652
[07/Apr/2026 22:58:30] "GET /datatable/po/list/?start_date=2026-01-07&end_date=2026-04-07&page=1&page_size=10 HTTP/1.1" 200 7652
[07/Apr/2026 22:59:00] "GET /datatable/po/list/?start_date=2026-01-07&end_date=2026-04-07&page=1&page_size=10 HTTP/1.1" 200 7652
[07/Apr/2026 22:59:30] "GET /datatable/po/list/?start_date=2026-01-07&end_date=2026-04-07&page=1&page_size=10 HTTP/1.1" 200 7652
[07/Apr/2026 23:00:00] "OPTIONS /datatable/po/list/?start_date=2026-01-08&end_date=2026-04-08&page=1&page_size=10 HTTP/1.1" 200 0
[07/Apr/2026 23:00:00] "GET /datatable/po/list/?start_date=2026-01-08&end_date=2026-04-08&page=1&page_size=10 HTTP/1.1" 200 7652
[07/Apr/2026 23:00:30] "GET /datatable/po/list/?start_date=2026-01-08&end_date=2026-04-08&page=1&page_size=10 HTTP/1.1" 200 7652
[07/Apr/2026 23:01:00] "GET /datatable/po/list/?start_date=2026-01-08&end_date=2026-04-08&page=1&page_size=10 HTTP/1.1" 200 7652
[07/Apr/2026 23:01:30] "GET /datatable/po/list/?start_date=2026-01-08&end_date=2026-04-08&page=1&page_size=10 HTTP/1.1" 200 7652
[07/Apr/2026 23:02:00] "GET /datatable/po/list/?start_date=2026-01-08&end_date=2026-04-08&page=1&page_size=10 HTTP/1.1" 200 7652
[07/Apr/2026 23:02:30] "GET /datatable/po/list/?start_date=2026-01-08&end_date=2026-04-08&page=1&page_size=10 HTTP/1.1" 200 7652
[07/Apr/2026 23:03:00] "GET /datatable/po/list/?start_date=2026-01-08&end_date=2026-04-08&page=1&page_size=10 HTTP/1.1" 200 7652
[07/Apr/2026 23:03:30] "GET /datatable/po/list/?start_date=2026-01-08&end_date=2026-04-08&page=1&page_size=10 HTTP/1.1" 200 7652
[07/Apr/2026 23:04:00] "GET /datatable/po/list/?start_date=2026-01-08&end_date=2026-04-08&page=1&page_size=10 HTTP/1.1" 200 7652
[07/Apr/2026 23:04:30] "GET /datatable/po/list/?start_date=2026-01-08&end_date=2026-04-08&page=1&page_size=10 HTTP/1.1" 200 7652
[07/Apr/2026 23:05:00] "GET /datatable/po/list/?start_date=2026-01-08&end_date=2026-04-08&page=1&page_size=10 HTTP/1.1" 200 7652
[07/Apr/2026 23:05:30] "GET /datatable/po/list/?start_date=2026-01-08&end_date=2026-04-08&page=1&page_size=10 HTTP/1.1" 200 7652
[07/Apr/2026 23:06:00] "GET /datatable/po/list/?start_date=2026-01-08&end_date=2026-04-08&page=1&page_size=10 HTTP/1.1" 200 7652
[07/Apr/2026 23:06:30] "GET /datatable/po/list/?start_date=2026-01-08&end_date=2026-04-08&page=1&page_size=10 HTTP/1.1" 200 7652
[07/Apr/2026 23:07:00] "GET /datatable/po/list/?start_date=2026-01-08&end_date=2026-04-08&page=1&page_size=10 HTTP/1.1" 200 7652
[07/Apr/2026 23:07:30] "GET /datatable/po/list/?start_date=2026-01-08&end_date=2026-04-08&page=1&page_size=10 HTTP/1.1" 200 7652
[07/Apr/2026 23:08:00] "GET /datatable/po/list/?start_date=2026-01-08&end_date=2026-04-08&page=1&page_size=10 HTTP/1.1" 200 7652
[07/Apr/2026 23:08:30] "GET /datatable/po/list/?start_date=2026-01-08&end_date=2026-04-08&page=1&page_size=10 HTTP/1.1" 200 7652
[07/Apr/2026 23:09:00] "GET /datatable/po/list/?start_date=2026-01-08&end_date=2026-04-08&page=1&page_size=10 HTTP/1.1" 200 7652
[07/Apr/2026 23:09:30] "GET /datatable/po/list/?start_date=2026-01-08&end_date=2026-04-08&page=1&page_size=10 HTTP/1.1" 200 7652
[07/Apr/2026 23:10:00] "GET /datatable/po/list/?start_date=2026-01-08&end_date=2026-04-08&page=1&page_size=10 HTTP/1.1" 200 7652
[07/Apr/2026 23:10:30] "GET /datatable/po/list/?start_date=2026-01-08&end_date=2026-04-08&page=1&page_size=10 HTTP/1.1" 200 7652
[07/Apr/2026 23:11:00] "GET /datatable/po/list/?start_date=2026-01-08&end_date=2026-04-08&page=1&page_size=10 HTTP/1.1" 200 7652
[07/Apr/2026 23:11:30] "GET /datatable/po/list/?start_date=2026-01-08&end_date=2026-04-08&page=1&page_size=10 HTTP/1.1" 200 7652
[07/Apr/2026 23:12:00] "GET /datatable/po/list/?start_date=2026-01-08&end_date=2026-04-08&page=1&page_size=10 HTTP/1.1" 200 7652
[07/Apr/2026 23:12:30] "GET /datatable/po/list/?start_date=2026-01-08&end_date=2026-04-08&page=1&page_size=10 HTTP/1.1" 200 7652
[07/Apr/2026 23:13:00] "GET /datatable/po/list/?start_date=2026-01-08&end_date=2026-04-08&page=1&page_size=10 HTTP/1.1" 200 7652
[07/Apr/2026 23:13:30] "GET /datatable/po/list/?start_date=2026-01-08&end_date=2026-04-08&page=1&page_size=10 HTTP/1.1" 200 7652
[07/Apr/2026 23:14:00] "GET /datatable/po/list/?start_date=2026-01-08&end_date=2026-04-08&page=1&page_size=10 HTTP/1.1" 200 7652
[07/Apr/2026 23:14:30] "GET /datatable/po/list/?start_date=2026-01-08&end_date=2026-04-08&page=1&page_size=10 HTTP/1.1" 200 7652
[07/Apr/2026 23:15:00] "GET /datatable/po/list/?start_date=2026-01-08&end_date=2026-04-08&page=1&page_size=10 HTTP/1.1" 200 7652
[07/Apr/2026 23:15:30] "GET /datatable/po/list/?start_date=2026-01-08&end_date=2026-04-08&page=1&page_size=10 HTTP/1.1" 200 7652
[07/Apr/2026 23:16:00] "GET /datatable/po/list/?start_date=2026-01-08&end_date=2026-04-08&page=1&page_size=10 HTTP/1.1" 200 7652
[07/Apr/2026 23:16:30] "GET /datatable/po/list/?start_date=2026-01-08&end_date=2026-04-08&page=1&page_size=10 HTTP/1.1" 200 7652
[07/Apr/2026 23:17:00] "GET /datatable/po/list/?start_date=2026-01-08&end_date=2026-04-08&page=1&page_size=10 HTTP/1.1" 200 7652
[07/Apr/2026 23:17:30] "GET /datatable/po/list/?start_date=2026-01-08&end_date=2026-04-08&page=1&page_size=10 HTTP/1.1" 200 7652
[07/Apr/2026 23:18:00] "GET /datatable/po/list/?start_date=2026-01-08&end_date=2026-04-08&page=1&page_size=10 HTTP/1.1" 200 7652
[07/Apr/2026 23:18:30] "GET /datatable/po/list/?start_date=2026-01-08&end_date=2026-04-08&page=1&page_size=10 HTTP/1.1" 200 7652
[07/Apr/2026 23:19:00] "GET /datatable/po/list/?start_date=2026-01-08&end_date=2026-04-08&page=1&page_size=10 HTTP/1.1" 200 7652
[07/Apr/2026 23:19:30] "GET /datatable/po/list/?start_date=2026-01-08&end_date=2026-04-08&page=1&page_size=10 HTTP/1.1" 200 7652
[07/Apr/2026 23:20:00] "GET /datatable/po/list/?start_date=2026-01-08&end_date=2026-04-08&page=1&page_size=10 HTTP/1.1" 200 7652
[07/Apr/2026 23:20:30] "GET /datatable/po/list/?start_date=2026-01-08&end_date=2026-04-08&page=1&page_size=10 HTTP/1.1" 200 7652
[07/Apr/2026 23:21:00] "GET /datatable/po/list/?start_date=2026-01-08&end_date=2026-04-08&page=1&page_size=10 HTTP/1.1" 200 7652
[07/Apr/2026 23:21:30] "GET /datatable/po/list/?start_date=2026-01-08&end_date=2026-04-08&page=1&page_size=10 HTTP/1.1" 200 7652
[07/Apr/2026 23:22:00] "GET /datatable/po/list/?start_date=2026-01-08&end_date=2026-04-08&page=1&page_size=10 HTTP/1.1" 200 7652
[07/Apr/2026 23:22:30] "GET /datatable/po/list/?start_date=2026-01-08&end_date=2026-04-08&page=1&page_size=10 HTTP/1.1" 200 7652
[07/Apr/2026 23:23:00] "GET /datatable/po/list/?start_date=2026-01-08&end_date=2026-04-08&page=1&page_size=10 HTTP/1.1" 200 7652
[07/Apr/2026 23:23:30] "GET /datatable/po/list/?start_date=2026-01-08&end_date=2026-04-08&page=1&page_size=10 HTTP/1.1" 200 7652
[07/Apr/2026 23:24:00] "GET /datatable/po/list/?start_date=2026-01-08&end_date=2026-04-08&page=1&page_size=10 HTTP/1.1" 200 7652
[07/Apr/2026 23:24:30] "GET /datatable/po/list/?start_date=2026-01-08&end_date=2026-04-08&page=1&page_size=10 HTTP/1.1" 200 7652
[07/Apr/2026 23:25:00] "GET /datatable/po/list/?start_date=2026-01-08&end_date=2026-04-08&page=1&page_size=10 HTTP/1.1" 200 7652
[07/Apr/2026 23:25:30] "GET /datatable/po/list/?start_date=2026-01-08&end_date=2026-04-08&page=1&page_size=10 HTTP/1.1" 200 7652
[07/Apr/2026 23:26:00] "GET /datatable/po/list/?start_date=2026-01-08&end_date=2026-04-08&page=1&page_size=10 HTTP/1.1" 200 7652
[07/Apr/2026 23:26:30] "GET /datatable/po/list/?start_date=2026-01-08&end_date=2026-04-08&page=1&page_size=10 HTTP/1.1" 200 7652
[07/Apr/2026 23:27:00] "GET /datatable/po/list/?start_date=2026-01-08&end_date=2026-04-08&page=1&page_size=10 HTTP/1.1" 200 7652
[07/Apr/2026 23:27:30] "GET /datatable/po/list/?start_date=2026-01-08&end_date=2026-04-08&page=1&page_size=10 HTTP/1.1" 200 7652
[07/Apr/2026 23:28:00] "GET /datatable/po/list/?start_date=2026-01-08&end_date=2026-04-08&page=1&page_size=10 HTTP/1.1" 200 7652
[07/Apr/2026 23:28:30] "GET /datatable/po/list/?start_date=2026-01-08&end_date=2026-04-08&page=1&page_size=10 HTTP/1.1" 200 7652
[07/Apr/2026 23:29:00] "GET /datatable/po/list/?start_date=2026-01-08&end_date=2026-04-08&page=1&page_size=10 HTTP/1.1" 200 7652
[07/Apr/2026 23:29:30] "GET /datatable/po/list/?start_date=2026-01-08&end_date=2026-04-08&page=1&page_size=10 HTTP/1.1" 200 7652
[07/Apr/2026 23:30:00] "GET /datatable/po/list/?start_date=2026-01-08&end_date=2026-04-08&page=1&page_size=10 HTTP/1.1" 200 7652
[07/Apr/2026 23:30:30] "GET /datatable/po/list/?start_date=2026-01-08&end_date=2026-04-08&page=1&page_size=10 HTTP/1.1" 200 7652
[07/Apr/2026 23:31:00] "GET /datatable/po/list/?start_date=2026-01-08&end_date=2026-04-08&page=1&page_size=10 HTTP/1.1" 200 7652
[07/Apr/2026 23:31:30] "GET /datatable/po/list/?start_date=2026-01-08&end_date=2026-04-08&page=1&page_size=10 HTTP/1.1" 200 7652
[07/Apr/2026 23:32:00] "GET /datatable/po/list/?start_date=2026-01-08&end_date=2026-04-08&page=1&page_size=10 HTTP/1.1" 200 7652
[07/Apr/2026 23:32:30] "GET /datatable/po/list/?start_date=2026-01-08&end_date=2026-04-08&page=1&page_size=10 HTTP/1.1" 200 7652
[07/Apr/2026 23:33:00] "GET /datatable/po/list/?start_date=2026-01-08&end_date=2026-04-08&page=1&page_size=10 HTTP/1.1" 200 7652
[07/Apr/2026 23:33:30] "GET /datatable/po/list/?start_date=2026-01-08&end_date=2026-04-08&page=1&page_size=10 HTTP/1.1" 200 7652
[07/Apr/2026 23:34:00] "GET /datatable/po/list/?start_date=2026-01-08&end_date=2026-04-08&page=1&page_size=10 HTTP/1.1" 200 7652
[07/Apr/2026 23:34:30] "GET /datatable/po/list/?start_date=2026-01-08&end_date=2026-04-08&page=1&page_size=10 HTTP/1.1" 200 7652
[07/Apr/2026 23:35:00] "GET /datatable/po/list/?start_date=2026-01-08&end_date=2026-04-08&page=1&page_size=10 HTTP/1.1" 200 7652
[07/Apr/2026 23:35:30] "GET /datatable/po/list/?start_date=2026-01-08&end_date=2026-04-08&page=1&page_size=10 HTTP/1.1" 200 7652
[07/Apr/2026 23:36:00] "GET /datatable/po/list/?start_date=2026-01-08&end_date=2026-04-08&page=1&page_size=10 HTTP/1.1" 200 7652
[07/Apr/2026 23:36:30] "GET /datatable/po/list/?start_date=2026-01-08&end_date=2026-04-08&page=1&page_size=10 HTTP/1.1" 200 7652
[07/Apr/2026 23:37:00] "GET /datatable/po/list/?start_date=2026-01-08&end_date=2026-04-08&page=1&page_size=10 HTTP/1.1" 200 7652
[07/Apr/2026 23:37:30] "GET /datatable/po/list/?start_date=2026-01-08&end_date=2026-04-08&page=1&page_size=10 HTTP/1.1" 200 7652
[07/Apr/2026 23:38:00] "GET /datatable/po/list/?start_date=2026-01-08&end_date=2026-04-08&page=1&page_size=10 HTTP/1.1" 200 7652
[07/Apr/2026 23:38:30] "GET /datatable/po/list/?start_date=2026-01-08&end_date=2026-04-08&page=1&page_size=10 HTTP/1.1" 200 7652
[07/Apr/2026 23:39:00] "GET /datatable/po/list/?start_date=2026-01-08&end_date=2026-04-08&page=1&page_size=10 HTTP/1.1" 200 7652
[07/Apr/2026 23:39:30] "GET /datatable/po/list/?start_date=2026-01-08&end_date=2026-04-08&page=1&page_size=10 HTTP/1.1" 200 7652
[07/Apr/2026 23:40:00] "GET /datatable/po/list/?start_date=2026-01-08&end_date=2026-04-08&page=1&page_size=10 HTTP/1.1" 200 7652
[07/Apr/2026 23:40:30] "GET /datatable/po/list/?start_date=2026-01-08&end_date=2026-04-08&page=1&page_size=10 HTTP/1.1" 200 7652
[07/Apr/2026 23:41:00] "GET /datatable/po/list/?start_date=2026-01-08&end_date=2026-04-08&page=1&page_size=10 HTTP/1.1" 200 7652
[07/Apr/2026 23:41:30] "GET /datatable/po/list/?start_date=2026-01-08&end_date=2026-04-08&page=1&page_size=10 HTTP/1.1" 200 7652
[07/Apr/2026 23:42:00] "GET /datatable/po/list/?start_date=2026-01-08&end_date=2026-04-08&page=1&page_size=10 HTTP/1.1" 200 7652
[07/Apr/2026 23:42:30] "GET /datatable/po/list/?start_date=2026-01-08&end_date=2026-04-08&page=1&page_size=10 HTTP/1.1" 200 7652
[07/Apr/2026 23:43:00] "GET /datatable/po/list/?start_date=2026-01-08&end_date=2026-04-08&page=1&page_size=10 HTTP/1.1" 200 7652
[07/Apr/2026 23:43:30] "GET /datatable/po/list/?start_date=2026-01-08&end_date=2026-04-08&page=1&page_size=10 HTTP/1.1" 200 7652
[07/Apr/2026 23:44:00] "GET /datatable/po/list/?start_date=2026-01-08&end_date=2026-04-08&page=1&page_size=10 HTTP/1.1" 200 7652
[07/Apr/2026 23:44:30] "GET /datatable/po/list/?start_date=2026-01-08&end_date=2026-04-08&page=1&page_size=10 HTTP/1.1" 200 7652
[07/Apr/2026 23:45:00] "GET /datatable/po/list/?start_date=2026-01-08&end_date=2026-04-08&page=1&page_size=10 HTTP/1.1" 200 7652
[07/Apr/2026 23:45:30] "GET /datatable/po/list/?start_date=2026-01-08&end_date=2026-04-08&page=1&page_size=10 HTTP/1.1" 200 7652
[07/Apr/2026 23:46:00] "GET /datatable/po/list/?start_date=2026-01-08&end_date=2026-04-08&page=1&page_size=10 HTTP/1.1" 200 7652
[07/Apr/2026 23:46:30] "GET /datatable/po/list/?start_date=2026-01-08&end_date=2026-04-08&page=1&page_size=10 HTTP/1.1" 200 7652
[07/Apr/2026 23:47:00] "GET /datatable/po/list/?start_date=2026-01-08&end_date=2026-04-08&page=1&page_size=10 HTTP/1.1" 200 7652
[07/Apr/2026 23:47:30] "GET /datatable/po/list/?start_date=2026-01-08&end_date=2026-04-08&page=1&page_size=10 HTTP/1.1" 200 7652
[07/Apr/2026 23:48:00] "GET /datatable/po/list/?start_date=2026-01-08&end_date=2026-04-08&page=1&page_size=10 HTTP/1.1" 200 7652
[07/Apr/2026 23:48:30] "GET /datatable/po/list/?start_date=2026-01-08&end_date=2026-04-08&page=1&page_size=10 HTTP/1.1" 200 7652
[07/Apr/2026 23:49:00] "GET /datatable/po/list/?start_date=2026-01-08&end_date=2026-04-08&page=1&page_size=10 HTTP/1.1" 200 7652
[07/Apr/2026 23:49:30] "GET /datatable/po/list/?start_date=2026-01-08&end_date=2026-04-08&page=1&page_size=10 HTTP/1.1" 200 7652
[07/Apr/2026 23:50:00] "GET /datatable/po/list/?start_date=2026-01-08&end_date=2026-04-08&page=1&page_size=10 HTTP/1.1" 200 7652
[07/Apr/2026 23:50:30] "GET /datatable/po/list/?start_date=2026-01-08&end_date=2026-04-08&page=1&page_size=10 HTTP/1.1" 200 7652
[07/Apr/2026 23:51:00] "GET /datatable/po/list/?start_date=2026-01-08&end_date=2026-04-08&page=1&page_size=10 HTTP/1.1" 200 7652
[07/Apr/2026 23:51:30] "GET /datatable/po/list/?start_date=2026-01-08&end_date=2026-04-08&page=1&page_size=10 HTTP/1.1" 200 7652
[07/Apr/2026 23:52:00] "GET /datatable/po/list/?start_date=2026-01-08&end_date=2026-04-08&page=1&page_size=10 HTTP/1.1" 200 7652
[07/Apr/2026 23:52:30] "GET /datatable/po/list/?start_date=2026-01-08&end_date=2026-04-08&page=1&page_size=10 HTTP/1.1" 200 7652
[07/Apr/2026 23:53:00] "GET /datatable/po/list/?start_date=2026-01-08&end_date=2026-04-08&page=1&page_size=10 HTTP/1.1" 200 7652
[07/Apr/2026 23:53:30] "GET /datatable/po/list/?start_date=2026-01-08&end_date=2026-04-08&page=1&page_size=10 HTTP/1.1" 200 7652
[07/Apr/2026 23:54:00] "GET /datatable/po/list/?start_date=2026-01-08&end_date=2026-04-08&page=1&page_size=10 HTTP/1.1" 200 7652
[07/Apr/2026 23:54:30] "GET /datatable/po/list/?start_date=2026-01-08&end_date=2026-04-08&page=1&page_size=10 HTTP/1.1" 200 7652
[07/Apr/2026 23:55:00] "GET /datatable/po/list/?start_date=2026-01-08&end_date=2026-04-08&page=1&page_size=10 HTTP/1.1" 200 7652
[07/Apr/2026 23:55:30] "GET /datatable/po/list/?start_date=2026-01-08&end_date=2026-04-08&page=1&page_size=10 HTTP/1.1" 200 7652
[07/Apr/2026 23:56:00] "GET /datatable/po/list/?start_date=2026-01-08&end_date=2026-04-08&page=1&page_size=10 HTTP/1.1" 200 7652
[07/Apr/2026 23:56:30] "GET /datatable/po/list/?start_date=2026-01-08&end_date=2026-04-08&page=1&page_size=10 HTTP/1.1" 200 7652
[07/Apr/2026 23:57:00] "GET /datatable/po/list/?start_date=2026-01-08&end_date=2026-04-08&page=1&page_size=10 HTTP/1.1" 200 7652
[07/Apr/2026 23:57:30] "GET /datatable/po/list/?start_date=2026-01-08&end_date=2026-04-08&page=1&page_size=10 HTTP/1.1" 200 7652
[07/Apr/2026 23:58:00] "GET /datatable/po/list/?start_date=2026-01-08&end_date=2026-04-08&page=1&page_size=10 HTTP/1.1" 200 7652
[07/Apr/2026 23:58:30] "GET /datatable/po/list/?start_date=2026-01-08&end_date=2026-04-08&page=1&page_size=10 HTTP/1.1" 200 7652
[07/Apr/2026 23:59:00] "GET /datatable/po/list/?start_date=2026-01-08&end_date=2026-04-08&page=1&page_size=10 HTTP/1.1" 200 7652
[07/Apr/2026 23:59:30] "GET /datatable/po/list/?start_date=2026-01-08&end_date=2026-04-08&page=1&page_size=10 HTTP/1.1" 200 7652
[08/Apr/2026 00:00:00] "GET /datatable/po/list/?start_date=2026-01-08&end_date=2026-04-08&page=1&page_size=10 HTTP/1.1" 200 7652
[08/Apr/2026 00:00:30] "GET /datatable/po/list/?start_date=2026-01-08&end_date=2026-04-08&page=1&page_size=10 HTTP/1.1" 200 7652
[08/Apr/2026 00:01:00] "GET /datatable/po/list/?start_date=2026-01-08&end_date=2026-04-08&page=1&page_size=10 HTTP/1.1" 200 7652
[08/Apr/2026 00:01:30] "GET /datatable/po/list/?start_date=2026-01-08&end_date=2026-04-08&page=1&page_size=10 HTTP/1.1" 200 7652
[08/Apr/2026 00:02:00] "GET /datatable/po/list/?start_date=2026-01-08&end_date=2026-04-08&page=1&page_size=10 HTTP/1.1" 200 7652
[08/Apr/2026 00:02:30] "GET /datatable/po/list/?start_date=2026-01-08&end_date=2026-04-08&page=1&page_size=10 HTTP/1.1" 200 7652
[08/Apr/2026 00:03:00] "GET /datatable/po/list/?start_date=2026-01-08&end_date=2026-04-08&page=1&page_size=10 HTTP/1.1" 200 7652
[08/Apr/2026 00:03:30] "GET /datatable/po/list/?start_date=2026-01-08&end_date=2026-04-08&page=1&page_size=10 HTTP/1.1" 200 7652
[08/Apr/2026 00:04:00] "GET /datatable/po/list/?start_date=2026-01-08&end_date=2026-04-08&page=1&page_size=10 HTTP/1.1" 200 7652
[08/Apr/2026 00:04:30] "GET /datatable/po/list/?start_date=2026-01-08&end_date=2026-04-08&page=1&page_size=10 HTTP/1.1" 200 7652
[08/Apr/2026 00:05:00] "GET /datatable/po/list/?start_date=2026-01-08&end_date=2026-04-08&page=1&page_size=10 HTTP/1.1" 200 7652
[08/Apr/2026 00:05:30] "GET /datatable/po/list/?start_date=2026-01-08&end_date=2026-04-08&page=1&page_size=10 HTTP/1.1" 200 7652
[08/Apr/2026 00:06:00] "GET /datatable/po/list/?start_date=2026-01-08&end_date=2026-04-08&page=1&page_size=10 HTTP/1.1" 200 7652
[08/Apr/2026 00:06:30] "GET /datatable/po/list/?start_date=2026-01-08&end_date=2026-04-08&page=1&page_size=10 HTTP/1.1" 200 7652
[08/Apr/2026 00:07:00] "GET /datatable/po/list/?start_date=2026-01-08&end_date=2026-04-08&page=1&page_size=10 HTTP/1.1" 200 7652
[08/Apr/2026 00:07:30] "GET /datatable/po/list/?start_date=2026-01-08&end_date=2026-04-08&page=1&page_size=10 HTTP/1.1" 200 7652
[08/Apr/2026 00:08:00] "GET /datatable/po/list/?start_date=2026-01-08&end_date=2026-04-08&page=1&page_size=10 HTTP/1.1" 200 7652
[08/Apr/2026 00:08:30] "GET /datatable/po/list/?start_date=2026-01-08&end_date=2026-04-08&page=1&page_size=10 HTTP/1.1" 200 7652
[08/Apr/2026 00:09:00] "GET /datatable/po/list/?start_date=2026-01-08&end_date=2026-04-08&page=1&page_size=10 HTTP/1.1" 200 7652
[08/Apr/2026 00:09:30] "GET /datatable/po/list/?start_date=2026-01-08&end_date=2026-04-08&page=1&page_size=10 HTTP/1.1" 200 7652
[08/Apr/2026 00:10:00] "GET /datatable/po/list/?start_date=2026-01-08&end_date=2026-04-08&page=1&page_size=10 HTTP/1.1" 200 7652
[08/Apr/2026 00:10:30] "GET /datatable/po/list/?start_date=2026-01-08&end_date=2026-04-08&page=1&page_size=10 HTTP/1.1" 200 7652
[08/Apr/2026 00:11:00] "GET /datatable/po/list/?start_date=2026-01-08&end_date=2026-04-08&page=1&page_size=10 HTTP/1.1" 200 7652
[08/Apr/2026 00:11:30] "GET /datatable/po/list/?start_date=2026-01-08&end_date=2026-04-08&page=1&page_size=10 HTTP/1.1" 200 7652
[08/Apr/2026 00:12:00] "GET /datatable/po/list/?start_date=2026-01-08&end_date=2026-04-08&page=1&page_size=10 HTTP/1.1" 200 7652
[08/Apr/2026 00:12:30] "GET /datatable/po/list/?start_date=2026-01-08&end_date=2026-04-08&page=1&page_size=10 HTTP/1.1" 200 7652
[08/Apr/2026 00:13:00] "GET /datatable/po/list/?start_date=2026-01-08&end_date=2026-04-08&page=1&page_size=10 HTTP/1.1" 200 7652
[08/Apr/2026 00:13:30] "GET /datatable/po/list/?start_date=2026-01-08&end_date=2026-04-08&page=1&page_size=10 HTTP/1.1" 200 7652
[08/Apr/2026 00:14:00] "GET /datatable/po/list/?start_date=2026-01-08&end_date=2026-04-08&page=1&page_size=10 HTTP/1.1" 200 7652
[08/Apr/2026 00:14:30] "GET /datatable/po/list/?start_date=2026-01-08&end_date=2026-04-08&page=1&page_size=10 HTTP/1.1" 200 7652
[08/Apr/2026 00:15:00] "GET /datatable/po/list/?start_date=2026-01-08&end_date=2026-04-08&page=1&page_size=10 HTTP/1.1" 200 7652
[08/Apr/2026 00:15:30] "GET /datatable/po/list/?start_date=2026-01-08&end_date=2026-04-08&page=1&page_size=10 HTTP/1.1" 200 7652
[08/Apr/2026 00:16:00] "GET /datatable/po/list/?start_date=2026-01-08&end_date=2026-04-08&page=1&page_size=10 HTTP/1.1" 200 7652
[08/Apr/2026 00:16:30] "GET /datatable/po/list/?start_date=2026-01-08&end_date=2026-04-08&page=1&page_size=10 HTTP/1.1" 200 7652
[08/Apr/2026 00:17:00] "GET /datatable/po/list/?start_date=2026-01-08&end_date=2026-04-08&page=1&page_size=10 HTTP/1.1" 200 7652
[08/Apr/2026 00:17:30] "GET /datatable/po/list/?start_date=2026-01-08&end_date=2026-04-08&page=1&page_size=10 HTTP/1.1" 200 7652
[08/Apr/2026 00:18:00] "GET /datatable/po/list/?start_date=2026-01-08&end_date=2026-04-08&page=1&page_size=10 HTTP/1.1" 200 7652
[08/Apr/2026 00:18:30] "GET /datatable/po/list/?start_date=2026-01-08&end_date=2026-04-08&page=1&page_size=10 HTTP/1.1" 200 7652
[08/Apr/2026 00:19:00] "GET /datatable/po/list/?start_date=2026-01-08&end_date=2026-04-08&page=1&page_size=10 HTTP/1.1" 200 7652
[08/Apr/2026 00:19:30] "GET /datatable/po/list/?start_date=2026-01-08&end_date=2026-04-08&page=1&page_size=10 HTTP/1.1" 200 7652
[08/Apr/2026 00:20:00] "GET /datatable/po/list/?start_date=2026-01-08&end_date=2026-04-08&page=1&page_size=10 HTTP/1.1" 200 7652
[08/Apr/2026 00:20:30] "GET /datatable/po/list/?start_date=2026-01-08&end_date=2026-04-08&page=1&page_size=10 HTTP/1.1" 200 7652
[08/Apr/2026 00:21:00] "GET /datatable/po/list/?start_date=2026-01-08&end_date=2026-04-08&page=1&page_size=10 HTTP/1.1" 200 7652
[08/Apr/2026 00:21:30] "GET /datatable/po/list/?start_date=2026-01-08&end_date=2026-04-08&page=1&page_size=10 HTTP/1.1" 200 7652
[08/Apr/2026 00:22:00] "GET /datatable/po/list/?start_date=2026-01-08&end_date=2026-04-08&page=1&page_size=10 HTTP/1.1" 200 7652
[08/Apr/2026 00:22:30] "GET /datatable/po/list/?start_date=2026-01-08&end_date=2026-04-08&page=1&page_size=10 HTTP/1.1" 200 7652
[08/Apr/2026 00:23:00] "GET /datatable/po/list/?start_date=2026-01-08&end_date=2026-04-08&page=1&page_size=10 HTTP/1.1" 200 7652
[08/Apr/2026 00:23:30] "GET /datatable/po/list/?start_date=2026-01-08&end_date=2026-04-08&page=1&page_size=10 HTTP/1.1" 200 7652
[08/Apr/2026 00:24:00] "GET /datatable/po/list/?start_date=2026-01-08&end_date=2026-04-08&page=1&page_size=10 HTTP/1.1" 200 7652
[08/Apr/2026 00:24:30] "GET /datatable/po/list/?start_date=2026-01-08&end_date=2026-04-08&page=1&page_size=10 HTTP/1.1" 200 7652
[08/Apr/2026 00:25:00] "GET /datatable/po/list/?start_date=2026-01-08&end_date=2026-04-08&page=1&page_size=10 HTTP/1.1" 200 7652
[08/Apr/2026 00:25:30] "GET /datatable/po/list/?start_date=2026-01-08&end_date=2026-04-08&page=1&page_size=10 HTTP/1.1" 200 7652
[08/Apr/2026 00:26:00] "GET /datatable/po/list/?start_date=2026-01-08&end_date=2026-04-08&page=1&page_size=10 HTTP/1.1" 200 7652
[08/Apr/2026 00:26:30] "GET /datatable/po/list/?start_date=2026-01-08&end_date=2026-04-08&page=1&page_size=10 HTTP/1.1" 200 7652
[08/Apr/2026 00:27:00] "GET /datatable/po/list/?start_date=2026-01-08&end_date=2026-04-08&page=1&page_size=10 HTTP/1.1" 200 7652
[08/Apr/2026 00:27:30] "GET /datatable/po/list/?start_date=2026-01-08&end_date=2026-04-08&page=1&page_size=10 HTTP/1.1" 200 7652
[08/Apr/2026 00:28:00] "GET /datatable/po/list/?start_date=2026-01-08&end_date=2026-04-08&page=1&page_size=10 HTTP/1.1" 200 7652
[08/Apr/2026 00:28:30] "GET /datatable/po/list/?start_date=2026-01-08&end_date=2026-04-08&page=1&page_size=10 HTTP/1.1" 200 7652
[08/Apr/2026 00:29:00] "GET /datatable/po/list/?start_date=2026-01-08&end_date=2026-04-08&page=1&page_size=10 HTTP/1.1" 200 7652
[08/Apr/2026 00:29:30] "GET /datatable/po/list/?start_date=2026-01-08&end_date=2026-04-08&page=1&page_size=10 HTTP/1.1" 200 7652
[08/Apr/2026 00:30:00] "GET /datatable/po/list/?start_date=2026-01-08&end_date=2026-04-08&page=1&page_size=10 HTTP/1.1" 200 7652
[08/Apr/2026 00:30:30] "GET /datatable/po/list/?start_date=2026-01-08&end_date=2026-04-08&page=1&page_size=10 HTTP/1.1" 200 7652
[08/Apr/2026 00:31:00] "GET /datatable/po/list/?start_date=2026-01-08&end_date=2026-04-08&page=1&page_size=10 HTTP/1.1" 200 7652
[08/Apr/2026 00:31:30] "GET /datatable/po/list/?start_date=2026-01-08&end_date=2026-04-08&page=1&page_size=10 HTTP/1.1" 200 7652
[08/Apr/2026 00:32:00] "GET /datatable/po/list/?start_date=2026-01-08&end_date=2026-04-08&page=1&page_size=10 HTTP/1.1" 200 7652
[08/Apr/2026 00:32:30] "GET /datatable/po/list/?start_date=2026-01-08&end_date=2026-04-08&page=1&page_size=10 HTTP/1.1" 200 7652
[08/Apr/2026 00:33:00] "GET /datatable/po/list/?start_date=2026-01-08&end_date=2026-04-08&page=1&page_size=10 HTTP/1.1" 200 7652
[08/Apr/2026 00:33:30] "GET /datatable/po/list/?start_date=2026-01-08&end_date=2026-04-08&page=1&page_size=10 HTTP/1.1" 200 7652
[08/Apr/2026 00:34:00] "GET /datatable/po/list/?start_date=2026-01-08&end_date=2026-04-08&page=1&page_size=10 HTTP/1.1" 200 7652
[08/Apr/2026 00:34:30] "GET /datatable/po/list/?start_date=2026-01-08&end_date=2026-04-08&page=1&page_size=10 HTTP/1.1" 200 7652
[08/Apr/2026 00:35:00] "GET /datatable/po/list/?start_date=2026-01-08&end_date=2026-04-08&page=1&page_size=10 HTTP/1.1" 200 7652
[08/Apr/2026 00:35:30] "GET /datatable/po/list/?start_date=2026-01-08&end_date=2026-04-08&page=1&page_size=10 HTTP/1.1" 200 7652
[08/Apr/2026 00:36:00] "GET /datatable/po/list/?start_date=2026-01-08&end_date=2026-04-08&page=1&page_size=10 HTTP/1.1" 200 7652
[08/Apr/2026 00:36:30] "GET /datatable/po/list/?start_date=2026-01-08&end_date=2026-04-08&page=1&page_size=10 HTTP/1.1" 200 7652
[08/Apr/2026 00:37:00] "GET /datatable/po/list/?start_date=2026-01-08&end_date=2026-04-08&page=1&page_size=10 HTTP/1.1" 200 7652
[08/Apr/2026 00:37:30] "GET /datatable/po/list/?start_date=2026-01-08&end_date=2026-04-08&page=1&page_size=10 HTTP/1.1" 200 7652
[08/Apr/2026 00:38:00] "GET /datatable/po/list/?start_date=2026-01-08&end_date=2026-04-08&page=1&page_size=10 HTTP/1.1" 200 7652
[08/Apr/2026 00:38:30] "GET /datatable/po/list/?start_date=2026-01-08&end_date=2026-04-08&page=1&page_size=10 HTTP/1.1" 200 7652
[08/Apr/2026 00:39:00] "GET /datatable/po/list/?start_date=2026-01-08&end_date=2026-04-08&page=1&page_size=10 HTTP/1.1" 200 7652
[08/Apr/2026 00:39:30] "GET /datatable/po/list/?start_date=2026-01-08&end_date=2026-04-08&page=1&page_size=10 HTTP/1.1" 200 7652
[08/Apr/2026 00:40:00] "GET /datatable/po/list/?start_date=2026-01-08&end_date=2026-04-08&page=1&page_size=10 HTTP/1.1" 200 7652
[08/Apr/2026 00:40:30] "GET /datatable/po/list/?start_date=2026-01-08&end_date=2026-04-08&page=1&page_size=10 HTTP/1.1" 200 7652
[08/Apr/2026 00:41:00] "GET /datatable/po/list/?start_date=2026-01-08&end_date=2026-04-08&page=1&page_size=10 HTTP/1.1" 200 7652
[08/Apr/2026 00:41:30] "GET /datatable/po/list/?start_date=2026-01-08&end_date=2026-04-08&page=1&page_size=10 HTTP/1.1" 200 7652
[08/Apr/2026 00:42:00] "GET /datatable/po/list/?start_date=2026-01-08&end_date=2026-04-08&page=1&page_size=10 HTTP/1.1" 200 7652
[08/Apr/2026 00:42:30] "GET /datatable/po/list/?start_date=2026-01-08&end_date=2026-04-08&page=1&page_size=10 HTTP/1.1" 200 7652
[08/Apr/2026 00:43:00] "GET /datatable/po/list/?start_date=2026-01-08&end_date=2026-04-08&page=1&page_size=10 HTTP/1.1" 200 7652
[08/Apr/2026 00:43:30] "GET /datatable/po/list/?start_date=2026-01-08&end_date=2026-04-08&page=1&page_size=10 HTTP/1.1" 200 7652
[08/Apr/2026 00:44:00] "GET /datatable/po/list/?start_date=2026-01-08&end_date=2026-04-08&page=1&page_size=10 HTTP/1.1" 200 7652
[08/Apr/2026 00:44:30] "GET /datatable/po/list/?start_date=2026-01-08&end_date=2026-04-08&page=1&page_size=10 HTTP/1.1" 200 7652
[08/Apr/2026 00:45:00] "GET /datatable/po/list/?start_date=2026-01-08&end_date=2026-04-08&page=1&page_size=10 HTTP/1.1" 200 7652
[08/Apr/2026 00:45:30] "GET /datatable/po/list/?start_date=2026-01-08&end_date=2026-04-08&page=1&page_size=10 HTTP/1.1" 200 7652
[08/Apr/2026 00:46:00] "GET /datatable/po/list/?start_date=2026-01-08&end_date=2026-04-08&page=1&page_size=10 HTTP/1.1" 200 7652
[08/Apr/2026 00:46:30] "GET /datatable/po/list/?start_date=2026-01-08&end_date=2026-04-08&page=1&page_size=10 HTTP/1.1" 200 7652
[08/Apr/2026 00:47:00] "GET /datatable/po/list/?start_date=2026-01-08&end_date=2026-04-08&page=1&page_size=10 HTTP/1.1" 200 7652
[08/Apr/2026 00:47:30] "GET /datatable/po/list/?start_date=2026-01-08&end_date=2026-04-08&page=1&page_size=10 HTTP/1.1" 200 7652
[08/Apr/2026 00:48:00] "GET /datatable/po/list/?start_date=2026-01-08&end_date=2026-04-08&page=1&page_size=10 HTTP/1.1" 200 7652
[08/Apr/2026 00:48:30] "GET /datatable/po/list/?start_date=2026-01-08&end_date=2026-04-08&page=1&page_size=10 HTTP/1.1" 200 7652
[08/Apr/2026 00:49:00] "GET /datatable/po/list/?start_date=2026-01-08&end_date=2026-04-08&page=1&page_size=10 HTTP/1.1" 200 7652
[08/Apr/2026 00:49:30] "GET /datatable/po/list/?start_date=2026-01-08&end_date=2026-04-08&page=1&page_size=10 HTTP/1.1" 200 7652
[08/Apr/2026 00:50:00] "GET /datatable/po/list/?start_date=2026-01-08&end_date=2026-04-08&page=1&page_size=10 HTTP/1.1" 200 7652
[08/Apr/2026 00:50:30] "GET /datatable/po/list/?start_date=2026-01-08&end_date=2026-04-08&page=1&page_size=10 HTTP/1.1" 200 7652
[08/Apr/2026 00:51:00] "GET /datatable/po/list/?start_date=2026-01-08&end_date=2026-04-08&page=1&page_size=10 HTTP/1.1" 200 7652
[08/Apr/2026 00:51:30] "GET /datatable/po/list/?start_date=2026-01-08&end_date=2026-04-08&page=1&page_size=10 HTTP/1.1" 200 7652
Not Found: /
[08/Apr/2026 00:51:47] "GET / HTTP/1.1" 404 3998
Not Found: /favicon.ico
[08/Apr/2026 00:51:47] "GET /favicon.ico HTTP/1.1" 404 4049
[08/Apr/2026 00:52:00] "GET /datatable/po/list/?start_date=2026-01-08&end_date=2026-04-08&page=1&page_size=10 HTTP/1.1" 200 7652
[08/Apr/2026 00:52:30] "GET /datatable/po/list/?start_date=2026-01-08&end_date=2026-04-08&page=1&page_size=10 HTTP/1.1" 200 7652
[08/Apr/2026 00:53:00] "GET /datatable/po/list/?start_date=2026-01-08&end_date=2026-04-08&page=1&page_size=10 HTTP/1.1" 200 7652
[08/Apr/2026 00:53:30] "GET /datatable/po/list/?start_date=2026-01-08&end_date=2026-04-08&page=1&page_size=10 HTTP/1.1" 200 7652
[08/Apr/2026 00:54:00] "GET /datatable/po/list/?start_date=2026-01-08&end_date=2026-04-08&page=1&page_size=10 HTTP/1.1" 200 7652
[08/Apr/2026 00:54:30] "GET /datatable/po/list/?start_date=2026-01-08&end_date=2026-04-08&page=1&page_size=10 HTTP/1.1" 200 7652
[08/Apr/2026 00:55:00] "GET /datatable/po/list/?start_date=2026-01-08&end_date=2026-04-08&page=1&page_size=10 HTTP/1.1" 200 7652
[08/Apr/2026 00:55:30] "GET /datatable/po/list/?start_date=2026-01-08&end_date=2026-04-08&page=1&page_size=10 HTTP/1.1" 200 7652
[08/Apr/2026 00:56:00] "GET /datatable/po/list/?start_date=2026-01-08&end_date=2026-04-08&page=1&page_size=10 HTTP/1.1" 200 7652
[08/Apr/2026 00:56:30] "GET /datatable/po/list/?start_date=2026-01-08&end_date=2026-04-08&page=1&page_size=10 HTTP/1.1" 200 7652
[08/Apr/2026 00:57:00] "GET /datatable/po/list/?start_date=2026-01-08&end_date=2026-04-08&page=1&page_size=10 HTTP/1.1" 200 7652
[08/Apr/2026 00:57:30] "GET /datatable/po/list/?start_date=2026-01-08&end_date=2026-04-08&page=1&page_size=10 HTTP/1.1" 200 7652
[08/Apr/2026 00:58:00] "GET /datatable/po/list/?start_date=2026-01-08&end_date=2026-04-08&page=1&page_size=10 HTTP/1.1" 200 7652
[08/Apr/2026 00:58:30] "GET /datatable/po/list/?start_date=2026-01-08&end_date=2026-04-08&page=1&page_size=10 HTTP/1.1" 200 7652
[08/Apr/2026 00:59:00] "GET /datatable/po/list/?start_date=2026-01-08&end_date=2026-04-08&page=1&page_size=10 HTTP/1.1" 200 7652
[08/Apr/2026 00:59:30] "GET /datatable/po/list/?start_date=2026-01-08&end_date=2026-04-08&page=1&page_size=10 HTTP/1.1" 200 7652
[08/Apr/2026 01:00:00] "GET /datatable/po/list/?start_date=2026-01-08&end_date=2026-04-08&page=1&page_size=10 HTTP/1.1" 200 7652
[08/Apr/2026 01:00:30] "OPTIONS /datatable/po/list/?start_date=2026-01-08&end_date=2026-04-08&page=1&page_size=10 HTTP/1.1" 200 0
[08/Apr/2026 01:00:30] "GET /datatable/po/list/?start_date=2026-01-08&end_date=2026-04-08&page=1&page_size=10 HTTP/1.1" 200 7652
[08/Apr/2026 01:01:00] "GET /datatable/po/list/?start_date=2026-01-08&end_date=2026-04-08&page=1&page_size=10 HTTP/1.1" 200 7652
[08/Apr/2026 01:01:30] "GET /datatable/po/list/?start_date=2026-01-08&end_date=2026-04-08&page=1&page_size=10 HTTP/1.1" 200 7652
[08/Apr/2026 01:02:00] "GET /datatable/po/list/?start_date=2026-01-08&end_date=2026-04-08&page=1&page_size=10 HTTP/1.1" 200 7652
[08/Apr/2026 01:02:30] "GET /datatable/po/list/?start_date=2026-01-08&end_date=2026-04-08&page=1&page_size=10 HTTP/1.1" 200 7652
[08/Apr/2026 01:03:00] "GET /datatable/po/list/?start_date=2026-01-08&end_date=2026-04-08&page=1&page_size=10 HTTP/1.1" 200 7652
[08/Apr/2026 01:03:30] "GET /datatable/po/list/?start_date=2026-01-08&end_date=2026-04-08&page=1&page_size=10 HTTP/1.1" 200 7652
[08/Apr/2026 01:04:00] "GET /datatable/po/list/?start_date=2026-01-08&end_date=2026-04-08&page=1&page_size=10 HTTP/1.1" 200 7652
[08/Apr/2026 01:04:30] "GET /datatable/po/list/?start_date=2026-01-08&end_date=2026-04-08&page=1&page_size=10 HTTP/1.1" 200 7652
[08/Apr/2026 01:05:00] "GET /datatable/po/list/?start_date=2026-01-08&end_date=2026-04-08&page=1&page_size=10 HTTP/1.1" 200 7652
[08/Apr/2026 01:05:30] "GET /datatable/po/list/?start_date=2026-01-08&end_date=2026-04-08&page=1&page_size=10 HTTP/1.1" 200 7652
[08/Apr/2026 01:06:00] "GET /datatable/po/list/?start_date=2026-01-08&end_date=2026-04-08&page=1&page_size=10 HTTP/1.1" 200 7652
[08/Apr/2026 01:06:30] "GET /datatable/po/list/?start_date=2026-01-08&end_date=2026-04-08&page=1&page_size=10 HTTP/1.1" 200 7652
[08/Apr/2026 01:07:00] "GET /datatable/po/list/?start_date=2026-01-08&end_date=2026-04-08&page=1&page_size=10 HTTP/1.1" 200 7652
[08/Apr/2026 01:07:30] "GET /datatable/po/list/?start_date=2026-01-08&end_date=2026-04-08&page=1&page_size=10 HTTP/1.1" 200 7652
[08/Apr/2026 01:08:00] "GET /datatable/po/list/?start_date=2026-01-08&end_date=2026-04-08&page=1&page_size=10 HTTP/1.1" 200 7652
[08/Apr/2026 01:08:30] "GET /datatable/po/list/?start_date=2026-01-08&end_date=2026-04-08&page=1&page_size=10 HTTP/1.1" 200 7652
[08/Apr/2026 01:09:00] "GET /datatable/po/list/?start_date=2026-01-08&end_date=2026-04-08&page=1&page_size=10 HTTP/1.1" 200 7652
[08/Apr/2026 01:09:30] "GET /datatable/po/list/?start_date=2026-01-08&end_date=2026-04-08&page=1&page_size=10 HTTP/1.1" 200 7652
[08/Apr/2026 01:10:00] "GET /datatable/po/list/?start_date=2026-01-08&end_date=2026-04-08&page=1&page_size=10 HTTP/1.1" 200 7652
[08/Apr/2026 01:10:30] "GET /datatable/po/list/?start_date=2026-01-08&end_date=2026-04-08&page=1&page_size=10 HTTP/1.1" 200 7652
[08/Apr/2026 01:11:00] "GET /datatable/po/list/?start_date=2026-01-08&end_date=2026-04-08&page=1&page_size=10 HTTP/1.1" 200 7652
[08/Apr/2026 01:11:30] "GET /datatable/po/list/?start_date=2026-01-08&end_date=2026-04-08&page=1&page_size=10 HTTP/1.1" 200 7652
[08/Apr/2026 01:12:00] "GET /datatable/po/list/?start_date=2026-01-08&end_date=2026-04-08&page=1&page_size=10 HTTP/1.1" 200 7652
[08/Apr/2026 01:12:30] "GET /datatable/po/list/?start_date=2026-01-08&end_date=2026-04-08&page=1&page_size=10 HTTP/1.1" 200 7652
[08/Apr/2026 01:13:00] "GET /datatable/po/list/?start_date=2026-01-08&end_date=2026-04-08&page=1&page_size=10 HTTP/1.1" 200 7652
[08/Apr/2026 01:13:30] "GET /datatable/po/list/?start_date=2026-01-08&end_date=2026-04-08&page=1&page_size=10 HTTP/1.1" 200 7652
[08/Apr/2026 01:14:00] "GET /datatable/po/list/?start_date=2026-01-08&end_date=2026-04-08&page=1&page_size=10 HTTP/1.1" 200 7652
[08/Apr/2026 01:14:30] "GET /datatable/po/list/?start_date=2026-01-08&end_date=2026-04-08&page=1&page_size=10 HTTP/1.1" 200 7652
[08/Apr/2026 01:15:00] "GET /datatable/po/list/?start_date=2026-01-08&end_date=2026-04-08&page=1&page_size=10 HTTP/1.1" 200 7652
[08/Apr/2026 01:15:30] "GET /datatable/po/list/?start_date=2026-01-08&end_date=2026-04-08&page=1&page_size=10 HTTP/1.1" 200 7652
[08/Apr/2026 01:16:00] "GET /datatable/po/list/?start_date=2026-01-08&end_date=2026-04-08&page=1&page_size=10 HTTP/1.1" 200 7652
[08/Apr/2026 01:16:30] "GET /datatable/po/list/?start_date=2026-01-08&end_date=2026-04-08&page=1&page_size=10 HTTP/1.1" 200 7652
[08/Apr/2026 01:17:00] "GET /datatable/po/list/?start_date=2026-01-08&end_date=2026-04-08&page=1&page_size=10 HTTP/1.1" 200 7652
[08/Apr/2026 01:17:30] "GET /datatable/po/list/?start_date=2026-01-08&end_date=2026-04-08&page=1&page_size=10 HTTP/1.1" 200 7652
[08/Apr/2026 01:18:00] "GET /datatable/po/list/?start_date=2026-01-08&end_date=2026-04-08&page=1&page_size=10 HTTP/1.1" 200 7652
[08/Apr/2026 01:18:30] "GET /datatable/po/list/?start_date=2026-01-08&end_date=2026-04-08&page=1&page_size=10 HTTP/1.1" 200 7652
[08/Apr/2026 01:19:00] "GET /datatable/po/list/?start_date=2026-01-08&end_date=2026-04-08&page=1&page_size=10 HTTP/1.1" 200 7652
[08/Apr/2026 01:19:30] "GET /datatable/po/list/?start_date=2026-01-08&end_date=2026-04-08&page=1&page_size=10 HTTP/1.1" 200 7652
[08/Apr/2026 01:20:00] "GET /datatable/po/list/?start_date=2026-01-08&end_date=2026-04-08&page=1&page_size=10 HTTP/1.1" 200 7652
[08/Apr/2026 01:20:30] "GET /datatable/po/list/?start_date=2026-01-08&end_date=2026-04-08&page=1&page_size=10 HTTP/1.1" 200 7652
[08/Apr/2026 01:21:00] "GET /datatable/po/list/?start_date=2026-01-08&end_date=2026-04-08&page=1&page_size=10 HTTP/1.1" 200 7652
[08/Apr/2026 01:21:30] "GET /datatable/po/list/?start_date=2026-01-08&end_date=2026-04-08&page=1&page_size=10 HTTP/1.1" 200 7652
[08/Apr/2026 01:22:00] "GET /datatable/po/list/?start_date=2026-01-08&end_date=2026-04-08&page=1&page_size=10 HTTP/1.1" 200 7652
[08/Apr/2026 01:22:30] "GET /datatable/po/list/?start_date=2026-01-08&end_date=2026-04-08&page=1&page_size=10 HTTP/1.1" 200 7652
[08/Apr/2026 01:23:00] "GET /datatable/po/list/?start_date=2026-01-08&end_date=2026-04-08&page=1&page_size=10 HTTP/1.1" 200 7652
[08/Apr/2026 01:23:30] "GET /datatable/po/list/?start_date=2026-01-08&end_date=2026-04-08&page=1&page_size=10 HTTP/1.1" 200 7652
[08/Apr/2026 01:24:00] "GET /datatable/po/list/?start_date=2026-01-08&end_date=2026-04-08&page=1&page_size=10 HTTP/1.1" 200 7652
[08/Apr/2026 01:24:30] "GET /datatable/po/list/?start_date=2026-01-08&end_date=2026-04-08&page=1&page_size=10 HTTP/1.1" 200 7652
[08/Apr/2026 01:25:00] "GET /datatable/po/list/?start_date=2026-01-08&end_date=2026-04-08&page=1&page_size=10 HTTP/1.1" 200 7652
[08/Apr/2026 01:25:30] "GET /datatable/po/list/?start_date=2026-01-08&end_date=2026-04-08&page=1&page_size=10 HTTP/1.1" 200 7652
[08/Apr/2026 01:26:00] "GET /datatable/po/list/?start_date=2026-01-08&end_date=2026-04-08&page=1&page_size=10 HTTP/1.1" 200 7652
[08/Apr/2026 01:26:30] "GET /datatable/po/list/?start_date=2026-01-08&end_date=2026-04-08&page=1&page_size=10 HTTP/1.1" 200 7652
[08/Apr/2026 01:27:00] "GET /datatable/po/list/?start_date=2026-01-08&end_date=2026-04-08&page=1&page_size=10 HTTP/1.1" 200 7652
[08/Apr/2026 01:27:30] "GET /datatable/po/list/?start_date=2026-01-08&end_date=2026-04-08&page=1&page_size=10 HTTP/1.1" 200 7652
[08/Apr/2026 01:28:00] "GET /datatable/po/list/?start_date=2026-01-08&end_date=2026-04-08&page=1&page_size=10 HTTP/1.1" 200 7652
[08/Apr/2026 01:28:30] "GET /datatable/po/list/?start_date=2026-01-08&end_date=2026-04-08&page=1&page_size=10 HTTP/1.1" 200 7652
[08/Apr/2026 01:29:00] "GET /datatable/po/list/?start_date=2026-01-08&end_date=2026-04-08&page=1&page_size=10 HTTP/1.1" 200 7652
[08/Apr/2026 01:29:30] "GET /datatable/po/list/?start_date=2026-01-08&end_date=2026-04-08&page=1&page_size=10 HTTP/1.1" 200 7652
[08/Apr/2026 01:30:00] "GET /datatable/po/list/?start_date=2026-01-08&end_date=2026-04-08&page=1&page_size=10 HTTP/1.1" 200 7652
[08/Apr/2026 01:30:30] "GET /datatable/po/list/?start_date=2026-01-08&end_date=2026-04-08&page=1&page_size=10 HTTP/1.1" 200 7652
[08/Apr/2026 01:31:00] "GET /datatable/po/list/?start_date=2026-01-08&end_date=2026-04-08&page=1&page_size=10 HTTP/1.1" 200 7652
[08/Apr/2026 01:31:30] "GET /datatable/po/list/?start_date=2026-01-08&end_date=2026-04-08&page=1&page_size=10 HTTP/1.1" 200 7652
[08/Apr/2026 01:32:00] "GET /datatable/po/list/?start_date=2026-01-08&end_date=2026-04-08&page=1&page_size=10 HTTP/1.1" 200 7652
[08/Apr/2026 01:32:30] "GET /datatable/po/list/?start_date=2026-01-08&end_date=2026-04-08&page=1&page_size=10 HTTP/1.1" 200 7652
[08/Apr/2026 01:33:00] "GET /datatable/po/list/?start_date=2026-01-08&end_date=2026-04-08&page=1&page_size=10 HTTP/1.1" 200 7652
[08/Apr/2026 01:33:30] "GET /datatable/po/list/?start_date=2026-01-08&end_date=2026-04-08&page=1&page_size=10 HTTP/1.1" 200 7652
[08/Apr/2026 01:34:00] "GET /datatable/po/list/?start_date=2026-01-08&end_date=2026-04-08&page=1&page_size=10 HTTP/1.1" 200 7652
[08/Apr/2026 01:34:30] "GET /datatable/po/list/?start_date=2026-01-08&end_date=2026-04-08&page=1&page_size=10 HTTP/1.1" 200 7652
[08/Apr/2026 01:35:00] "GET /datatable/po/list/?start_date=2026-01-08&end_date=2026-04-08&page=1&page_size=10 HTTP/1.1" 200 7652
[08/Apr/2026 01:35:30] "GET /datatable/po/list/?start_date=2026-01-08&end_date=2026-04-08&page=1&page_size=10 HTTP/1.1" 200 7652
[08/Apr/2026 01:36:00] "GET /datatable/po/list/?start_date=2026-01-08&end_date=2026-04-08&page=1&page_size=10 HTTP/1.1" 200 7652
[08/Apr/2026 01:36:30] "GET /datatable/po/list/?start_date=2026-01-08&end_date=2026-04-08&page=1&page_size=10 HTTP/1.1" 200 7652
[08/Apr/2026 01:37:00] "GET /datatable/po/list/?start_date=2026-01-08&end_date=2026-04-08&page=1&page_size=10 HTTP/1.1" 200 7652
[08/Apr/2026 01:37:30] "GET /datatable/po/list/?start_date=2026-01-08&end_date=2026-04-08&page=1&page_size=10 HTTP/1.1" 200 7652
[08/Apr/2026 01:38:00] "GET /datatable/po/list/?start_date=2026-01-08&end_date=2026-04-08&page=1&page_size=10 HTTP/1.1" 200 7652
[08/Apr/2026 01:38:30] "GET /datatable/po/list/?start_date=2026-01-08&end_date=2026-04-08&page=1&page_size=10 HTTP/1.1" 200 7652
[08/Apr/2026 01:39:00] "GET /datatable/po/list/?start_date=2026-01-08&end_date=2026-04-08&page=1&page_size=10 HTTP/1.1" 200 7652
[08/Apr/2026 01:39:30] "GET /datatable/po/list/?start_date=2026-01-08&end_date=2026-04-08&page=1&page_size=10 HTTP/1.1" 200 7652
[08/Apr/2026 01:40:00] "GET /datatable/po/list/?start_date=2026-01-08&end_date=2026-04-08&page=1&page_size=10 HTTP/1.1" 200 7652
[08/Apr/2026 01:40:30] "GET /datatable/po/list/?start_date=2026-01-08&end_date=2026-04-08&page=1&page_size=10 HTTP/1.1" 200 7652
[08/Apr/2026 01:41:00] "GET /datatable/po/list/?start_date=2026-01-08&end_date=2026-04-08&page=1&page_size=10 HTTP/1.1" 200 7652
[08/Apr/2026 01:41:30] "GET /datatable/po/list/?start_date=2026-01-08&end_date=2026-04-08&page=1&page_size=10 HTTP/1.1" 200 7652
[08/Apr/2026 01:42:00] "GET /datatable/po/list/?start_date=2026-01-08&end_date=2026-04-08&page=1&page_size=10 HTTP/1.1" 200 7652
[08/Apr/2026 01:42:30] "GET /datatable/po/list/?start_date=2026-01-08&end_date=2026-04-08&page=1&page_size=10 HTTP/1.1" 200 7652
[08/Apr/2026 01:43:00] "GET /datatable/po/list/?start_date=2026-01-08&end_date=2026-04-08&page=1&page_size=10 HTTP/1.1" 200 7652
[08/Apr/2026 01:43:30] "GET /datatable/po/list/?start_date=2026-01-08&end_date=2026-04-08&page=1&page_size=10 HTTP/1.1" 200 7652
[08/Apr/2026 01:44:00] "GET /datatable/po/list/?start_date=2026-01-08&end_date=2026-04-08&page=1&page_size=10 HTTP/1.1" 200 7652
[08/Apr/2026 01:44:30] "GET /datatable/po/list/?start_date=2026-01-08&end_date=2026-04-08&page=1&page_size=10 HTTP/1.1" 200 7652
[08/Apr/2026 01:45:00] "GET /datatable/po/list/?start_date=2026-01-08&end_date=2026-04-08&page=1&page_size=10 HTTP/1.1" 200 7652
[08/Apr/2026 01:45:30] "GET /datatable/po/list/?start_date=2026-01-08&end_date=2026-04-08&page=1&page_size=10 HTTP/1.1" 200 7652
[08/Apr/2026 01:46:00] "GET /datatable/po/list/?start_date=2026-01-08&end_date=2026-04-08&page=1&page_size=10 HTTP/1.1" 200 7652
[08/Apr/2026 01:46:30] "GET /datatable/po/list/?start_date=2026-01-08&end_date=2026-04-08&page=1&page_size=10 HTTP/1.1" 200 7652
[08/Apr/2026 01:47:00] "GET /datatable/po/list/?start_date=2026-01-08&end_date=2026-04-08&page=1&page_size=10 HTTP/1.1" 200 7652
[08/Apr/2026 01:47:30] "GET /datatable/po/list/?start_date=2026-01-08&end_date=2026-04-08&page=1&page_size=10 HTTP/1.1" 200 7652
[08/Apr/2026 01:48:00] "GET /datatable/po/list/?start_date=2026-01-08&end_date=2026-04-08&page=1&page_size=10 HTTP/1.1" 200 7652
[08/Apr/2026 01:48:30] "GET /datatable/po/list/?start_date=2026-01-08&end_date=2026-04-08&page=1&page_size=10 HTTP/1.1" 200 7652
[08/Apr/2026 01:49:00] "GET /datatable/po/list/?start_date=2026-01-08&end_date=2026-04-08&page=1&page_size=10 HTTP/1.1" 200 7652
[08/Apr/2026 01:49:30] "GET /datatable/po/list/?start_date=2026-01-08&end_date=2026-04-08&page=1&page_size=10 HTTP/1.1" 200 7652
[08/Apr/2026 01:50:00] "GET /datatable/po/list/?start_date=2026-01-08&end_date=2026-04-08&page=1&page_size=10 HTTP/1.1" 200 7652
[08/Apr/2026 01:50:30] "GET /datatable/po/list/?start_date=2026-01-08&end_date=2026-04-08&page=1&page_size=10 HTTP/1.1" 200 7652
[08/Apr/2026 01:51:00] "GET /datatable/po/list/?start_date=2026-01-08&end_date=2026-04-08&page=1&page_size=10 HTTP/1.1" 200 7652
[08/Apr/2026 01:51:30] "GET /datatable/po/list/?start_date=2026-01-08&end_date=2026-04-08&page=1&page_size=10 HTTP/1.1" 200 7652
[08/Apr/2026 01:52:00] "GET /datatable/po/list/?start_date=2026-01-08&end_date=2026-04-08&page=1&page_size=10 HTTP/1.1" 200 7652
[08/Apr/2026 01:52:30] "GET /datatable/po/list/?start_date=2026-01-08&end_date=2026-04-08&page=1&page_size=10 HTTP/1.1" 200 7652
[08/Apr/2026 01:53:00] "GET /datatable/po/list/?start_date=2026-01-08&end_date=2026-04-08&page=1&page_size=10 HTTP/1.1" 200 7652
[08/Apr/2026 01:53:30] "GET /datatable/po/list/?start_date=2026-01-08&end_date=2026-04-08&page=1&page_size=10 HTTP/1.1" 200 7652
[08/Apr/2026 01:54:00] "GET /datatable/po/list/?start_date=2026-01-08&end_date=2026-04-08&page=1&page_size=10 HTTP/1.1" 200 7652
[08/Apr/2026 01:54:30] "GET /datatable/po/list/?start_date=2026-01-08&end_date=2026-04-08&page=1&page_size=10 HTTP/1.1" 200 7652
[08/Apr/2026 01:55:00] "GET /datatable/po/list/?start_date=2026-01-08&end_date=2026-04-08&page=1&page_size=10 HTTP/1.1" 200 7652
[08/Apr/2026 01:55:30] "GET /datatable/po/list/?start_date=2026-01-08&end_date=2026-04-08&page=1&page_size=10 HTTP/1.1" 200 7652
[08/Apr/2026 01:56:00] "GET /datatable/po/list/?start_date=2026-01-08&end_date=2026-04-08&page=1&page_size=10 HTTP/1.1" 200 7652
[08/Apr/2026 01:56:30] "GET /datatable/po/list/?start_date=2026-01-08&end_date=2026-04-08&page=1&page_size=10 HTTP/1.1" 200 7652
[08/Apr/2026 01:57:00] "GET /datatable/po/list/?start_date=2026-01-08&end_date=2026-04-08&page=1&page_size=10 HTTP/1.1" 200 7652
[08/Apr/2026 01:57:30] "GET /datatable/po/list/?start_date=2026-01-08&end_date=2026-04-08&page=1&page_size=10 HTTP/1.1" 200 7652
[08/Apr/2026 01:58:00] "GET /datatable/po/list/?start_date=2026-01-08&end_date=2026-04-08&page=1&page_size=10 HTTP/1.1" 200 7652
[08/Apr/2026 01:58:30] "GET /datatable/po/list/?start_date=2026-01-08&end_date=2026-04-08&page=1&page_size=10 HTTP/1.1" 200 7652
[08/Apr/2026 01:59:00] "GET /datatable/po/list/?start_date=2026-01-08&end_date=2026-04-08&page=1&page_size=10 HTTP/1.1" 200 7652
[08/Apr/2026 01:59:30] "GET /datatable/po/list/?start_date=2026-01-08&end_date=2026-04-08&page=1&page_size=10 HTTP/1.1" 200 7652
[08/Apr/2026 02:00:00] "GET /datatable/po/list/?start_date=2026-01-08&end_date=2026-04-08&page=1&page_size=10 HTTP/1.1" 200 7652
[08/Apr/2026 02:00:30] "GET /datatable/po/list/?start_date=2026-01-08&end_date=2026-04-08&page=1&page_size=10 HTTP/1.1" 200 7652
[08/Apr/2026 02:01:00] "GET /datatable/po/list/?start_date=2026-01-08&end_date=2026-04-08&page=1&page_size=10 HTTP/1.1" 200 7652
[08/Apr/2026 02:01:30] "GET /datatable/po/list/?start_date=2026-01-08&end_date=2026-04-08&page=1&page_size=10 HTTP/1.1" 200 7652
[08/Apr/2026 02:02:00] "GET /datatable/po/list/?start_date=2026-01-08&end_date=2026-04-08&page=1&page_size=10 HTTP/1.1" 200 7652
[08/Apr/2026 02:02:30] "GET /datatable/po/list/?start_date=2026-01-08&end_date=2026-04-08&page=1&page_size=10 HTTP/1.1" 200 7652
[08/Apr/2026 02:03:00] "GET /datatable/po/list/?start_date=2026-01-08&end_date=2026-04-08&page=1&page_size=10 HTTP/1.1" 200 7652
[08/Apr/2026 02:03:30] "GET /datatable/po/list/?start_date=2026-01-08&end_date=2026-04-08&page=1&page_size=10 HTTP/1.1" 200 7652
[08/Apr/2026 02:04:00] "GET /datatable/po/list/?start_date=2026-01-08&end_date=2026-04-08&page=1&page_size=10 HTTP/1.1" 200 7652
[08/Apr/2026 02:04:30] "GET /datatable/po/list/?start_date=2026-01-08&end_date=2026-04-08&page=1&page_size=10 HTTP/1.1" 200 7652
[08/Apr/2026 02:05:00] "GET /datatable/po/list/?start_date=2026-01-08&end_date=2026-04-08&page=1&page_size=10 HTTP/1.1" 200 7652
[08/Apr/2026 02:05:30] "GET /datatable/po/list/?start_date=2026-01-08&end_date=2026-04-08&page=1&page_size=10 HTTP/1.1" 200 7652
[08/Apr/2026 02:06:00] "GET /datatable/po/list/?start_date=2026-01-08&end_date=2026-04-08&page=1&page_size=10 HTTP/1.1" 200 7652
[08/Apr/2026 02:06:30] "GET /datatable/po/list/?start_date=2026-01-08&end_date=2026-04-08&page=1&page_size=10 HTTP/1.1" 200 7652
[08/Apr/2026 02:07:00] "GET /datatable/po/list/?start_date=2026-01-08&end_date=2026-04-08&page=1&page_size=10 HTTP/1.1" 200 7652
[08/Apr/2026 02:07:30] "GET /datatable/po/list/?start_date=2026-01-08&end_date=2026-04-08&page=1&page_size=10 HTTP/1.1" 200 7652
[08/Apr/2026 02:08:00] "GET /datatable/po/list/?start_date=2026-01-08&end_date=2026-04-08&page=1&page_size=10 HTTP/1.1" 200 7652
[08/Apr/2026 02:08:30] "GET /datatable/po/list/?start_date=2026-01-08&end_date=2026-04-08&page=1&page_size=10 HTTP/1.1" 200 7652
[08/Apr/2026 02:09:00] "GET /datatable/po/list/?start_date=2026-01-08&end_date=2026-04-08&page=1&page_size=10 HTTP/1.1" 200 7652
[08/Apr/2026 02:09:30] "GET /datatable/po/list/?start_date=2026-01-08&end_date=2026-04-08&page=1&page_size=10 HTTP/1.1" 200 7652
[08/Apr/2026 02:10:00] "GET /datatable/po/list/?start_date=2026-01-08&end_date=2026-04-08&page=1&page_size=10 HTTP/1.1" 200 7652
[08/Apr/2026 02:10:30] "GET /datatable/po/list/?start_date=2026-01-08&end_date=2026-04-08&page=1&page_size=10 HTTP/1.1" 200 7652
[08/Apr/2026 02:11:00] "GET /datatable/po/list/?start_date=2026-01-08&end_date=2026-04-08&page=1&page_size=10 HTTP/1.1" 200 7652
[08/Apr/2026 02:11:30] "GET /datatable/po/list/?start_date=2026-01-08&end_date=2026-04-08&page=1&page_size=10 HTTP/1.1" 200 7652
[08/Apr/2026 02:12:00] "GET /datatable/po/list/?start_date=2026-01-08&end_date=2026-04-08&page=1&page_size=10 HTTP/1.1" 200 7652
[08/Apr/2026 02:12:30] "GET /datatable/po/list/?start_date=2026-01-08&end_date=2026-04-08&page=1&page_size=10 HTTP/1.1" 200 7652
[08/Apr/2026 02:13:00] "GET /datatable/po/list/?start_date=2026-01-08&end_date=2026-04-08&page=1&page_size=10 HTTP/1.1" 200 7652
[08/Apr/2026 02:13:30] "GET /datatable/po/list/?start_date=2026-01-08&end_date=2026-04-08&page=1&page_size=10 HTTP/1.1" 200 7652
[08/Apr/2026 02:14:00] "GET /datatable/po/list/?start_date=2026-01-08&end_date=2026-04-08&page=1&page_size=10 HTTP/1.1" 200 7652
[08/Apr/2026 02:14:30] "GET /datatable/po/list/?start_date=2026-01-08&end_date=2026-04-08&page=1&page_size=10 HTTP/1.1" 200 7652
[08/Apr/2026 02:15:00] "GET /datatable/po/list/?start_date=2026-01-08&end_date=2026-04-08&page=1&page_size=10 HTTP/1.1" 200 7652
[08/Apr/2026 02:15:30] "GET /datatable/po/list/?start_date=2026-01-08&end_date=2026-04-08&page=1&page_size=10 HTTP/1.1" 200 7652
[08/Apr/2026 02:16:00] "GET /datatable/po/list/?start_date=2026-01-08&end_date=2026-04-08&page=1&page_size=10 HTTP/1.1" 200 7652
[08/Apr/2026 02:16:30] "GET /datatable/po/list/?start_date=2026-01-08&end_date=2026-04-08&page=1&page_size=10 HTTP/1.1" 200 7652
[08/Apr/2026 02:17:00] "GET /datatable/po/list/?start_date=2026-01-08&end_date=2026-04-08&page=1&page_size=10 HTTP/1.1" 200 7652
[08/Apr/2026 02:17:30] "GET /datatable/po/list/?start_date=2026-01-08&end_date=2026-04-08&page=1&page_size=10 HTTP/1.1" 200 7652
[08/Apr/2026 02:18:00] "GET /datatable/po/list/?start_date=2026-01-08&end_date=2026-04-08&page=1&page_size=10 HTTP/1.1" 200 7652
[08/Apr/2026 02:18:30] "GET /datatable/po/list/?start_date=2026-01-08&end_date=2026-04-08&page=1&page_size=10 HTTP/1.1" 200 7652
[08/Apr/2026 02:19:00] "GET /datatable/po/list/?start_date=2026-01-08&end_date=2026-04-08&page=1&page_size=10 HTTP/1.1" 200 7652
[08/Apr/2026 02:19:30] "GET /datatable/po/list/?start_date=2026-01-08&end_date=2026-04-08&page=1&page_size=10 HTTP/1.1" 200 7652
[08/Apr/2026 02:20:00] "GET /datatable/po/list/?start_date=2026-01-08&end_date=2026-04-08&page=1&page_size=10 HTTP/1.1" 200 7652
[08/Apr/2026 02:20:30] "GET /datatable/po/list/?start_date=2026-01-08&end_date=2026-04-08&page=1&page_size=10 HTTP/1.1" 200 7652
[08/Apr/2026 02:21:00] "GET /datatable/po/list/?start_date=2026-01-08&end_date=2026-04-08&page=1&page_size=10 HTTP/1.1" 200 7652
[08/Apr/2026 02:21:30] "GET /datatable/po/list/?start_date=2026-01-08&end_date=2026-04-08&page=1&page_size=10 HTTP/1.1" 200 7652
[08/Apr/2026 02:22:00] "GET /datatable/po/list/?start_date=2026-01-08&end_date=2026-04-08&page=1&page_size=10 HTTP/1.1" 200 7652
[08/Apr/2026 02:22:30] "GET /datatable/po/list/?start_date=2026-01-08&end_date=2026-04-08&page=1&page_size=10 HTTP/1.1" 200 7652
[08/Apr/2026 02:23:00] "GET /datatable/po/list/?start_date=2026-01-08&end_date=2026-04-08&page=1&page_size=10 HTTP/1.1" 200 7652
[08/Apr/2026 02:23:30] "GET /datatable/po/list/?start_date=2026-01-08&end_date=2026-04-08&page=1&page_size=10 HTTP/1.1" 200 7652
[08/Apr/2026 02:24:00] "GET /datatable/po/list/?start_date=2026-01-08&end_date=2026-04-08&page=1&page_size=10 HTTP/1.1" 200 7652
[08/Apr/2026 02:24:30] "GET /datatable/po/list/?start_date=2026-01-08&end_date=2026-04-08&page=1&page_size=10 HTTP/1.1" 200 7652
[08/Apr/2026 02:25:00] "GET /datatable/po/list/?start_date=2026-01-08&end_date=2026-04-08&page=1&page_size=10 HTTP/1.1" 200 7652
[08/Apr/2026 02:25:30] "GET /datatable/po/list/?start_date=2026-01-08&end_date=2026-04-08&page=1&page_size=10 HTTP/1.1" 200 7652
[08/Apr/2026 02:26:00] "GET /datatable/po/list/?start_date=2026-01-08&end_date=2026-04-08&page=1&page_size=10 HTTP/1.1" 200 7652
[08/Apr/2026 02:26:30] "GET /datatable/po/list/?start_date=2026-01-08&end_date=2026-04-08&page=1&page_size=10 HTTP/1.1" 200 7652
Not Found: /
[08/Apr/2026 02:26:39] "GET / HTTP/1.0" 404 3998
[08/Apr/2026 02:27:00] "GET /datatable/po/list/?start_date=2026-01-08&end_date=2026-04-08&page=1&page_size=10 HTTP/1.1" 200 7652
[08/Apr/2026 02:27:30] "GET /datatable/po/list/?start_date=2026-01-08&end_date=2026-04-08&page=1&page_size=10 HTTP/1.1" 200 7652
[08/Apr/2026 02:28:00] "GET /datatable/po/list/?start_date=2026-01-08&end_date=2026-04-08&page=1&page_size=10 HTTP/1.1" 200 7652
[08/Apr/2026 02:28:30] "GET /datatable/po/list/?start_date=2026-01-08&end_date=2026-04-08&page=1&page_size=10 HTTP/1.1" 200 7652
[08/Apr/2026 02:29:00] "GET /datatable/po/list/?start_date=2026-01-08&end_date=2026-04-08&page=1&page_size=10 HTTP/1.1" 200 7652
[08/Apr/2026 02:29:30] "GET /datatable/po/list/?start_date=2026-01-08&end_date=2026-04-08&page=1&page_size=10 HTTP/1.1" 200 7652
[08/Apr/2026 02:30:00] "GET /datatable/po/list/?start_date=2026-01-08&end_date=2026-04-08&page=1&page_size=10 HTTP/1.1" 200 7652
[08/Apr/2026 02:30:30] "GET /datatable/po/list/?start_date=2026-01-08&end_date=2026-04-08&page=1&page_size=10 HTTP/1.1" 200 7652
[08/Apr/2026 02:31:00] "GET /datatable/po/list/?start_date=2026-01-08&end_date=2026-04-08&page=1&page_size=10 HTTP/1.1" 200 7652
[08/Apr/2026 02:31:30] "GET /datatable/po/list/?start_date=2026-01-08&end_date=2026-04-08&page=1&page_size=10 HTTP/1.1" 200 7652
[08/Apr/2026 02:32:00] "GET /datatable/po/list/?start_date=2026-01-08&end_date=2026-04-08&page=1&page_size=10 HTTP/1.1" 200 7652
[08/Apr/2026 02:32:30] "GET /datatable/po/list/?start_date=2026-01-08&end_date=2026-04-08&page=1&page_size=10 HTTP/1.1" 200 7652
[08/Apr/2026 02:33:00] "GET /datatable/po/list/?start_date=2026-01-08&end_date=2026-04-08&page=1&page_size=10 HTTP/1.1" 200 7652
[08/Apr/2026 02:33:30] "GET /datatable/po/list/?start_date=2026-01-08&end_date=2026-04-08&page=1&page_size=10 HTTP/1.1" 200 7652
[08/Apr/2026 02:34:00] "GET /datatable/po/list/?start_date=2026-01-08&end_date=2026-04-08&page=1&page_size=10 HTTP/1.1" 200 7652
[08/Apr/2026 02:34:30] "GET /datatable/po/list/?start_date=2026-01-08&end_date=2026-04-08&page=1&page_size=10 HTTP/1.1" 200 7652
[08/Apr/2026 02:35:00] "GET /datatable/po/list/?start_date=2026-01-08&end_date=2026-04-08&page=1&page_size=10 HTTP/1.1" 200 7652
[08/Apr/2026 02:35:30] "GET /datatable/po/list/?start_date=2026-01-08&end_date=2026-04-08&page=1&page_size=10 HTTP/1.1" 200 7652
[08/Apr/2026 02:36:00] "GET /datatable/po/list/?start_date=2026-01-08&end_date=2026-04-08&page=1&page_size=10 HTTP/1.1" 200 7652
[08/Apr/2026 02:36:30] "GET /datatable/po/list/?start_date=2026-01-08&end_date=2026-04-08&page=1&page_size=10 HTTP/1.1" 200 7652
[08/Apr/2026 02:37:00] "GET /datatable/po/list/?start_date=2026-01-08&end_date=2026-04-08&page=1&page_size=10 HTTP/1.1" 200 7652
[08/Apr/2026 02:37:30] "GET /datatable/po/list/?start_date=2026-01-08&end_date=2026-04-08&page=1&page_size=10 HTTP/1.1" 200 7652
[08/Apr/2026 02:38:00] "GET /datatable/po/list/?start_date=2026-01-08&end_date=2026-04-08&page=1&page_size=10 HTTP/1.1" 200 7652
[08/Apr/2026 02:38:30] "GET /datatable/po/list/?start_date=2026-01-08&end_date=2026-04-08&page=1&page_size=10 HTTP/1.1" 200 7652
[08/Apr/2026 02:39:00] "GET /datatable/po/list/?start_date=2026-01-08&end_date=2026-04-08&page=1&page_size=10 HTTP/1.1" 200 7652
[08/Apr/2026 02:39:30] "GET /datatable/po/list/?start_date=2026-01-08&end_date=2026-04-08&page=1&page_size=10 HTTP/1.1" 200 7652
[08/Apr/2026 02:40:00] "GET /datatable/po/list/?start_date=2026-01-08&end_date=2026-04-08&page=1&page_size=10 HTTP/1.1" 200 7652
[08/Apr/2026 02:40:30] "GET /datatable/po/list/?start_date=2026-01-08&end_date=2026-04-08&page=1&page_size=10 HTTP/1.1" 200 7652
[08/Apr/2026 02:41:00] "GET /datatable/po/list/?start_date=2026-01-08&end_date=2026-04-08&page=1&page_size=10 HTTP/1.1" 200 7652
[08/Apr/2026 02:41:30] "GET /datatable/po/list/?start_date=2026-01-08&end_date=2026-04-08&page=1&page_size=10 HTTP/1.1" 200 7652
[08/Apr/2026 02:42:00] "GET /datatable/po/list/?start_date=2026-01-08&end_date=2026-04-08&page=1&page_size=10 HTTP/1.1" 200 7652
[08/Apr/2026 02:42:30] "GET /datatable/po/list/?start_date=2026-01-08&end_date=2026-04-08&page=1&page_size=10 HTTP/1.1" 200 7652
[08/Apr/2026 02:43:00] "GET /datatable/po/list/?start_date=2026-01-08&end_date=2026-04-08&page=1&page_size=10 HTTP/1.1" 200 7652
[08/Apr/2026 02:43:30] "GET /datatable/po/list/?start_date=2026-01-08&end_date=2026-04-08&page=1&page_size=10 HTTP/1.1" 200 7652
[08/Apr/2026 02:44:00] "GET /datatable/po/list/?start_date=2026-01-08&end_date=2026-04-08&page=1&page_size=10 HTTP/1.1" 200 7652
[08/Apr/2026 02:44:30] "GET /datatable/po/list/?start_date=2026-01-08&end_date=2026-04-08&page=1&page_size=10 HTTP/1.1" 200 7652
[08/Apr/2026 02:45:00] "GET /datatable/po/list/?start_date=2026-01-08&end_date=2026-04-08&page=1&page_size=10 HTTP/1.1" 200 7652
[08/Apr/2026 02:45:30] "GET /datatable/po/list/?start_date=2026-01-08&end_date=2026-04-08&page=1&page_size=10 HTTP/1.1" 200 7652
[08/Apr/2026 02:46:00] "GET /datatable/po/list/?start_date=2026-01-08&end_date=2026-04-08&page=1&page_size=10 HTTP/1.1" 200 7652
[08/Apr/2026 02:46:30] "GET /datatable/po/list/?start_date=2026-01-08&end_date=2026-04-08&page=1&page_size=10 HTTP/1.1" 200 7652
[08/Apr/2026 02:47:00] "GET /datatable/po/list/?start_date=2026-01-08&end_date=2026-04-08&page=1&page_size=10 HTTP/1.1" 200 7652
[08/Apr/2026 02:47:30] "GET /datatable/po/list/?start_date=2026-01-08&end_date=2026-04-08&page=1&page_size=10 HTTP/1.1" 200 7652
[08/Apr/2026 02:48:00] "GET /datatable/po/list/?start_date=2026-01-08&end_date=2026-04-08&page=1&page_size=10 HTTP/1.1" 200 7652
[08/Apr/2026 02:48:30] "GET /datatable/po/list/?start_date=2026-01-08&end_date=2026-04-08&page=1&page_size=10 HTTP/1.1" 200 7652
[08/Apr/2026 02:49:00] "GET /datatable/po/list/?start_date=2026-01-08&end_date=2026-04-08&page=1&page_size=10 HTTP/1.1" 200 7652
[08/Apr/2026 02:49:30] "GET /datatable/po/list/?start_date=2026-01-08&end_date=2026-04-08&page=1&page_size=10 HTTP/1.1" 200 7652
[08/Apr/2026 02:50:00] "GET /datatable/po/list/?start_date=2026-01-08&end_date=2026-04-08&page=1&page_size=10 HTTP/1.1" 200 7652
[08/Apr/2026 02:50:30] "GET /datatable/po/list/?start_date=2026-01-08&end_date=2026-04-08&page=1&page_size=10 HTTP/1.1" 200 7652
[08/Apr/2026 02:51:00] "GET /datatable/po/list/?start_date=2026-01-08&end_date=2026-04-08&page=1&page_size=10 HTTP/1.1" 200 7652
[08/Apr/2026 02:51:30] "GET /datatable/po/list/?start_date=2026-01-08&end_date=2026-04-08&page=1&page_size=10 HTTP/1.1" 200 7652
[08/Apr/2026 02:52:00] "GET /datatable/po/list/?start_date=2026-01-08&end_date=2026-04-08&page=1&page_size=10 HTTP/1.1" 200 7652
[08/Apr/2026 02:52:30] "GET /datatable/po/list/?start_date=2026-01-08&end_date=2026-04-08&page=1&page_size=10 HTTP/1.1" 200 7652
[08/Apr/2026 02:53:00] "GET /datatable/po/list/?start_date=2026-01-08&end_date=2026-04-08&page=1&page_size=10 HTTP/1.1" 200 7652
[08/Apr/2026 02:53:30] "GET /datatable/po/list/?start_date=2026-01-08&end_date=2026-04-08&page=1&page_size=10 HTTP/1.1" 200 7652
[08/Apr/2026 02:54:00] "GET /datatable/po/list/?start_date=2026-01-08&end_date=2026-04-08&page=1&page_size=10 HTTP/1.1" 200 7652
[08/Apr/2026 02:54:30] "GET /datatable/po/list/?start_date=2026-01-08&end_date=2026-04-08&page=1&page_size=10 HTTP/1.1" 200 7652
[08/Apr/2026 02:55:00] "GET /datatable/po/list/?start_date=2026-01-08&end_date=2026-04-08&page=1&page_size=10 HTTP/1.1" 200 7652
[08/Apr/2026 02:55:30] "GET /datatable/po/list/?start_date=2026-01-08&end_date=2026-04-08&page=1&page_size=10 HTTP/1.1" 200 7652
[08/Apr/2026 02:56:00] "GET /datatable/po/list/?start_date=2026-01-08&end_date=2026-04-08&page=1&page_size=10 HTTP/1.1" 200 7652
[08/Apr/2026 02:56:30] "GET /datatable/po/list/?start_date=2026-01-08&end_date=2026-04-08&page=1&page_size=10 HTTP/1.1" 200 7652
[08/Apr/2026 02:57:00] "GET /datatable/po/list/?start_date=2026-01-08&end_date=2026-04-08&page=1&page_size=10 HTTP/1.1" 200 7652
[08/Apr/2026 02:57:30] "GET /datatable/po/list/?start_date=2026-01-08&end_date=2026-04-08&page=1&page_size=10 HTTP/1.1" 200 7652
[08/Apr/2026 02:58:00] "GET /datatable/po/list/?start_date=2026-01-08&end_date=2026-04-08&page=1&page_size=10 HTTP/1.1" 200 7652
[08/Apr/2026 02:58:30] "GET /datatable/po/list/?start_date=2026-01-08&end_date=2026-04-08&page=1&page_size=10 HTTP/1.1" 200 7652
[08/Apr/2026 02:59:00] "GET /datatable/po/list/?start_date=2026-01-08&end_date=2026-04-08&page=1&page_size=10 HTTP/1.1" 200 7652
[08/Apr/2026 02:59:30] "GET /datatable/po/list/?start_date=2026-01-08&end_date=2026-04-08&page=1&page_size=10 HTTP/1.1" 200 7652
[08/Apr/2026 03:00:00] "GET /datatable/po/list/?start_date=2026-01-08&end_date=2026-04-08&page=1&page_size=10 HTTP/1.1" 200 7652
[08/Apr/2026 03:00:30] "GET /datatable/po/list/?start_date=2026-01-08&end_date=2026-04-08&page=1&page_size=10 HTTP/1.1" 200 7652
[08/Apr/2026 03:01:00] "OPTIONS /datatable/po/list/?start_date=2026-01-08&end_date=2026-04-08&page=1&page_size=10 HTTP/1.1" 200 0
[08/Apr/2026 03:01:00] "GET /datatable/po/list/?start_date=2026-01-08&end_date=2026-04-08&page=1&page_size=10 HTTP/1.1" 200 7652
[08/Apr/2026 03:01:30] "GET /datatable/po/list/?start_date=2026-01-08&end_date=2026-04-08&page=1&page_size=10 HTTP/1.1" 200 7652
[08/Apr/2026 03:02:00] "GET /datatable/po/list/?start_date=2026-01-08&end_date=2026-04-08&page=1&page_size=10 HTTP/1.1" 200 7652
[08/Apr/2026 03:02:30] "GET /datatable/po/list/?start_date=2026-01-08&end_date=2026-04-08&page=1&page_size=10 HTTP/1.1" 200 7652
[08/Apr/2026 03:03:00] "GET /datatable/po/list/?start_date=2026-01-08&end_date=2026-04-08&page=1&page_size=10 HTTP/1.1" 200 7652
[08/Apr/2026 03:03:30] "GET /datatable/po/list/?start_date=2026-01-08&end_date=2026-04-08&page=1&page_size=10 HTTP/1.1" 200 7652
[08/Apr/2026 03:04:00] "GET /datatable/po/list/?start_date=2026-01-08&end_date=2026-04-08&page=1&page_size=10 HTTP/1.1" 200 7652
[08/Apr/2026 03:04:30] "GET /datatable/po/list/?start_date=2026-01-08&end_date=2026-04-08&page=1&page_size=10 HTTP/1.1" 200 7652
[08/Apr/2026 03:05:00] "GET /datatable/po/list/?start_date=2026-01-08&end_date=2026-04-08&page=1&page_size=10 HTTP/1.1" 200 7652
[08/Apr/2026 03:05:30] "GET /datatable/po/list/?start_date=2026-01-08&end_date=2026-04-08&page=1&page_size=10 HTTP/1.1" 200 7652
[08/Apr/2026 03:06:00] "GET /datatable/po/list/?start_date=2026-01-08&end_date=2026-04-08&page=1&page_size=10 HTTP/1.1" 200 7652
[08/Apr/2026 03:06:30] "GET /datatable/po/list/?start_date=2026-01-08&end_date=2026-04-08&page=1&page_size=10 HTTP/1.1" 200 7652
[08/Apr/2026 03:07:00] "GET /datatable/po/list/?start_date=2026-01-08&end_date=2026-04-08&page=1&page_size=10 HTTP/1.1" 200 7652
[08/Apr/2026 03:07:30] "GET /datatable/po/list/?start_date=2026-01-08&end_date=2026-04-08&page=1&page_size=10 HTTP/1.1" 200 7652
[08/Apr/2026 03:08:00] "GET /datatable/po/list/?start_date=2026-01-08&end_date=2026-04-08&page=1&page_size=10 HTTP/1.1" 200 7652
[08/Apr/2026 03:08:30] "GET /datatable/po/list/?start_date=2026-01-08&end_date=2026-04-08&page=1&page_size=10 HTTP/1.1" 200 7652
[08/Apr/2026 03:09:00] "GET /datatable/po/list/?start_date=2026-01-08&end_date=2026-04-08&page=1&page_size=10 HTTP/1.1" 200 7652
[08/Apr/2026 03:09:30] "GET /datatable/po/list/?start_date=2026-01-08&end_date=2026-04-08&page=1&page_size=10 HTTP/1.1" 200 7652
[08/Apr/2026 03:10:00] "GET /datatable/po/list/?start_date=2026-01-08&end_date=2026-04-08&page=1&page_size=10 HTTP/1.1" 200 7652
[08/Apr/2026 03:10:30] "GET /datatable/po/list/?start_date=2026-01-08&end_date=2026-04-08&page=1&page_size=10 HTTP/1.1" 200 7652
[08/Apr/2026 03:11:00] "GET /datatable/po/list/?start_date=2026-01-08&end_date=2026-04-08&page=1&page_size=10 HTTP/1.1" 200 7652
[08/Apr/2026 03:11:30] "GET /datatable/po/list/?start_date=2026-01-08&end_date=2026-04-08&page=1&page_size=10 HTTP/1.1" 200 7652
[08/Apr/2026 03:12:00] "GET /datatable/po/list/?start_date=2026-01-08&end_date=2026-04-08&page=1&page_size=10 HTTP/1.1" 200 7652
[08/Apr/2026 03:12:30] "GET /datatable/po/list/?start_date=2026-01-08&end_date=2026-04-08&page=1&page_size=10 HTTP/1.1" 200 7652
[08/Apr/2026 03:13:00] "GET /datatable/po/list/?start_date=2026-01-08&end_date=2026-04-08&page=1&page_size=10 HTTP/1.1" 200 7652
[08/Apr/2026 03:13:30] "GET /datatable/po/list/?start_date=2026-01-08&end_date=2026-04-08&page=1&page_size=10 HTTP/1.1" 200 7652
[08/Apr/2026 03:14:00] "GET /datatable/po/list/?start_date=2026-01-08&end_date=2026-04-08&page=1&page_size=10 HTTP/1.1" 200 7652
[08/Apr/2026 03:14:30] "GET /datatable/po/list/?start_date=2026-01-08&end_date=2026-04-08&page=1&page_size=10 HTTP/1.1" 200 7652
[08/Apr/2026 03:15:00] "GET /datatable/po/list/?start_date=2026-01-08&end_date=2026-04-08&page=1&page_size=10 HTTP/1.1" 200 7652
[08/Apr/2026 03:15:30] "GET /datatable/po/list/?start_date=2026-01-08&end_date=2026-04-08&page=1&page_size=10 HTTP/1.1" 200 7652
[08/Apr/2026 03:16:00] "GET /datatable/po/list/?start_date=2026-01-08&end_date=2026-04-08&page=1&page_size=10 HTTP/1.1" 200 7652
[08/Apr/2026 03:16:30] "GET /datatable/po/list/?start_date=2026-01-08&end_date=2026-04-08&page=1&page_size=10 HTTP/1.1" 200 7652
[08/Apr/2026 03:17:00] "GET /datatable/po/list/?start_date=2026-01-08&end_date=2026-04-08&page=1&page_size=10 HTTP/1.1" 200 7652
[08/Apr/2026 03:17:30] "GET /datatable/po/list/?start_date=2026-01-08&end_date=2026-04-08&page=1&page_size=10 HTTP/1.1" 200 7652
[08/Apr/2026 03:18:00] "GET /datatable/po/list/?start_date=2026-01-08&end_date=2026-04-08&page=1&page_size=10 HTTP/1.1" 200 7652
[08/Apr/2026 03:18:30] "GET /datatable/po/list/?start_date=2026-01-08&end_date=2026-04-08&page=1&page_size=10 HTTP/1.1" 200 7652
[08/Apr/2026 03:19:00] "GET /datatable/po/list/?start_date=2026-01-08&end_date=2026-04-08&page=1&page_size=10 HTTP/1.1" 200 7652
[08/Apr/2026 03:19:30] "GET /datatable/po/list/?start_date=2026-01-08&end_date=2026-04-08&page=1&page_size=10 HTTP/1.1" 200 7652
[08/Apr/2026 03:20:00] "GET /datatable/po/list/?start_date=2026-01-08&end_date=2026-04-08&page=1&page_size=10 HTTP/1.1" 200 7652
[08/Apr/2026 03:20:30] "GET /datatable/po/list/?start_date=2026-01-08&end_date=2026-04-08&page=1&page_size=10 HTTP/1.1" 200 7652
[08/Apr/2026 03:21:00] "GET /datatable/po/list/?start_date=2026-01-08&end_date=2026-04-08&page=1&page_size=10 HTTP/1.1" 200 7652
[08/Apr/2026 03:21:30] "GET /datatable/po/list/?start_date=2026-01-08&end_date=2026-04-08&page=1&page_size=10 HTTP/1.1" 200 7652
[08/Apr/2026 03:22:00] "GET /datatable/po/list/?start_date=2026-01-08&end_date=2026-04-08&page=1&page_size=10 HTTP/1.1" 200 7652
[08/Apr/2026 03:22:30] "GET /datatable/po/list/?start_date=2026-01-08&end_date=2026-04-08&page=1&page_size=10 HTTP/1.1" 200 7652
[08/Apr/2026 03:23:00] "GET /datatable/po/list/?start_date=2026-01-08&end_date=2026-04-08&page=1&page_size=10 HTTP/1.1" 200 7652
[08/Apr/2026 03:23:30] "GET /datatable/po/list/?start_date=2026-01-08&end_date=2026-04-08&page=1&page_size=10 HTTP/1.1" 200 7652
[08/Apr/2026 03:24:00] "GET /datatable/po/list/?start_date=2026-01-08&end_date=2026-04-08&page=1&page_size=10 HTTP/1.1" 200 7652
[08/Apr/2026 03:24:30] "GET /datatable/po/list/?start_date=2026-01-08&end_date=2026-04-08&page=1&page_size=10 HTTP/1.1" 200 7652
[08/Apr/2026 03:25:00] "GET /datatable/po/list/?start_date=2026-01-08&end_date=2026-04-08&page=1&page_size=10 HTTP/1.1" 200 7652
[08/Apr/2026 03:25:30] "GET /datatable/po/list/?start_date=2026-01-08&end_date=2026-04-08&page=1&page_size=10 HTTP/1.1" 200 7652
[08/Apr/2026 03:26:00] "GET /datatable/po/list/?start_date=2026-01-08&end_date=2026-04-08&page=1&page_size=10 HTTP/1.1" 200 7652
[08/Apr/2026 03:26:30] "GET /datatable/po/list/?start_date=2026-01-08&end_date=2026-04-08&page=1&page_size=10 HTTP/1.1" 200 7652
[08/Apr/2026 03:27:00] "GET /datatable/po/list/?start_date=2026-01-08&end_date=2026-04-08&page=1&page_size=10 HTTP/1.1" 200 7652
[08/Apr/2026 03:27:30] "GET /datatable/po/list/?start_date=2026-01-08&end_date=2026-04-08&page=1&page_size=10 HTTP/1.1" 200 7652
[08/Apr/2026 03:28:00] "GET /datatable/po/list/?start_date=2026-01-08&end_date=2026-04-08&page=1&page_size=10 HTTP/1.1" 200 7652
[08/Apr/2026 03:28:30] "GET /datatable/po/list/?start_date=2026-01-08&end_date=2026-04-08&page=1&page_size=10 HTTP/1.1" 200 7652
[08/Apr/2026 03:29:00] "GET /datatable/po/list/?start_date=2026-01-08&end_date=2026-04-08&page=1&page_size=10 HTTP/1.1" 200 7652
[08/Apr/2026 03:29:30] "GET /datatable/po/list/?start_date=2026-01-08&end_date=2026-04-08&page=1&page_size=10 HTTP/1.1" 200 7652
[08/Apr/2026 03:30:00] "GET /datatable/po/list/?start_date=2026-01-08&end_date=2026-04-08&page=1&page_size=10 HTTP/1.1" 200 7652
[08/Apr/2026 03:30:31] "GET /datatable/po/list/?start_date=2026-01-08&end_date=2026-04-08&page=1&page_size=10 HTTP/1.1" 200 7652
[08/Apr/2026 03:31:00] "GET /datatable/po/list/?start_date=2026-01-08&end_date=2026-04-08&page=1&page_size=10 HTTP/1.1" 200 7652
[08/Apr/2026 03:31:30] "GET /datatable/po/list/?start_date=2026-01-08&end_date=2026-04-08&page=1&page_size=10 HTTP/1.1" 200 7652
[08/Apr/2026 03:32:00] "GET /datatable/po/list/?start_date=2026-01-08&end_date=2026-04-08&page=1&page_size=10 HTTP/1.1" 200 7652
[08/Apr/2026 03:32:30] "GET /datatable/po/list/?start_date=2026-01-08&end_date=2026-04-08&page=1&page_size=10 HTTP/1.1" 200 7652
[08/Apr/2026 03:33:00] "GET /datatable/po/list/?start_date=2026-01-08&end_date=2026-04-08&page=1&page_size=10 HTTP/1.1" 200 7652
[08/Apr/2026 03:33:30] "GET /datatable/po/list/?start_date=2026-01-08&end_date=2026-04-08&page=1&page_size=10 HTTP/1.1" 200 7652
[08/Apr/2026 03:34:00] "GET /datatable/po/list/?start_date=2026-01-08&end_date=2026-04-08&page=1&page_size=10 HTTP/1.1" 200 7652
[08/Apr/2026 03:34:30] "GET /datatable/po/list/?start_date=2026-01-08&end_date=2026-04-08&page=1&page_size=10 HTTP/1.1" 200 7652
[08/Apr/2026 03:35:00] "GET /datatable/po/list/?start_date=2026-01-08&end_date=2026-04-08&page=1&page_size=10 HTTP/1.1" 200 7652
[08/Apr/2026 03:35:30] "GET /datatable/po/list/?start_date=2026-01-08&end_date=2026-04-08&page=1&page_size=10 HTTP/1.1" 200 7652
[08/Apr/2026 03:36:00] "GET /datatable/po/list/?start_date=2026-01-08&end_date=2026-04-08&page=1&page_size=10 HTTP/1.1" 200 7652
[08/Apr/2026 03:36:30] "GET /datatable/po/list/?start_date=2026-01-08&end_date=2026-04-08&page=1&page_size=10 HTTP/1.1" 200 7652
[08/Apr/2026 03:37:00] "GET /datatable/po/list/?start_date=2026-01-08&end_date=2026-04-08&page=1&page_size=10 HTTP/1.1" 200 7652
[08/Apr/2026 03:37:30] "GET /datatable/po/list/?start_date=2026-01-08&end_date=2026-04-08&page=1&page_size=10 HTTP/1.1" 200 7652
[08/Apr/2026 03:38:00] "GET /datatable/po/list/?start_date=2026-01-08&end_date=2026-04-08&page=1&page_size=10 HTTP/1.1" 200 7652
[08/Apr/2026 03:38:30] "GET /datatable/po/list/?start_date=2026-01-08&end_date=2026-04-08&page=1&page_size=10 HTTP/1.1" 200 7652
[08/Apr/2026 03:39:00] "GET /datatable/po/list/?start_date=2026-01-08&end_date=2026-04-08&page=1&page_size=10 HTTP/1.1" 200 7652
[08/Apr/2026 03:39:30] "GET /datatable/po/list/?start_date=2026-01-08&end_date=2026-04-08&page=1&page_size=10 HTTP/1.1" 200 7652
[08/Apr/2026 03:40:00] "GET /datatable/po/list/?start_date=2026-01-08&end_date=2026-04-08&page=1&page_size=10 HTTP/1.1" 200 7652
[08/Apr/2026 03:40:30] "GET /datatable/po/list/?start_date=2026-01-08&end_date=2026-04-08&page=1&page_size=10 HTTP/1.1" 200 7652
[08/Apr/2026 03:41:00] "GET /datatable/po/list/?start_date=2026-01-08&end_date=2026-04-08&page=1&page_size=10 HTTP/1.1" 200 7652
[08/Apr/2026 03:41:30] "GET /datatable/po/list/?start_date=2026-01-08&end_date=2026-04-08&page=1&page_size=10 HTTP/1.1" 200 7652
[08/Apr/2026 03:42:00] "GET /datatable/po/list/?start_date=2026-01-08&end_date=2026-04-08&page=1&page_size=10 HTTP/1.1" 200 7652
[08/Apr/2026 03:42:30] "GET /datatable/po/list/?start_date=2026-01-08&end_date=2026-04-08&page=1&page_size=10 HTTP/1.1" 200 7652
[08/Apr/2026 03:43:00] "GET /datatable/po/list/?start_date=2026-01-08&end_date=2026-04-08&page=1&page_size=10 HTTP/1.1" 200 7652
[08/Apr/2026 03:43:30] "GET /datatable/po/list/?start_date=2026-01-08&end_date=2026-04-08&page=1&page_size=10 HTTP/1.1" 200 7652
[08/Apr/2026 03:44:00] "GET /datatable/po/list/?start_date=2026-01-08&end_date=2026-04-08&page=1&page_size=10 HTTP/1.1" 200 7652
[08/Apr/2026 03:44:30] "GET /datatable/po/list/?start_date=2026-01-08&end_date=2026-04-08&page=1&page_size=10 HTTP/1.1" 200 7652
[08/Apr/2026 03:45:00] "GET /datatable/po/list/?start_date=2026-01-08&end_date=2026-04-08&page=1&page_size=10 HTTP/1.1" 200 7652
[08/Apr/2026 03:45:30] "GET /datatable/po/list/?start_date=2026-01-08&end_date=2026-04-08&page=1&page_size=10 HTTP/1.1" 200 7652
[08/Apr/2026 03:46:00] "GET /datatable/po/list/?start_date=2026-01-08&end_date=2026-04-08&page=1&page_size=10 HTTP/1.1" 200 7652
[08/Apr/2026 03:46:30] "GET /datatable/po/list/?start_date=2026-01-08&end_date=2026-04-08&page=1&page_size=10 HTTP/1.1" 200 7652
[08/Apr/2026 03:47:00] "GET /datatable/po/list/?start_date=2026-01-08&end_date=2026-04-08&page=1&page_size=10 HTTP/1.1" 200 7652
[08/Apr/2026 03:47:30] "GET /datatable/po/list/?start_date=2026-01-08&end_date=2026-04-08&page=1&page_size=10 HTTP/1.1" 200 7652
[08/Apr/2026 03:48:00] "GET /datatable/po/list/?start_date=2026-01-08&end_date=2026-04-08&page=1&page_size=10 HTTP/1.1" 200 7652
[08/Apr/2026 03:48:30] "GET /datatable/po/list/?start_date=2026-01-08&end_date=2026-04-08&page=1&page_size=10 HTTP/1.1" 200 7652
[08/Apr/2026 03:49:00] "GET /datatable/po/list/?start_date=2026-01-08&end_date=2026-04-08&page=1&page_size=10 HTTP/1.1" 200 7652
[08/Apr/2026 03:49:30] "GET /datatable/po/list/?start_date=2026-01-08&end_date=2026-04-08&page=1&page_size=10 HTTP/1.1" 200 7652
[08/Apr/2026 03:50:00] "GET /datatable/po/list/?start_date=2026-01-08&end_date=2026-04-08&page=1&page_size=10 HTTP/1.1" 200 7652
[08/Apr/2026 03:50:30] "GET /datatable/po/list/?start_date=2026-01-08&end_date=2026-04-08&page=1&page_size=10 HTTP/1.1" 200 7652
[08/Apr/2026 03:51:00] "GET /datatable/po/list/?start_date=2026-01-08&end_date=2026-04-08&page=1&page_size=10 HTTP/1.1" 200 7652
[08/Apr/2026 03:51:30] "GET /datatable/po/list/?start_date=2026-01-08&end_date=2026-04-08&page=1&page_size=10 HTTP/1.1" 200 7652
[08/Apr/2026 03:52:00] "GET /datatable/po/list/?start_date=2026-01-08&end_date=2026-04-08&page=1&page_size=10 HTTP/1.1" 200 7652
[08/Apr/2026 03:52:30] "GET /datatable/po/list/?start_date=2026-01-08&end_date=2026-04-08&page=1&page_size=10 HTTP/1.1" 200 7652
[08/Apr/2026 03:53:00] "GET /datatable/po/list/?start_date=2026-01-08&end_date=2026-04-08&page=1&page_size=10 HTTP/1.1" 200 7652
[08/Apr/2026 03:53:30] "GET /datatable/po/list/?start_date=2026-01-08&end_date=2026-04-08&page=1&page_size=10 HTTP/1.1" 200 7652
[08/Apr/2026 03:54:00] "GET /datatable/po/list/?start_date=2026-01-08&end_date=2026-04-08&page=1&page_size=10 HTTP/1.1" 200 7652
[08/Apr/2026 03:54:30] "GET /datatable/po/list/?start_date=2026-01-08&end_date=2026-04-08&page=1&page_size=10 HTTP/1.1" 200 7652
[08/Apr/2026 03:55:00] "GET /datatable/po/list/?start_date=2026-01-08&end_date=2026-04-08&page=1&page_size=10 HTTP/1.1" 200 7652
[08/Apr/2026 03:55:30] "GET /datatable/po/list/?start_date=2026-01-08&end_date=2026-04-08&page=1&page_size=10 HTTP/1.1" 200 7652
[08/Apr/2026 03:56:00] "GET /datatable/po/list/?start_date=2026-01-08&end_date=2026-04-08&page=1&page_size=10 HTTP/1.1" 200 7652
[08/Apr/2026 03:56:30] "GET /datatable/po/list/?start_date=2026-01-08&end_date=2026-04-08&page=1&page_size=10 HTTP/1.1" 200 7652
[08/Apr/2026 03:57:00] "GET /datatable/po/list/?start_date=2026-01-08&end_date=2026-04-08&page=1&page_size=10 HTTP/1.1" 200 7652
[08/Apr/2026 03:57:30] "GET /datatable/po/list/?start_date=2026-01-08&end_date=2026-04-08&page=1&page_size=10 HTTP/1.1" 200 7652
[08/Apr/2026 03:58:00] "GET /datatable/po/list/?start_date=2026-01-08&end_date=2026-04-08&page=1&page_size=10 HTTP/1.1" 200 7652
[08/Apr/2026 03:58:30] "GET /datatable/po/list/?start_date=2026-01-08&end_date=2026-04-08&page=1&page_size=10 HTTP/1.1" 200 7652
[08/Apr/2026 03:59:00] "GET /datatable/po/list/?start_date=2026-01-08&end_date=2026-04-08&page=1&page_size=10 HTTP/1.1" 200 7652
[08/Apr/2026 03:59:30] "GET /datatable/po/list/?start_date=2026-01-08&end_date=2026-04-08&page=1&page_size=10 HTTP/1.1" 200 7652
[08/Apr/2026 04:00:00] "GET /datatable/po/list/?start_date=2026-01-08&end_date=2026-04-08&page=1&page_size=10 HTTP/1.1" 200 7652
[08/Apr/2026 04:00:30] "GET /datatable/po/list/?start_date=2026-01-08&end_date=2026-04-08&page=1&page_size=10 HTTP/1.1" 200 7652
[08/Apr/2026 04:01:00] "GET /datatable/po/list/?start_date=2026-01-08&end_date=2026-04-08&page=1&page_size=10 HTTP/1.1" 200 7652
[08/Apr/2026 04:01:30] "GET /datatable/po/list/?start_date=2026-01-08&end_date=2026-04-08&page=1&page_size=10 HTTP/1.1" 200 7652
[08/Apr/2026 04:02:00] "GET /datatable/po/list/?start_date=2026-01-08&end_date=2026-04-08&page=1&page_size=10 HTTP/1.1" 200 7652
[08/Apr/2026 04:02:30] "GET /datatable/po/list/?start_date=2026-01-08&end_date=2026-04-08&page=1&page_size=10 HTTP/1.1" 200 7652
[08/Apr/2026 04:03:00] "GET /datatable/po/list/?start_date=2026-01-08&end_date=2026-04-08&page=1&page_size=10 HTTP/1.1" 200 7652
[08/Apr/2026 04:03:30] "GET /datatable/po/list/?start_date=2026-01-08&end_date=2026-04-08&page=1&page_size=10 HTTP/1.1" 200 7652
[08/Apr/2026 04:04:00] "GET /datatable/po/list/?start_date=2026-01-08&end_date=2026-04-08&page=1&page_size=10 HTTP/1.1" 200 7652
[08/Apr/2026 04:04:30] "GET /datatable/po/list/?start_date=2026-01-08&end_date=2026-04-08&page=1&page_size=10 HTTP/1.1" 200 7652
[08/Apr/2026 04:05:00] "GET /datatable/po/list/?start_date=2026-01-08&end_date=2026-04-08&page=1&page_size=10 HTTP/1.1" 200 7652
[08/Apr/2026 04:05:30] "GET /datatable/po/list/?start_date=2026-01-08&end_date=2026-04-08&page=1&page_size=10 HTTP/1.1" 200 7652
[08/Apr/2026 04:06:00] "GET /datatable/po/list/?start_date=2026-01-08&end_date=2026-04-08&page=1&page_size=10 HTTP/1.1" 200 7652
[08/Apr/2026 04:06:30] "GET /datatable/po/list/?start_date=2026-01-08&end_date=2026-04-08&page=1&page_size=10 HTTP/1.1" 200 7652
[08/Apr/2026 04:07:00] "GET /datatable/po/list/?start_date=2026-01-08&end_date=2026-04-08&page=1&page_size=10 HTTP/1.1" 200 7652
[08/Apr/2026 04:07:30] "GET /datatable/po/list/?start_date=2026-01-08&end_date=2026-04-08&page=1&page_size=10 HTTP/1.1" 200 7652
[08/Apr/2026 04:08:00] "GET /datatable/po/list/?start_date=2026-01-08&end_date=2026-04-08&page=1&page_size=10 HTTP/1.1" 200 7652
[08/Apr/2026 04:08:30] "GET /datatable/po/list/?start_date=2026-01-08&end_date=2026-04-08&page=1&page_size=10 HTTP/1.1" 200 7652
[08/Apr/2026 04:09:00] "GET /datatable/po/list/?start_date=2026-01-08&end_date=2026-04-08&page=1&page_size=10 HTTP/1.1" 200 7652
[08/Apr/2026 04:09:30] "GET /datatable/po/list/?start_date=2026-01-08&end_date=2026-04-08&page=1&page_size=10 HTTP/1.1" 200 7652
[08/Apr/2026 04:10:00] "GET /datatable/po/list/?start_date=2026-01-08&end_date=2026-04-08&page=1&page_size=10 HTTP/1.1" 200 7652
[08/Apr/2026 04:10:30] "GET /datatable/po/list/?start_date=2026-01-08&end_date=2026-04-08&page=1&page_size=10 HTTP/1.1" 200 7652
[08/Apr/2026 04:11:00] "GET /datatable/po/list/?start_date=2026-01-08&end_date=2026-04-08&page=1&page_size=10 HTTP/1.1" 200 7652
[08/Apr/2026 04:11:30] "GET /datatable/po/list/?start_date=2026-01-08&end_date=2026-04-08&page=1&page_size=10 HTTP/1.1" 200 7652
[08/Apr/2026 04:12:00] "GET /datatable/po/list/?start_date=2026-01-08&end_date=2026-04-08&page=1&page_size=10 HTTP/1.1" 200 7652
[08/Apr/2026 04:12:30] "GET /datatable/po/list/?start_date=2026-01-08&end_date=2026-04-08&page=1&page_size=10 HTTP/1.1" 200 7652
[08/Apr/2026 04:13:00] "GET /datatable/po/list/?start_date=2026-01-08&end_date=2026-04-08&page=1&page_size=10 HTTP/1.1" 200 7652
[08/Apr/2026 04:13:30] "GET /datatable/po/list/?start_date=2026-01-08&end_date=2026-04-08&page=1&page_size=10 HTTP/1.1" 200 7652
[08/Apr/2026 04:14:00] "GET /datatable/po/list/?start_date=2026-01-08&end_date=2026-04-08&page=1&page_size=10 HTTP/1.1" 200 7652
[08/Apr/2026 04:14:30] "GET /datatable/po/list/?start_date=2026-01-08&end_date=2026-04-08&page=1&page_size=10 HTTP/1.1" 200 7652
[08/Apr/2026 04:15:00] "GET /datatable/po/list/?start_date=2026-01-08&end_date=2026-04-08&page=1&page_size=10 HTTP/1.1" 200 7652
[08/Apr/2026 04:15:30] "GET /datatable/po/list/?start_date=2026-01-08&end_date=2026-04-08&page=1&page_size=10 HTTP/1.1" 200 7652
[08/Apr/2026 04:16:00] "GET /datatable/po/list/?start_date=2026-01-08&end_date=2026-04-08&page=1&page_size=10 HTTP/1.1" 200 7652
[08/Apr/2026 04:16:30] "GET /datatable/po/list/?start_date=2026-01-08&end_date=2026-04-08&page=1&page_size=10 HTTP/1.1" 200 7652
[08/Apr/2026 04:17:00] "GET /datatable/po/list/?start_date=2026-01-08&end_date=2026-04-08&page=1&page_size=10 HTTP/1.1" 200 7652
[08/Apr/2026 04:17:30] "GET /datatable/po/list/?start_date=2026-01-08&end_date=2026-04-08&page=1&page_size=10 HTTP/1.1" 200 7652
[08/Apr/2026 04:18:00] "GET /datatable/po/list/?start_date=2026-01-08&end_date=2026-04-08&page=1&page_size=10 HTTP/1.1" 200 7652
[08/Apr/2026 04:18:30] "GET /datatable/po/list/?start_date=2026-01-08&end_date=2026-04-08&page=1&page_size=10 HTTP/1.1" 200 7652
[08/Apr/2026 04:19:00] "GET /datatable/po/list/?start_date=2026-01-08&end_date=2026-04-08&page=1&page_size=10 HTTP/1.1" 200 7652
[08/Apr/2026 04:19:30] "GET /datatable/po/list/?start_date=2026-01-08&end_date=2026-04-08&page=1&page_size=10 HTTP/1.1" 200 7652
[08/Apr/2026 04:20:00] "GET /datatable/po/list/?start_date=2026-01-08&end_date=2026-04-08&page=1&page_size=10 HTTP/1.1" 200 7652
[08/Apr/2026 04:20:30] "GET /datatable/po/list/?start_date=2026-01-08&end_date=2026-04-08&page=1&page_size=10 HTTP/1.1" 200 7652
[08/Apr/2026 04:21:00] "GET /datatable/po/list/?start_date=2026-01-08&end_date=2026-04-08&page=1&page_size=10 HTTP/1.1" 200 7652
[08/Apr/2026 04:21:30] "GET /datatable/po/list/?start_date=2026-01-08&end_date=2026-04-08&page=1&page_size=10 HTTP/1.1" 200 7652
[08/Apr/2026 04:22:00] "GET /datatable/po/list/?start_date=2026-01-08&end_date=2026-04-08&page=1&page_size=10 HTTP/1.1" 200 7652
[08/Apr/2026 04:22:30] "GET /datatable/po/list/?start_date=2026-01-08&end_date=2026-04-08&page=1&page_size=10 HTTP/1.1" 200 7652
[08/Apr/2026 04:23:00] "GET /datatable/po/list/?start_date=2026-01-08&end_date=2026-04-08&page=1&page_size=10 HTTP/1.1" 200 7652
[08/Apr/2026 04:23:30] "GET /datatable/po/list/?start_date=2026-01-08&end_date=2026-04-08&page=1&page_size=10 HTTP/1.1" 200 7652
[08/Apr/2026 04:24:00] "GET /datatable/po/list/?start_date=2026-01-08&end_date=2026-04-08&page=1&page_size=10 HTTP/1.1" 200 7652
[08/Apr/2026 04:24:30] "GET /datatable/po/list/?start_date=2026-01-08&end_date=2026-04-08&page=1&page_size=10 HTTP/1.1" 200 7652
[08/Apr/2026 04:25:00] "GET /datatable/po/list/?start_date=2026-01-08&end_date=2026-04-08&page=1&page_size=10 HTTP/1.1" 200 7652
[08/Apr/2026 04:25:30] "GET /datatable/po/list/?start_date=2026-01-08&end_date=2026-04-08&page=1&page_size=10 HTTP/1.1" 200 7652
[08/Apr/2026 04:26:00] "GET /datatable/po/list/?start_date=2026-01-08&end_date=2026-04-08&page=1&page_size=10 HTTP/1.1" 200 7652
[08/Apr/2026 04:26:30] "GET /datatable/po/list/?start_date=2026-01-08&end_date=2026-04-08&page=1&page_size=10 HTTP/1.1" 200 7652
[08/Apr/2026 04:27:00] "GET /datatable/po/list/?start_date=2026-01-08&end_date=2026-04-08&page=1&page_size=10 HTTP/1.1" 200 7652
[08/Apr/2026 04:27:30] "GET /datatable/po/list/?start_date=2026-01-08&end_date=2026-04-08&page=1&page_size=10 HTTP/1.1" 200 7652
[08/Apr/2026 04:28:00] "GET /datatable/po/list/?start_date=2026-01-08&end_date=2026-04-08&page=1&page_size=10 HTTP/1.1" 200 7652
[08/Apr/2026 04:28:30] "GET /datatable/po/list/?start_date=2026-01-08&end_date=2026-04-08&page=1&page_size=10 HTTP/1.1" 200 7652
[08/Apr/2026 04:29:00] "GET /datatable/po/list/?start_date=2026-01-08&end_date=2026-04-08&page=1&page_size=10 HTTP/1.1" 200 7652
[08/Apr/2026 04:29:30] "GET /datatable/po/list/?start_date=2026-01-08&end_date=2026-04-08&page=1&page_size=10 HTTP/1.1" 200 7652
[08/Apr/2026 04:30:00] "GET /datatable/po/list/?start_date=2026-01-08&end_date=2026-04-08&page=1&page_size=10 HTTP/1.1" 200 7652
[08/Apr/2026 04:30:30] "GET /datatable/po/list/?start_date=2026-01-08&end_date=2026-04-08&page=1&page_size=10 HTTP/1.1" 200 7652
[08/Apr/2026 04:31:00] "GET /datatable/po/list/?start_date=2026-01-08&end_date=2026-04-08&page=1&page_size=10 HTTP/1.1" 200 7652
[08/Apr/2026 04:31:30] "GET /datatable/po/list/?start_date=2026-01-08&end_date=2026-04-08&page=1&page_size=10 HTTP/1.1" 200 7652
[08/Apr/2026 04:32:00] "GET /datatable/po/list/?start_date=2026-01-08&end_date=2026-04-08&page=1&page_size=10 HTTP/1.1" 200 7652
[08/Apr/2026 04:32:30] "GET /datatable/po/list/?start_date=2026-01-08&end_date=2026-04-08&page=1&page_size=10 HTTP/1.1" 200 7652
[08/Apr/2026 04:33:00] "GET /datatable/po/list/?start_date=2026-01-08&end_date=2026-04-08&page=1&page_size=10 HTTP/1.1" 200 7652
[08/Apr/2026 04:33:30] "GET /datatable/po/list/?start_date=2026-01-08&end_date=2026-04-08&page=1&page_size=10 HTTP/1.1" 200 7652
[08/Apr/2026 04:34:00] "GET /datatable/po/list/?start_date=2026-01-08&end_date=2026-04-08&page=1&page_size=10 HTTP/1.1" 200 7652
[08/Apr/2026 04:34:30] "GET /datatable/po/list/?start_date=2026-01-08&end_date=2026-04-08&page=1&page_size=10 HTTP/1.1" 200 7652
[08/Apr/2026 04:35:00] "GET /datatable/po/list/?start_date=2026-01-08&end_date=2026-04-08&page=1&page_size=10 HTTP/1.1" 200 7652
[08/Apr/2026 04:35:30] "GET /datatable/po/list/?start_date=2026-01-08&end_date=2026-04-08&page=1&page_size=10 HTTP/1.1" 200 7652
[08/Apr/2026 04:36:00] "GET /datatable/po/list/?start_date=2026-01-08&end_date=2026-04-08&page=1&page_size=10 HTTP/1.1" 200 7652
[08/Apr/2026 04:36:30] "GET /datatable/po/list/?start_date=2026-01-08&end_date=2026-04-08&page=1&page_size=10 HTTP/1.1" 200 7652
[08/Apr/2026 04:37:00] "GET /datatable/po/list/?start_date=2026-01-08&end_date=2026-04-08&page=1&page_size=10 HTTP/1.1" 200 7652
[08/Apr/2026 04:37:30] "GET /datatable/po/list/?start_date=2026-01-08&end_date=2026-04-08&page=1&page_size=10 HTTP/1.1" 200 7652
[08/Apr/2026 04:38:00] "GET /datatable/po/list/?start_date=2026-01-08&end_date=2026-04-08&page=1&page_size=10 HTTP/1.1" 200 7652
[08/Apr/2026 04:38:30] "GET /datatable/po/list/?start_date=2026-01-08&end_date=2026-04-08&page=1&page_size=10 HTTP/1.1" 200 7652
[08/Apr/2026 04:39:00] "GET /datatable/po/list/?start_date=2026-01-08&end_date=2026-04-08&page=1&page_size=10 HTTP/1.1" 200 7652
[08/Apr/2026 04:39:30] "GET /datatable/po/list/?start_date=2026-01-08&end_date=2026-04-08&page=1&page_size=10 HTTP/1.1" 200 7652
[08/Apr/2026 04:40:00] "GET /datatable/po/list/?start_date=2026-01-08&end_date=2026-04-08&page=1&page_size=10 HTTP/1.1" 200 7652
[08/Apr/2026 04:40:30] "GET /datatable/po/list/?start_date=2026-01-08&end_date=2026-04-08&page=1&page_size=10 HTTP/1.1" 200 7652
[08/Apr/2026 04:41:00] "GET /datatable/po/list/?start_date=2026-01-08&end_date=2026-04-08&page=1&page_size=10 HTTP/1.1" 200 7652
[08/Apr/2026 04:41:30] "GET /datatable/po/list/?start_date=2026-01-08&end_date=2026-04-08&page=1&page_size=10 HTTP/1.1" 200 7652
[08/Apr/2026 04:42:00] "GET /datatable/po/list/?start_date=2026-01-08&end_date=2026-04-08&page=1&page_size=10 HTTP/1.1" 200 7652
[08/Apr/2026 04:42:30] "GET /datatable/po/list/?start_date=2026-01-08&end_date=2026-04-08&page=1&page_size=10 HTTP/1.1" 200 7652
[08/Apr/2026 04:43:00] "GET /datatable/po/list/?start_date=2026-01-08&end_date=2026-04-08&page=1&page_size=10 HTTP/1.1" 200 7652
[08/Apr/2026 04:43:30] "GET /datatable/po/list/?start_date=2026-01-08&end_date=2026-04-08&page=1&page_size=10 HTTP/1.1" 200 7652
[08/Apr/2026 04:44:00] "GET /datatable/po/list/?start_date=2026-01-08&end_date=2026-04-08&page=1&page_size=10 HTTP/1.1" 200 7652
[08/Apr/2026 04:44:30] "GET /datatable/po/list/?start_date=2026-01-08&end_date=2026-04-08&page=1&page_size=10 HTTP/1.1" 200 7652
[08/Apr/2026 04:45:00] "GET /datatable/po/list/?start_date=2026-01-08&end_date=2026-04-08&page=1&page_size=10 HTTP/1.1" 200 7652
[08/Apr/2026 04:45:30] "GET /datatable/po/list/?start_date=2026-01-08&end_date=2026-04-08&page=1&page_size=10 HTTP/1.1" 200 7652
[08/Apr/2026 04:46:00] "GET /datatable/po/list/?start_date=2026-01-08&end_date=2026-04-08&page=1&page_size=10 HTTP/1.1" 200 7652
[08/Apr/2026 04:46:30] "GET /datatable/po/list/?start_date=2026-01-08&end_date=2026-04-08&page=1&page_size=10 HTTP/1.1" 200 7652
[08/Apr/2026 04:47:00] "GET /datatable/po/list/?start_date=2026-01-08&end_date=2026-04-08&page=1&page_size=10 HTTP/1.1" 200 7652
[08/Apr/2026 04:47:30] "GET /datatable/po/list/?start_date=2026-01-08&end_date=2026-04-08&page=1&page_size=10 HTTP/1.1" 200 7652
[08/Apr/2026 04:48:00] "GET /datatable/po/list/?start_date=2026-01-08&end_date=2026-04-08&page=1&page_size=10 HTTP/1.1" 200 7652
[08/Apr/2026 04:48:30] "GET /datatable/po/list/?start_date=2026-01-08&end_date=2026-04-08&page=1&page_size=10 HTTP/1.1" 200 7652
[08/Apr/2026 04:49:00] "GET /datatable/po/list/?start_date=2026-01-08&end_date=2026-04-08&page=1&page_size=10 HTTP/1.1" 200 7652
[08/Apr/2026 04:49:30] "GET /datatable/po/list/?start_date=2026-01-08&end_date=2026-04-08&page=1&page_size=10 HTTP/1.1" 200 7652
[08/Apr/2026 04:50:00] "GET /datatable/po/list/?start_date=2026-01-08&end_date=2026-04-08&page=1&page_size=10 HTTP/1.1" 200 7652
[08/Apr/2026 04:50:30] "GET /datatable/po/list/?start_date=2026-01-08&end_date=2026-04-08&page=1&page_size=10 HTTP/1.1" 200 7652
[08/Apr/2026 04:51:00] "GET /datatable/po/list/?start_date=2026-01-08&end_date=2026-04-08&page=1&page_size=10 HTTP/1.1" 200 7652
[08/Apr/2026 04:51:30] "GET /datatable/po/list/?start_date=2026-01-08&end_date=2026-04-08&page=1&page_size=10 HTTP/1.1" 200 7652
[08/Apr/2026 04:52:00] "GET /datatable/po/list/?start_date=2026-01-08&end_date=2026-04-08&page=1&page_size=10 HTTP/1.1" 200 7652
[08/Apr/2026 04:52:30] "GET /datatable/po/list/?start_date=2026-01-08&end_date=2026-04-08&page=1&page_size=10 HTTP/1.1" 200 7652
[08/Apr/2026 04:53:00] "GET /datatable/po/list/?start_date=2026-01-08&end_date=2026-04-08&page=1&page_size=10 HTTP/1.1" 200 7652
[08/Apr/2026 04:53:30] "GET /datatable/po/list/?start_date=2026-01-08&end_date=2026-04-08&page=1&page_size=10 HTTP/1.1" 200 7652
[08/Apr/2026 04:54:00] "GET /datatable/po/list/?start_date=2026-01-08&end_date=2026-04-08&page=1&page_size=10 HTTP/1.1" 200 7652
[08/Apr/2026 04:54:30] "GET /datatable/po/list/?start_date=2026-01-08&end_date=2026-04-08&page=1&page_size=10 HTTP/1.1" 200 7652
[08/Apr/2026 04:55:00] "GET /datatable/po/list/?start_date=2026-01-08&end_date=2026-04-08&page=1&page_size=10 HTTP/1.1" 200 7652
[08/Apr/2026 04:55:30] "GET /datatable/po/list/?start_date=2026-01-08&end_date=2026-04-08&page=1&page_size=10 HTTP/1.1" 200 7652
[08/Apr/2026 04:56:00] "GET /datatable/po/list/?start_date=2026-01-08&end_date=2026-04-08&page=1&page_size=10 HTTP/1.1" 200 7652
[08/Apr/2026 04:56:30] "GET /datatable/po/list/?start_date=2026-01-08&end_date=2026-04-08&page=1&page_size=10 HTTP/1.1" 200 7652
[08/Apr/2026 04:57:00] "GET /datatable/po/list/?start_date=2026-01-08&end_date=2026-04-08&page=1&page_size=10 HTTP/1.1" 200 7652
[08/Apr/2026 04:57:30] "GET /datatable/po/list/?start_date=2026-01-08&end_date=2026-04-08&page=1&page_size=10 HTTP/1.1" 200 7652
[08/Apr/2026 04:58:00] "GET /datatable/po/list/?start_date=2026-01-08&end_date=2026-04-08&page=1&page_size=10 HTTP/1.1" 200 7652
[08/Apr/2026 04:58:30] "GET /datatable/po/list/?start_date=2026-01-08&end_date=2026-04-08&page=1&page_size=10 HTTP/1.1" 200 7652
[08/Apr/2026 04:59:00] "GET /datatable/po/list/?start_date=2026-01-08&end_date=2026-04-08&page=1&page_size=10 HTTP/1.1" 200 7652
[08/Apr/2026 04:59:30] "GET /datatable/po/list/?start_date=2026-01-08&end_date=2026-04-08&page=1&page_size=10 HTTP/1.1" 200 7652
[08/Apr/2026 05:00:00] "GET /datatable/po/list/?start_date=2026-01-08&end_date=2026-04-08&page=1&page_size=10 HTTP/1.1" 200 7652
[08/Apr/2026 05:00:30] "GET /datatable/po/list/?start_date=2026-01-08&end_date=2026-04-08&page=1&page_size=10 HTTP/1.1" 200 7652
[08/Apr/2026 05:01:00] "GET /datatable/po/list/?start_date=2026-01-08&end_date=2026-04-08&page=1&page_size=10 HTTP/1.1" 200 7652
[08/Apr/2026 05:01:30] "OPTIONS /datatable/po/list/?start_date=2026-01-08&end_date=2026-04-08&page=1&page_size=10 HTTP/1.1" 200 0
[08/Apr/2026 05:01:30] "GET /datatable/po/list/?start_date=2026-01-08&end_date=2026-04-08&page=1&page_size=10 HTTP/1.1" 200 7652
[08/Apr/2026 05:02:00] "GET /datatable/po/list/?start_date=2026-01-08&end_date=2026-04-08&page=1&page_size=10 HTTP/1.1" 200 7652
[08/Apr/2026 05:02:30] "GET /datatable/po/list/?start_date=2026-01-08&end_date=2026-04-08&page=1&page_size=10 HTTP/1.1" 200 7652
[08/Apr/2026 05:03:00] "GET /datatable/po/list/?start_date=2026-01-08&end_date=2026-04-08&page=1&page_size=10 HTTP/1.1" 200 7652
[08/Apr/2026 05:03:30] "GET /datatable/po/list/?start_date=2026-01-08&end_date=2026-04-08&page=1&page_size=10 HTTP/1.1" 200 7652
[08/Apr/2026 05:04:00] "GET /datatable/po/list/?start_date=2026-01-08&end_date=2026-04-08&page=1&page_size=10 HTTP/1.1" 200 7652
[08/Apr/2026 05:04:30] "GET /datatable/po/list/?start_date=2026-01-08&end_date=2026-04-08&page=1&page_size=10 HTTP/1.1" 200 7652
[08/Apr/2026 05:05:00] "GET /datatable/po/list/?start_date=2026-01-08&end_date=2026-04-08&page=1&page_size=10 HTTP/1.1" 200 7652
[08/Apr/2026 05:05:30] "GET /datatable/po/list/?start_date=2026-01-08&end_date=2026-04-08&page=1&page_size=10 HTTP/1.1" 200 7652
[08/Apr/2026 05:06:00] "GET /datatable/po/list/?start_date=2026-01-08&end_date=2026-04-08&page=1&page_size=10 HTTP/1.1" 200 7652
[08/Apr/2026 05:06:30] "GET /datatable/po/list/?start_date=2026-01-08&end_date=2026-04-08&page=1&page_size=10 HTTP/1.1" 200 7652
[08/Apr/2026 05:07:00] "GET /datatable/po/list/?start_date=2026-01-08&end_date=2026-04-08&page=1&page_size=10 HTTP/1.1" 200 7652
[08/Apr/2026 05:07:30] "GET /datatable/po/list/?start_date=2026-01-08&end_date=2026-04-08&page=1&page_size=10 HTTP/1.1" 200 7652
[08/Apr/2026 05:08:00] "GET /datatable/po/list/?start_date=2026-01-08&end_date=2026-04-08&page=1&page_size=10 HTTP/1.1" 200 7652
[08/Apr/2026 05:08:30] "GET /datatable/po/list/?start_date=2026-01-08&end_date=2026-04-08&page=1&page_size=10 HTTP/1.1" 200 7652
[08/Apr/2026 05:09:00] "GET /datatable/po/list/?start_date=2026-01-08&end_date=2026-04-08&page=1&page_size=10 HTTP/1.1" 200 7652
[08/Apr/2026 05:09:30] "GET /datatable/po/list/?start_date=2026-01-08&end_date=2026-04-08&page=1&page_size=10 HTTP/1.1" 200 7652
[08/Apr/2026 05:10:00] "GET /datatable/po/list/?start_date=2026-01-08&end_date=2026-04-08&page=1&page_size=10 HTTP/1.1" 200 7652
[08/Apr/2026 05:10:30] "GET /datatable/po/list/?start_date=2026-01-08&end_date=2026-04-08&page=1&page_size=10 HTTP/1.1" 200 7652
[08/Apr/2026 05:11:00] "GET /datatable/po/list/?start_date=2026-01-08&end_date=2026-04-08&page=1&page_size=10 HTTP/1.1" 200 7652
[08/Apr/2026 05:11:30] "GET /datatable/po/list/?start_date=2026-01-08&end_date=2026-04-08&page=1&page_size=10 HTTP/1.1" 200 7652
[08/Apr/2026 05:12:00] "GET /datatable/po/list/?start_date=2026-01-08&end_date=2026-04-08&page=1&page_size=10 HTTP/1.1" 200 7652
[08/Apr/2026 05:12:30] "GET /datatable/po/list/?start_date=2026-01-08&end_date=2026-04-08&page=1&page_size=10 HTTP/1.1" 200 7652
[08/Apr/2026 05:13:00] "GET /datatable/po/list/?start_date=2026-01-08&end_date=2026-04-08&page=1&page_size=10 HTTP/1.1" 200 7652
[08/Apr/2026 05:13:30] "GET /datatable/po/list/?start_date=2026-01-08&end_date=2026-04-08&page=1&page_size=10 HTTP/1.1" 200 7652
[08/Apr/2026 05:14:00] "GET /datatable/po/list/?start_date=2026-01-08&end_date=2026-04-08&page=1&page_size=10 HTTP/1.1" 200 7652
[08/Apr/2026 05:14:30] "GET /datatable/po/list/?start_date=2026-01-08&end_date=2026-04-08&page=1&page_size=10 HTTP/1.1" 200 7652
[08/Apr/2026 05:15:00] "GET /datatable/po/list/?start_date=2026-01-08&end_date=2026-04-08&page=1&page_size=10 HTTP/1.1" 200 7652
[08/Apr/2026 05:15:30] "GET /datatable/po/list/?start_date=2026-01-08&end_date=2026-04-08&page=1&page_size=10 HTTP/1.1" 200 7652
[08/Apr/2026 05:16:00] "GET /datatable/po/list/?start_date=2026-01-08&end_date=2026-04-08&page=1&page_size=10 HTTP/1.1" 200 7652
[08/Apr/2026 05:16:30] "GET /datatable/po/list/?start_date=2026-01-08&end_date=2026-04-08&page=1&page_size=10 HTTP/1.1" 200 7652
[08/Apr/2026 05:17:00] "GET /datatable/po/list/?start_date=2026-01-08&end_date=2026-04-08&page=1&page_size=10 HTTP/1.1" 200 7652
[08/Apr/2026 05:17:30] "GET /datatable/po/list/?start_date=2026-01-08&end_date=2026-04-08&page=1&page_size=10 HTTP/1.1" 200 7652
[08/Apr/2026 05:18:00] "GET /datatable/po/list/?start_date=2026-01-08&end_date=2026-04-08&page=1&page_size=10 HTTP/1.1" 200 7652
[08/Apr/2026 05:18:30] "GET /datatable/po/list/?start_date=2026-01-08&end_date=2026-04-08&page=1&page_size=10 HTTP/1.1" 200 7652
[08/Apr/2026 05:19:00] "GET /datatable/po/list/?start_date=2026-01-08&end_date=2026-04-08&page=1&page_size=10 HTTP/1.1" 200 7652
[08/Apr/2026 05:19:30] "GET /datatable/po/list/?start_date=2026-01-08&end_date=2026-04-08&page=1&page_size=10 HTTP/1.1" 200 7652
[08/Apr/2026 05:20:00] "GET /datatable/po/list/?start_date=2026-01-08&end_date=2026-04-08&page=1&page_size=10 HTTP/1.1" 200 7652
[08/Apr/2026 05:20:30] "GET /datatable/po/list/?start_date=2026-01-08&end_date=2026-04-08&page=1&page_size=10 HTTP/1.1" 200 7652
[08/Apr/2026 05:21:00] "GET /datatable/po/list/?start_date=2026-01-08&end_date=2026-04-08&page=1&page_size=10 HTTP/1.1" 200 7652
[08/Apr/2026 05:21:30] "GET /datatable/po/list/?start_date=2026-01-08&end_date=2026-04-08&page=1&page_size=10 HTTP/1.1" 200 7652
[08/Apr/2026 05:22:00] "GET /datatable/po/list/?start_date=2026-01-08&end_date=2026-04-08&page=1&page_size=10 HTTP/1.1" 200 7652
[08/Apr/2026 05:22:30] "GET /datatable/po/list/?start_date=2026-01-08&end_date=2026-04-08&page=1&page_size=10 HTTP/1.1" 200 7652
[08/Apr/2026 05:23:00] "GET /datatable/po/list/?start_date=2026-01-08&end_date=2026-04-08&page=1&page_size=10 HTTP/1.1" 200 7652
[08/Apr/2026 05:23:30] "GET /datatable/po/list/?start_date=2026-01-08&end_date=2026-04-08&page=1&page_size=10 HTTP/1.1" 200 7652
[08/Apr/2026 05:24:00] "GET /datatable/po/list/?start_date=2026-01-08&end_date=2026-04-08&page=1&page_size=10 HTTP/1.1" 200 7652
[08/Apr/2026 05:24:30] "GET /datatable/po/list/?start_date=2026-01-08&end_date=2026-04-08&page=1&page_size=10 HTTP/1.1" 200 7652
[08/Apr/2026 05:25:00] "GET /datatable/po/list/?start_date=2026-01-08&end_date=2026-04-08&page=1&page_size=10 HTTP/1.1" 200 7652
[08/Apr/2026 05:25:30] "GET /datatable/po/list/?start_date=2026-01-08&end_date=2026-04-08&page=1&page_size=10 HTTP/1.1" 200 7652
[08/Apr/2026 05:26:00] "GET /datatable/po/list/?start_date=2026-01-08&end_date=2026-04-08&page=1&page_size=10 HTTP/1.1" 200 7652
[08/Apr/2026 05:26:30] "GET /datatable/po/list/?start_date=2026-01-08&end_date=2026-04-08&page=1&page_size=10 HTTP/1.1" 200 7652
[08/Apr/2026 05:27:00] "GET /datatable/po/list/?start_date=2026-01-08&end_date=2026-04-08&page=1&page_size=10 HTTP/1.1" 200 7652
[08/Apr/2026 05:27:30] "GET /datatable/po/list/?start_date=2026-01-08&end_date=2026-04-08&page=1&page_size=10 HTTP/1.1" 200 7652
[08/Apr/2026 05:28:00] "GET /datatable/po/list/?start_date=2026-01-08&end_date=2026-04-08&page=1&page_size=10 HTTP/1.1" 200 7652
[08/Apr/2026 05:28:30] "GET /datatable/po/list/?start_date=2026-01-08&end_date=2026-04-08&page=1&page_size=10 HTTP/1.1" 200 7652
[08/Apr/2026 05:29:00] "GET /datatable/po/list/?start_date=2026-01-08&end_date=2026-04-08&page=1&page_size=10 HTTP/1.1" 200 7652
[08/Apr/2026 05:29:30] "GET /datatable/po/list/?start_date=2026-01-08&end_date=2026-04-08&page=1&page_size=10 HTTP/1.1" 200 7652
[08/Apr/2026 05:30:00] "GET /datatable/po/list/?start_date=2026-01-08&end_date=2026-04-08&page=1&page_size=10 HTTP/1.1" 200 7652
[08/Apr/2026 05:30:30] "GET /datatable/po/list/?start_date=2026-01-08&end_date=2026-04-08&page=1&page_size=10 HTTP/1.1" 200 7652
[08/Apr/2026 05:31:00] "GET /datatable/po/list/?start_date=2026-01-08&end_date=2026-04-08&page=1&page_size=10 HTTP/1.1" 200 7652
[08/Apr/2026 05:31:30] "GET /datatable/po/list/?start_date=2026-01-08&end_date=2026-04-08&page=1&page_size=10 HTTP/1.1" 200 7652
[08/Apr/2026 05:32:00] "GET /datatable/po/list/?start_date=2026-01-08&end_date=2026-04-08&page=1&page_size=10 HTTP/1.1" 200 7652
[08/Apr/2026 05:32:30] "GET /datatable/po/list/?start_date=2026-01-08&end_date=2026-04-08&page=1&page_size=10 HTTP/1.1" 200 7652
[08/Apr/2026 05:33:00] "GET /datatable/po/list/?start_date=2026-01-08&end_date=2026-04-08&page=1&page_size=10 HTTP/1.1" 200 7652
[08/Apr/2026 05:33:30] "GET /datatable/po/list/?start_date=2026-01-08&end_date=2026-04-08&page=1&page_size=10 HTTP/1.1" 200 7652
[08/Apr/2026 05:34:00] "GET /datatable/po/list/?start_date=2026-01-08&end_date=2026-04-08&page=1&page_size=10 HTTP/1.1" 200 7652
[08/Apr/2026 05:34:30] "GET /datatable/po/list/?start_date=2026-01-08&end_date=2026-04-08&page=1&page_size=10 HTTP/1.1" 200 7652
[08/Apr/2026 05:35:00] "GET /datatable/po/list/?start_date=2026-01-08&end_date=2026-04-08&page=1&page_size=10 HTTP/1.1" 200 7652
[08/Apr/2026 05:35:30] "GET /datatable/po/list/?start_date=2026-01-08&end_date=2026-04-08&page=1&page_size=10 HTTP/1.1" 200 7652
[08/Apr/2026 05:36:00] "GET /datatable/po/list/?start_date=2026-01-08&end_date=2026-04-08&page=1&page_size=10 HTTP/1.1" 200 7652
[08/Apr/2026 05:36:30] "GET /datatable/po/list/?start_date=2026-01-08&end_date=2026-04-08&page=1&page_size=10 HTTP/1.1" 200 7652
[08/Apr/2026 05:37:00] "GET /datatable/po/list/?start_date=2026-01-08&end_date=2026-04-08&page=1&page_size=10 HTTP/1.1" 200 7652
[08/Apr/2026 05:37:30] "GET /datatable/po/list/?start_date=2026-01-08&end_date=2026-04-08&page=1&page_size=10 HTTP/1.1" 200 7652
[08/Apr/2026 05:38:00] "GET /datatable/po/list/?start_date=2026-01-08&end_date=2026-04-08&page=1&page_size=10 HTTP/1.1" 200 7652
[08/Apr/2026 05:38:30] "GET /datatable/po/list/?start_date=2026-01-08&end_date=2026-04-08&page=1&page_size=10 HTTP/1.1" 200 7652
[08/Apr/2026 05:39:00] "GET /datatable/po/list/?start_date=2026-01-08&end_date=2026-04-08&page=1&page_size=10 HTTP/1.1" 200 7652
[08/Apr/2026 05:39:30] "GET /datatable/po/list/?start_date=2026-01-08&end_date=2026-04-08&page=1&page_size=10 HTTP/1.1" 200 7652
[08/Apr/2026 05:40:00] "GET /datatable/po/list/?start_date=2026-01-08&end_date=2026-04-08&page=1&page_size=10 HTTP/1.1" 200 7652
[08/Apr/2026 05:40:30] "GET /datatable/po/list/?start_date=2026-01-08&end_date=2026-04-08&page=1&page_size=10 HTTP/1.1" 200 7652
[08/Apr/2026 05:41:00] "GET /datatable/po/list/?start_date=2026-01-08&end_date=2026-04-08&page=1&page_size=10 HTTP/1.1" 200 7652
[08/Apr/2026 05:41:30] "GET /datatable/po/list/?start_date=2026-01-08&end_date=2026-04-08&page=1&page_size=10 HTTP/1.1" 200 7652
[08/Apr/2026 05:42:00] "GET /datatable/po/list/?start_date=2026-01-08&end_date=2026-04-08&page=1&page_size=10 HTTP/1.1" 200 7652
[08/Apr/2026 05:42:30] "GET /datatable/po/list/?start_date=2026-01-08&end_date=2026-04-08&page=1&page_size=10 HTTP/1.1" 200 7652
[08/Apr/2026 05:43:00] "GET /datatable/po/list/?start_date=2026-01-08&end_date=2026-04-08&page=1&page_size=10 HTTP/1.1" 200 7652
[08/Apr/2026 05:43:30] "GET /datatable/po/list/?start_date=2026-01-08&end_date=2026-04-08&page=1&page_size=10 HTTP/1.1" 200 7652
[08/Apr/2026 05:44:00] "GET /datatable/po/list/?start_date=2026-01-08&end_date=2026-04-08&page=1&page_size=10 HTTP/1.1" 200 7652
[08/Apr/2026 05:44:30] "GET /datatable/po/list/?start_date=2026-01-08&end_date=2026-04-08&page=1&page_size=10 HTTP/1.1" 200 7652
[08/Apr/2026 05:45:00] "GET /datatable/po/list/?start_date=2026-01-08&end_date=2026-04-08&page=1&page_size=10 HTTP/1.1" 200 7652
[08/Apr/2026 05:45:30] "GET /datatable/po/list/?start_date=2026-01-08&end_date=2026-04-08&page=1&page_size=10 HTTP/1.1" 200 7652
[08/Apr/2026 05:46:00] "GET /datatable/po/list/?start_date=2026-01-08&end_date=2026-04-08&page=1&page_size=10 HTTP/1.1" 200 7652
[08/Apr/2026 05:46:30] "GET /datatable/po/list/?start_date=2026-01-08&end_date=2026-04-08&page=1&page_size=10 HTTP/1.1" 200 7652
[08/Apr/2026 05:47:00] "GET /datatable/po/list/?start_date=2026-01-08&end_date=2026-04-08&page=1&page_size=10 HTTP/1.1" 200 7652
[08/Apr/2026 05:47:30] "GET /datatable/po/list/?start_date=2026-01-08&end_date=2026-04-08&page=1&page_size=10 HTTP/1.1" 200 7652
[08/Apr/2026 05:48:00] "GET /datatable/po/list/?start_date=2026-01-08&end_date=2026-04-08&page=1&page_size=10 HTTP/1.1" 200 7652
[08/Apr/2026 05:48:30] "GET /datatable/po/list/?start_date=2026-01-08&end_date=2026-04-08&page=1&page_size=10 HTTP/1.1" 200 7652
[08/Apr/2026 05:49:00] "GET /datatable/po/list/?start_date=2026-01-08&end_date=2026-04-08&page=1&page_size=10 HTTP/1.1" 200 7652
[08/Apr/2026 05:49:30] "GET /datatable/po/list/?start_date=2026-01-08&end_date=2026-04-08&page=1&page_size=10 HTTP/1.1" 200 7652
[08/Apr/2026 05:50:00] "GET /datatable/po/list/?start_date=2026-01-08&end_date=2026-04-08&page=1&page_size=10 HTTP/1.1" 200 7652
[08/Apr/2026 05:50:30] "GET /datatable/po/list/?start_date=2026-01-08&end_date=2026-04-08&page=1&page_size=10 HTTP/1.1" 200 7652
[08/Apr/2026 05:51:00] "GET /datatable/po/list/?start_date=2026-01-08&end_date=2026-04-08&page=1&page_size=10 HTTP/1.1" 200 7652
[08/Apr/2026 05:51:30] "GET /datatable/po/list/?start_date=2026-01-08&end_date=2026-04-08&page=1&page_size=10 HTTP/1.1" 200 7652
[08/Apr/2026 05:52:00] "GET /datatable/po/list/?start_date=2026-01-08&end_date=2026-04-08&page=1&page_size=10 HTTP/1.1" 200 7652
[08/Apr/2026 05:52:30] "GET /datatable/po/list/?start_date=2026-01-08&end_date=2026-04-08&page=1&page_size=10 HTTP/1.1" 200 7652
[08/Apr/2026 05:53:00] "GET /datatable/po/list/?start_date=2026-01-08&end_date=2026-04-08&page=1&page_size=10 HTTP/1.1" 200 7652
[08/Apr/2026 05:53:30] "GET /datatable/po/list/?start_date=2026-01-08&end_date=2026-04-08&page=1&page_size=10 HTTP/1.1" 200 7652
[08/Apr/2026 05:54:00] "GET /datatable/po/list/?start_date=2026-01-08&end_date=2026-04-08&page=1&page_size=10 HTTP/1.1" 200 7652
[08/Apr/2026 05:54:30] "GET /datatable/po/list/?start_date=2026-01-08&end_date=2026-04-08&page=1&page_size=10 HTTP/1.1" 200 7652
[08/Apr/2026 05:55:00] "GET /datatable/po/list/?start_date=2026-01-08&end_date=2026-04-08&page=1&page_size=10 HTTP/1.1" 200 7652
[08/Apr/2026 05:55:30] "GET /datatable/po/list/?start_date=2026-01-08&end_date=2026-04-08&page=1&page_size=10 HTTP/1.1" 200 7652
[08/Apr/2026 05:56:00] "GET /datatable/po/list/?start_date=2026-01-08&end_date=2026-04-08&page=1&page_size=10 HTTP/1.1" 200 7652
[08/Apr/2026 05:56:30] "GET /datatable/po/list/?start_date=2026-01-08&end_date=2026-04-08&page=1&page_size=10 HTTP/1.1" 200 7652
[08/Apr/2026 05:57:00] "GET /datatable/po/list/?start_date=2026-01-08&end_date=2026-04-08&page=1&page_size=10 HTTP/1.1" 200 7652
[08/Apr/2026 05:57:30] "GET /datatable/po/list/?start_date=2026-01-08&end_date=2026-04-08&page=1&page_size=10 HTTP/1.1" 200 7652
[08/Apr/2026 05:58:00] "GET /datatable/po/list/?start_date=2026-01-08&end_date=2026-04-08&page=1&page_size=10 HTTP/1.1" 200 7652
[08/Apr/2026 05:58:30] "GET /datatable/po/list/?start_date=2026-01-08&end_date=2026-04-08&page=1&page_size=10 HTTP/1.1" 200 7652
[08/Apr/2026 05:59:00] "GET /datatable/po/list/?start_date=2026-01-08&end_date=2026-04-08&page=1&page_size=10 HTTP/1.1" 200 7652
[08/Apr/2026 05:59:30] "GET /datatable/po/list/?start_date=2026-01-08&end_date=2026-04-08&page=1&page_size=10 HTTP/1.1" 200 7652
[08/Apr/2026 06:00:00] "GET /datatable/po/list/?start_date=2026-01-08&end_date=2026-04-08&page=1&page_size=10 HTTP/1.1" 200 7652
[08/Apr/2026 06:00:30] "GET /datatable/po/list/?start_date=2026-01-08&end_date=2026-04-08&page=1&page_size=10 HTTP/1.1" 200 7652
[08/Apr/2026 06:01:00] "GET /datatable/po/list/?start_date=2026-01-08&end_date=2026-04-08&page=1&page_size=10 HTTP/1.1" 200 7652
[08/Apr/2026 06:01:30] "GET /datatable/po/list/?start_date=2026-01-08&end_date=2026-04-08&page=1&page_size=10 HTTP/1.1" 200 7652
[08/Apr/2026 06:02:00] "GET /datatable/po/list/?start_date=2026-01-08&end_date=2026-04-08&page=1&page_size=10 HTTP/1.1" 200 7652
[08/Apr/2026 06:02:30] "GET /datatable/po/list/?start_date=2026-01-08&end_date=2026-04-08&page=1&page_size=10 HTTP/1.1" 200 7652
[08/Apr/2026 06:03:00] "GET /datatable/po/list/?start_date=2026-01-08&end_date=2026-04-08&page=1&page_size=10 HTTP/1.1" 200 7652
[08/Apr/2026 06:03:30] "GET /datatable/po/list/?start_date=2026-01-08&end_date=2026-04-08&page=1&page_size=10 HTTP/1.1" 200 7652
[08/Apr/2026 06:04:00] "GET /datatable/po/list/?start_date=2026-01-08&end_date=2026-04-08&page=1&page_size=10 HTTP/1.1" 200 7652
[08/Apr/2026 06:04:30] "GET /datatable/po/list/?start_date=2026-01-08&end_date=2026-04-08&page=1&page_size=10 HTTP/1.1" 200 7652
[08/Apr/2026 06:05:00] "GET /datatable/po/list/?start_date=2026-01-08&end_date=2026-04-08&page=1&page_size=10 HTTP/1.1" 200 7652
[08/Apr/2026 06:05:30] "GET /datatable/po/list/?start_date=2026-01-08&end_date=2026-04-08&page=1&page_size=10 HTTP/1.1" 200 7652
[08/Apr/2026 06:06:00] "GET /datatable/po/list/?start_date=2026-01-08&end_date=2026-04-08&page=1&page_size=10 HTTP/1.1" 200 7652
[08/Apr/2026 06:06:30] "GET /datatable/po/list/?start_date=2026-01-08&end_date=2026-04-08&page=1&page_size=10 HTTP/1.1" 200 7652
[08/Apr/2026 06:07:00] "GET /datatable/po/list/?start_date=2026-01-08&end_date=2026-04-08&page=1&page_size=10 HTTP/1.1" 200 7652
[08/Apr/2026 06:07:30] "GET /datatable/po/list/?start_date=2026-01-08&end_date=2026-04-08&page=1&page_size=10 HTTP/1.1" 200 7652
[08/Apr/2026 06:08:00] "GET /datatable/po/list/?start_date=2026-01-08&end_date=2026-04-08&page=1&page_size=10 HTTP/1.1" 200 7652
[08/Apr/2026 06:08:30] "GET /datatable/po/list/?start_date=2026-01-08&end_date=2026-04-08&page=1&page_size=10 HTTP/1.1" 200 7652
[08/Apr/2026 06:09:00] "GET /datatable/po/list/?start_date=2026-01-08&end_date=2026-04-08&page=1&page_size=10 HTTP/1.1" 200 7652
[08/Apr/2026 06:09:30] "GET /datatable/po/list/?start_date=2026-01-08&end_date=2026-04-08&page=1&page_size=10 HTTP/1.1" 200 7652
[08/Apr/2026 06:10:00] "GET /datatable/po/list/?start_date=2026-01-08&end_date=2026-04-08&page=1&page_size=10 HTTP/1.1" 200 7652
[08/Apr/2026 06:10:30] "GET /datatable/po/list/?start_date=2026-01-08&end_date=2026-04-08&page=1&page_size=10 HTTP/1.1" 200 7652
[08/Apr/2026 06:11:00] "GET /datatable/po/list/?start_date=2026-01-08&end_date=2026-04-08&page=1&page_size=10 HTTP/1.1" 200 7652
[08/Apr/2026 06:11:30] "GET /datatable/po/list/?start_date=2026-01-08&end_date=2026-04-08&page=1&page_size=10 HTTP/1.1" 200 7652
[08/Apr/2026 06:12:00] "GET /datatable/po/list/?start_date=2026-01-08&end_date=2026-04-08&page=1&page_size=10 HTTP/1.1" 200 7652
[08/Apr/2026 06:12:30] "GET /datatable/po/list/?start_date=2026-01-08&end_date=2026-04-08&page=1&page_size=10 HTTP/1.1" 200 7652
[08/Apr/2026 06:13:00] "GET /datatable/po/list/?start_date=2026-01-08&end_date=2026-04-08&page=1&page_size=10 HTTP/1.1" 200 7652
[08/Apr/2026 06:13:30] "GET /datatable/po/list/?start_date=2026-01-08&end_date=2026-04-08&page=1&page_size=10 HTTP/1.1" 200 7652
[08/Apr/2026 06:14:00] "GET /datatable/po/list/?start_date=2026-01-08&end_date=2026-04-08&page=1&page_size=10 HTTP/1.1" 200 7652
[08/Apr/2026 06:14:30] "GET /datatable/po/list/?start_date=2026-01-08&end_date=2026-04-08&page=1&page_size=10 HTTP/1.1" 200 7652
[08/Apr/2026 06:15:00] "GET /datatable/po/list/?start_date=2026-01-08&end_date=2026-04-08&page=1&page_size=10 HTTP/1.1" 200 7652
[08/Apr/2026 06:15:30] "GET /datatable/po/list/?start_date=2026-01-08&end_date=2026-04-08&page=1&page_size=10 HTTP/1.1" 200 7652
[08/Apr/2026 06:16:00] "GET /datatable/po/list/?start_date=2026-01-08&end_date=2026-04-08&page=1&page_size=10 HTTP/1.1" 200 7652
[08/Apr/2026 06:16:30] "GET /datatable/po/list/?start_date=2026-01-08&end_date=2026-04-08&page=1&page_size=10 HTTP/1.1" 200 7652
[08/Apr/2026 06:17:00] "GET /datatable/po/list/?start_date=2026-01-08&end_date=2026-04-08&page=1&page_size=10 HTTP/1.1" 200 7652
[08/Apr/2026 06:17:30] "GET /datatable/po/list/?start_date=2026-01-08&end_date=2026-04-08&page=1&page_size=10 HTTP/1.1" 200 7652
[08/Apr/2026 06:18:00] "GET /datatable/po/list/?start_date=2026-01-08&end_date=2026-04-08&page=1&page_size=10 HTTP/1.1" 200 7652
[08/Apr/2026 06:18:30] "GET /datatable/po/list/?start_date=2026-01-08&end_date=2026-04-08&page=1&page_size=10 HTTP/1.1" 200 7652
[08/Apr/2026 06:19:00] "GET /datatable/po/list/?start_date=2026-01-08&end_date=2026-04-08&page=1&page_size=10 HTTP/1.1" 200 7652
[08/Apr/2026 06:19:30] "GET /datatable/po/list/?start_date=2026-01-08&end_date=2026-04-08&page=1&page_size=10 HTTP/1.1" 200 7652
[08/Apr/2026 06:20:00] "GET /datatable/po/list/?start_date=2026-01-08&end_date=2026-04-08&page=1&page_size=10 HTTP/1.1" 200 7652
[08/Apr/2026 06:20:30] "GET /datatable/po/list/?start_date=2026-01-08&end_date=2026-04-08&page=1&page_size=10 HTTP/1.1" 200 7652
[08/Apr/2026 06:21:00] "GET /datatable/po/list/?start_date=2026-01-08&end_date=2026-04-08&page=1&page_size=10 HTTP/1.1" 200 7652
[08/Apr/2026 06:21:30] "GET /datatable/po/list/?start_date=2026-01-08&end_date=2026-04-08&page=1&page_size=10 HTTP/1.1" 200 7652
[08/Apr/2026 06:22:00] "GET /datatable/po/list/?start_date=2026-01-08&end_date=2026-04-08&page=1&page_size=10 HTTP/1.1" 200 7652
[08/Apr/2026 06:22:30] "GET /datatable/po/list/?start_date=2026-01-08&end_date=2026-04-08&page=1&page_size=10 HTTP/1.1" 200 7652
[08/Apr/2026 06:23:00] "GET /datatable/po/list/?start_date=2026-01-08&end_date=2026-04-08&page=1&page_size=10 HTTP/1.1" 200 7652
[08/Apr/2026 06:23:30] "GET /datatable/po/list/?start_date=2026-01-08&end_date=2026-04-08&page=1&page_size=10 HTTP/1.1" 200 7652
[08/Apr/2026 06:24:00] "GET /datatable/po/list/?start_date=2026-01-08&end_date=2026-04-08&page=1&page_size=10 HTTP/1.1" 200 7652
[08/Apr/2026 06:24:30] "GET /datatable/po/list/?start_date=2026-01-08&end_date=2026-04-08&page=1&page_size=10 HTTP/1.1" 200 7652
[08/Apr/2026 06:25:00] "GET /datatable/po/list/?start_date=2026-01-08&end_date=2026-04-08&page=1&page_size=10 HTTP/1.1" 200 7652
[08/Apr/2026 06:25:30] "GET /datatable/po/list/?start_date=2026-01-08&end_date=2026-04-08&page=1&page_size=10 HTTP/1.1" 200 7652
[08/Apr/2026 06:26:00] "GET /datatable/po/list/?start_date=2026-01-08&end_date=2026-04-08&page=1&page_size=10 HTTP/1.1" 200 7652
[08/Apr/2026 06:26:30] "GET /datatable/po/list/?start_date=2026-01-08&end_date=2026-04-08&page=1&page_size=10 HTTP/1.1" 200 7652
[08/Apr/2026 06:27:00] "GET /datatable/po/list/?start_date=2026-01-08&end_date=2026-04-08&page=1&page_size=10 HTTP/1.1" 200 7652
[08/Apr/2026 06:27:30] "GET /datatable/po/list/?start_date=2026-01-08&end_date=2026-04-08&page=1&page_size=10 HTTP/1.1" 200 7652
[08/Apr/2026 06:28:00] "GET /datatable/po/list/?start_date=2026-01-08&end_date=2026-04-08&page=1&page_size=10 HTTP/1.1" 200 7652
[08/Apr/2026 06:28:30] "GET /datatable/po/list/?start_date=2026-01-08&end_date=2026-04-08&page=1&page_size=10 HTTP/1.1" 200 7652
[08/Apr/2026 06:29:00] "GET /datatable/po/list/?start_date=2026-01-08&end_date=2026-04-08&page=1&page_size=10 HTTP/1.1" 200 7652
[08/Apr/2026 06:29:30] "GET /datatable/po/list/?start_date=2026-01-08&end_date=2026-04-08&page=1&page_size=10 HTTP/1.1" 200 7652
[08/Apr/2026 06:30:00] "GET /datatable/po/list/?start_date=2026-01-08&end_date=2026-04-08&page=1&page_size=10 HTTP/1.1" 200 7652
[08/Apr/2026 06:30:30] "GET /datatable/po/list/?start_date=2026-01-08&end_date=2026-04-08&page=1&page_size=10 HTTP/1.1" 200 7652
[08/Apr/2026 06:31:00] "GET /datatable/po/list/?start_date=2026-01-08&end_date=2026-04-08&page=1&page_size=10 HTTP/1.1" 200 7652
[08/Apr/2026 06:31:30] "GET /datatable/po/list/?start_date=2026-01-08&end_date=2026-04-08&page=1&page_size=10 HTTP/1.1" 200 7652
[08/Apr/2026 06:32:00] "GET /datatable/po/list/?start_date=2026-01-08&end_date=2026-04-08&page=1&page_size=10 HTTP/1.1" 200 7652
[08/Apr/2026 06:32:30] "GET /datatable/po/list/?start_date=2026-01-08&end_date=2026-04-08&page=1&page_size=10 HTTP/1.1" 200 7652
[08/Apr/2026 06:33:00] "GET /datatable/po/list/?start_date=2026-01-08&end_date=2026-04-08&page=1&page_size=10 HTTP/1.1" 200 7652
[08/Apr/2026 06:33:30] "GET /datatable/po/list/?start_date=2026-01-08&end_date=2026-04-08&page=1&page_size=10 HTTP/1.1" 200 7652
[08/Apr/2026 06:34:00] "GET /datatable/po/list/?start_date=2026-01-08&end_date=2026-04-08&page=1&page_size=10 HTTP/1.1" 200 7652
[08/Apr/2026 06:34:30] "GET /datatable/po/list/?start_date=2026-01-08&end_date=2026-04-08&page=1&page_size=10 HTTP/1.1" 200 7652
[08/Apr/2026 06:35:00] "GET /datatable/po/list/?start_date=2026-01-08&end_date=2026-04-08&page=1&page_size=10 HTTP/1.1" 200 7652
[08/Apr/2026 06:35:30] "GET /datatable/po/list/?start_date=2026-01-08&end_date=2026-04-08&page=1&page_size=10 HTTP/1.1" 200 7652
[08/Apr/2026 06:36:00] "GET /datatable/po/list/?start_date=2026-01-08&end_date=2026-04-08&page=1&page_size=10 HTTP/1.1" 200 7652
[08/Apr/2026 06:36:30] "GET /datatable/po/list/?start_date=2026-01-08&end_date=2026-04-08&page=1&page_size=10 HTTP/1.1" 200 7652
[08/Apr/2026 06:37:00] "GET /datatable/po/list/?start_date=2026-01-08&end_date=2026-04-08&page=1&page_size=10 HTTP/1.1" 200 7652
[08/Apr/2026 06:37:30] "GET /datatable/po/list/?start_date=2026-01-08&end_date=2026-04-08&page=1&page_size=10 HTTP/1.1" 200 7652
[08/Apr/2026 06:38:00] "GET /datatable/po/list/?start_date=2026-01-08&end_date=2026-04-08&page=1&page_size=10 HTTP/1.1" 200 7652
[08/Apr/2026 06:38:30] "GET /datatable/po/list/?start_date=2026-01-08&end_date=2026-04-08&page=1&page_size=10 HTTP/1.1" 200 7652
[08/Apr/2026 06:39:00] "GET /datatable/po/list/?start_date=2026-01-08&end_date=2026-04-08&page=1&page_size=10 HTTP/1.1" 200 7652
[08/Apr/2026 06:39:30] "GET /datatable/po/list/?start_date=2026-01-08&end_date=2026-04-08&page=1&page_size=10 HTTP/1.1" 200 7652
[08/Apr/2026 06:40:00] "GET /datatable/po/list/?start_date=2026-01-08&end_date=2026-04-08&page=1&page_size=10 HTTP/1.1" 200 7652
[08/Apr/2026 06:40:30] "GET /datatable/po/list/?start_date=2026-01-08&end_date=2026-04-08&page=1&page_size=10 HTTP/1.1" 200 7652
[08/Apr/2026 06:41:00] "GET /datatable/po/list/?start_date=2026-01-08&end_date=2026-04-08&page=1&page_size=10 HTTP/1.1" 200 7652
[08/Apr/2026 06:41:30] "GET /datatable/po/list/?start_date=2026-01-08&end_date=2026-04-08&page=1&page_size=10 HTTP/1.1" 200 7652
[08/Apr/2026 06:42:00] "GET /datatable/po/list/?start_date=2026-01-08&end_date=2026-04-08&page=1&page_size=10 HTTP/1.1" 200 7652
[08/Apr/2026 06:42:30] "GET /datatable/po/list/?start_date=2026-01-08&end_date=2026-04-08&page=1&page_size=10 HTTP/1.1" 200 7652
[08/Apr/2026 06:43:00] "GET /datatable/po/list/?start_date=2026-01-08&end_date=2026-04-08&page=1&page_size=10 HTTP/1.1" 200 7652
[08/Apr/2026 06:43:30] "GET /datatable/po/list/?start_date=2026-01-08&end_date=2026-04-08&page=1&page_size=10 HTTP/1.1" 200 7652
[08/Apr/2026 06:44:00] "GET /datatable/po/list/?start_date=2026-01-08&end_date=2026-04-08&page=1&page_size=10 HTTP/1.1" 200 7652
[08/Apr/2026 06:44:30] "GET /datatable/po/list/?start_date=2026-01-08&end_date=2026-04-08&page=1&page_size=10 HTTP/1.1" 200 7652
[08/Apr/2026 06:45:00] "GET /datatable/po/list/?start_date=2026-01-08&end_date=2026-04-08&page=1&page_size=10 HTTP/1.1" 200 7652
[08/Apr/2026 06:45:30] "GET /datatable/po/list/?start_date=2026-01-08&end_date=2026-04-08&page=1&page_size=10 HTTP/1.1" 200 7652
[08/Apr/2026 06:46:00] "GET /datatable/po/list/?start_date=2026-01-08&end_date=2026-04-08&page=1&page_size=10 HTTP/1.1" 200 7652
[08/Apr/2026 06:46:30] "GET /datatable/po/list/?start_date=2026-01-08&end_date=2026-04-08&page=1&page_size=10 HTTP/1.1" 200 7652
[08/Apr/2026 06:47:00] "GET /datatable/po/list/?start_date=2026-01-08&end_date=2026-04-08&page=1&page_size=10 HTTP/1.1" 200 7652
[08/Apr/2026 06:47:30] "GET /datatable/po/list/?start_date=2026-01-08&end_date=2026-04-08&page=1&page_size=10 HTTP/1.1" 200 7652
[08/Apr/2026 06:48:00] "GET /datatable/po/list/?start_date=2026-01-08&end_date=2026-04-08&page=1&page_size=10 HTTP/1.1" 200 7652
[08/Apr/2026 06:48:30] "GET /datatable/po/list/?start_date=2026-01-08&end_date=2026-04-08&page=1&page_size=10 HTTP/1.1" 200 7652
[08/Apr/2026 06:49:00] "GET /datatable/po/list/?start_date=2026-01-08&end_date=2026-04-08&page=1&page_size=10 HTTP/1.1" 200 7652
[08/Apr/2026 06:49:30] "GET /datatable/po/list/?start_date=2026-01-08&end_date=2026-04-08&page=1&page_size=10 HTTP/1.1" 200 7652
[08/Apr/2026 06:50:00] "GET /datatable/po/list/?start_date=2026-01-08&end_date=2026-04-08&page=1&page_size=10 HTTP/1.1" 200 7652
[08/Apr/2026 06:50:30] "GET /datatable/po/list/?start_date=2026-01-08&end_date=2026-04-08&page=1&page_size=10 HTTP/1.1" 200 7652
[08/Apr/2026 06:51:00] "GET /datatable/po/list/?start_date=2026-01-08&end_date=2026-04-08&page=1&page_size=10 HTTP/1.1" 200 7652
[08/Apr/2026 06:51:30] "GET /datatable/po/list/?start_date=2026-01-08&end_date=2026-04-08&page=1&page_size=10 HTTP/1.1" 200 7652
[08/Apr/2026 06:52:00] "GET /datatable/po/list/?start_date=2026-01-08&end_date=2026-04-08&page=1&page_size=10 HTTP/1.1" 200 7652
[08/Apr/2026 06:52:30] "GET /datatable/po/list/?start_date=2026-01-08&end_date=2026-04-08&page=1&page_size=10 HTTP/1.1" 200 7652
[08/Apr/2026 06:53:00] "GET /datatable/po/list/?start_date=2026-01-08&end_date=2026-04-08&page=1&page_size=10 HTTP/1.1" 200 7652
[08/Apr/2026 06:53:30] "GET /datatable/po/list/?start_date=2026-01-08&end_date=2026-04-08&page=1&page_size=10 HTTP/1.1" 200 7652
[08/Apr/2026 06:54:00] "GET /datatable/po/list/?start_date=2026-01-08&end_date=2026-04-08&page=1&page_size=10 HTTP/1.1" 200 7652
[08/Apr/2026 06:54:30] "GET /datatable/po/list/?start_date=2026-01-08&end_date=2026-04-08&page=1&page_size=10 HTTP/1.1" 200 7652
[08/Apr/2026 06:55:00] "GET /datatable/po/list/?start_date=2026-01-08&end_date=2026-04-08&page=1&page_size=10 HTTP/1.1" 200 7652
[08/Apr/2026 06:55:30] "GET /datatable/po/list/?start_date=2026-01-08&end_date=2026-04-08&page=1&page_size=10 HTTP/1.1" 200 7652
[08/Apr/2026 06:56:00] "GET /datatable/po/list/?start_date=2026-01-08&end_date=2026-04-08&page=1&page_size=10 HTTP/1.1" 200 7652
[08/Apr/2026 06:56:30] "GET /datatable/po/list/?start_date=2026-01-08&end_date=2026-04-08&page=1&page_size=10 HTTP/1.1" 200 7652
[08/Apr/2026 06:57:00] "GET /datatable/po/list/?start_date=2026-01-08&end_date=2026-04-08&page=1&page_size=10 HTTP/1.1" 200 7652
[08/Apr/2026 06:57:30] "GET /datatable/po/list/?start_date=2026-01-08&end_date=2026-04-08&page=1&page_size=10 HTTP/1.1" 200 7652
[08/Apr/2026 06:58:00] "GET /datatable/po/list/?start_date=2026-01-08&end_date=2026-04-08&page=1&page_size=10 HTTP/1.1" 200 7652
[08/Apr/2026 06:58:30] "GET /datatable/po/list/?start_date=2026-01-08&end_date=2026-04-08&page=1&page_size=10 HTTP/1.1" 200 7652
[08/Apr/2026 06:59:00] "GET /datatable/po/list/?start_date=2026-01-08&end_date=2026-04-08&page=1&page_size=10 HTTP/1.1" 200 7652
[08/Apr/2026 06:59:30] "GET /datatable/po/list/?start_date=2026-01-08&end_date=2026-04-08&page=1&page_size=10 HTTP/1.1" 200 7652
[08/Apr/2026 07:00:00] "GET /datatable/po/list/?start_date=2026-01-08&end_date=2026-04-08&page=1&page_size=10 HTTP/1.1" 200 7652
[08/Apr/2026 07:00:30] "GET /datatable/po/list/?start_date=2026-01-08&end_date=2026-04-08&page=1&page_size=10 HTTP/1.1" 200 7652
[08/Apr/2026 07:01:00] "GET /datatable/po/list/?start_date=2026-01-08&end_date=2026-04-08&page=1&page_size=10 HTTP/1.1" 200 7652
[08/Apr/2026 07:01:30] "GET /datatable/po/list/?start_date=2026-01-08&end_date=2026-04-08&page=1&page_size=10 HTTP/1.1" 200 7652
[08/Apr/2026 07:02:00] "OPTIONS /datatable/po/list/?start_date=2026-01-08&end_date=2026-04-08&page=1&page_size=10 HTTP/1.1" 200 0
[08/Apr/2026 07:02:00] "GET /datatable/po/list/?start_date=2026-01-08&end_date=2026-04-08&page=1&page_size=10 HTTP/1.1" 200 7652
[08/Apr/2026 07:02:30] "GET /datatable/po/list/?start_date=2026-01-08&end_date=2026-04-08&page=1&page_size=10 HTTP/1.1" 200 7652
[08/Apr/2026 07:03:00] "GET /datatable/po/list/?start_date=2026-01-08&end_date=2026-04-08&page=1&page_size=10 HTTP/1.1" 200 7652
[08/Apr/2026 07:03:30] "GET /datatable/po/list/?start_date=2026-01-08&end_date=2026-04-08&page=1&page_size=10 HTTP/1.1" 200 7652
[08/Apr/2026 07:04:00] "GET /datatable/po/list/?start_date=2026-01-08&end_date=2026-04-08&page=1&page_size=10 HTTP/1.1" 200 7652
[08/Apr/2026 07:04:30] "GET /datatable/po/list/?start_date=2026-01-08&end_date=2026-04-08&page=1&page_size=10 HTTP/1.1" 200 7652
[08/Apr/2026 07:05:00] "GET /datatable/po/list/?start_date=2026-01-08&end_date=2026-04-08&page=1&page_size=10 HTTP/1.1" 200 7652
[08/Apr/2026 07:05:30] "GET /datatable/po/list/?start_date=2026-01-08&end_date=2026-04-08&page=1&page_size=10 HTTP/1.1" 200 7652
[08/Apr/2026 07:06:00] "GET /datatable/po/list/?start_date=2026-01-08&end_date=2026-04-08&page=1&page_size=10 HTTP/1.1" 200 7652
[08/Apr/2026 07:06:30] "GET /datatable/po/list/?start_date=2026-01-08&end_date=2026-04-08&page=1&page_size=10 HTTP/1.1" 200 7652
[08/Apr/2026 07:07:00] "GET /datatable/po/list/?start_date=2026-01-08&end_date=2026-04-08&page=1&page_size=10 HTTP/1.1" 200 7652
[08/Apr/2026 07:07:30] "GET /datatable/po/list/?start_date=2026-01-08&end_date=2026-04-08&page=1&page_size=10 HTTP/1.1" 200 7652
[08/Apr/2026 07:08:00] "GET /datatable/po/list/?start_date=2026-01-08&end_date=2026-04-08&page=1&page_size=10 HTTP/1.1" 200 7652
[08/Apr/2026 07:08:30] "GET /datatable/po/list/?start_date=2026-01-08&end_date=2026-04-08&page=1&page_size=10 HTTP/1.1" 200 7652
[08/Apr/2026 07:09:00] "GET /datatable/po/list/?start_date=2026-01-08&end_date=2026-04-08&page=1&page_size=10 HTTP/1.1" 200 7652
[08/Apr/2026 07:09:30] "GET /datatable/po/list/?start_date=2026-01-08&end_date=2026-04-08&page=1&page_size=10 HTTP/1.1" 200 7652
[08/Apr/2026 07:10:00] "GET /datatable/po/list/?start_date=2026-01-08&end_date=2026-04-08&page=1&page_size=10 HTTP/1.1" 200 7652
[08/Apr/2026 07:10:30] "GET /datatable/po/list/?start_date=2026-01-08&end_date=2026-04-08&page=1&page_size=10 HTTP/1.1" 200 7652
[08/Apr/2026 07:11:00] "GET /datatable/po/list/?start_date=2026-01-08&end_date=2026-04-08&page=1&page_size=10 HTTP/1.1" 200 7652
[08/Apr/2026 07:11:30] "GET /datatable/po/list/?start_date=2026-01-08&end_date=2026-04-08&page=1&page_size=10 HTTP/1.1" 200 7652
[08/Apr/2026 07:12:00] "GET /datatable/po/list/?start_date=2026-01-08&end_date=2026-04-08&page=1&page_size=10 HTTP/1.1" 200 7652
[08/Apr/2026 07:12:30] "GET /datatable/po/list/?start_date=2026-01-08&end_date=2026-04-08&page=1&page_size=10 HTTP/1.1" 200 7652
[08/Apr/2026 07:13:00] "GET /datatable/po/list/?start_date=2026-01-08&end_date=2026-04-08&page=1&page_size=10 HTTP/1.1" 200 7652
[08/Apr/2026 07:13:30] "GET /datatable/po/list/?start_date=2026-01-08&end_date=2026-04-08&page=1&page_size=10 HTTP/1.1" 200 7652
[08/Apr/2026 07:14:00] "GET /datatable/po/list/?start_date=2026-01-08&end_date=2026-04-08&page=1&page_size=10 HTTP/1.1" 200 7652
[08/Apr/2026 07:14:30] "GET /datatable/po/list/?start_date=2026-01-08&end_date=2026-04-08&page=1&page_size=10 HTTP/1.1" 200 7652
[08/Apr/2026 07:15:00] "GET /datatable/po/list/?start_date=2026-01-08&end_date=2026-04-08&page=1&page_size=10 HTTP/1.1" 200 7652
[08/Apr/2026 07:15:30] "GET /datatable/po/list/?start_date=2026-01-08&end_date=2026-04-08&page=1&page_size=10 HTTP/1.1" 200 7652
[08/Apr/2026 07:16:00] "GET /datatable/po/list/?start_date=2026-01-08&end_date=2026-04-08&page=1&page_size=10 HTTP/1.1" 200 7652
[08/Apr/2026 07:16:30] "GET /datatable/po/list/?start_date=2026-01-08&end_date=2026-04-08&page=1&page_size=10 HTTP/1.1" 200 7652
[08/Apr/2026 07:17:00] "GET /datatable/po/list/?start_date=2026-01-08&end_date=2026-04-08&page=1&page_size=10 HTTP/1.1" 200 7652
[08/Apr/2026 07:17:30] "GET /datatable/po/list/?start_date=2026-01-08&end_date=2026-04-08&page=1&page_size=10 HTTP/1.1" 200 7652
[08/Apr/2026 07:18:00] "GET /datatable/po/list/?start_date=2026-01-08&end_date=2026-04-08&page=1&page_size=10 HTTP/1.1" 200 7652
[08/Apr/2026 07:18:30] "GET /datatable/po/list/?start_date=2026-01-08&end_date=2026-04-08&page=1&page_size=10 HTTP/1.1" 200 7652
[08/Apr/2026 07:19:00] "GET /datatable/po/list/?start_date=2026-01-08&end_date=2026-04-08&page=1&page_size=10 HTTP/1.1" 200 7652
[08/Apr/2026 07:19:30] "GET /datatable/po/list/?start_date=2026-01-08&end_date=2026-04-08&page=1&page_size=10 HTTP/1.1" 200 7652
[08/Apr/2026 07:20:00] "GET /datatable/po/list/?start_date=2026-01-08&end_date=2026-04-08&page=1&page_size=10 HTTP/1.1" 200 7652
[08/Apr/2026 07:20:30] "GET /datatable/po/list/?start_date=2026-01-08&end_date=2026-04-08&page=1&page_size=10 HTTP/1.1" 200 7652
[08/Apr/2026 07:21:00] "GET /datatable/po/list/?start_date=2026-01-08&end_date=2026-04-08&page=1&page_size=10 HTTP/1.1" 200 7652
[08/Apr/2026 07:21:30] "GET /datatable/po/list/?start_date=2026-01-08&end_date=2026-04-08&page=1&page_size=10 HTTP/1.1" 200 7652
[08/Apr/2026 07:22:00] "GET /datatable/po/list/?start_date=2026-01-08&end_date=2026-04-08&page=1&page_size=10 HTTP/1.1" 200 7652
[08/Apr/2026 07:22:30] "GET /datatable/po/list/?start_date=2026-01-08&end_date=2026-04-08&page=1&page_size=10 HTTP/1.1" 200 7652
[08/Apr/2026 07:23:00] "GET /datatable/po/list/?start_date=2026-01-08&end_date=2026-04-08&page=1&page_size=10 HTTP/1.1" 200 7652
[08/Apr/2026 07:23:30] "GET /datatable/po/list/?start_date=2026-01-08&end_date=2026-04-08&page=1&page_size=10 HTTP/1.1" 200 7652
[08/Apr/2026 07:24:00] "GET /datatable/po/list/?start_date=2026-01-08&end_date=2026-04-08&page=1&page_size=10 HTTP/1.1" 200 7652
[08/Apr/2026 07:24:30] "GET /datatable/po/list/?start_date=2026-01-08&end_date=2026-04-08&page=1&page_size=10 HTTP/1.1" 200 7652
[08/Apr/2026 07:25:00] "GET /datatable/po/list/?start_date=2026-01-08&end_date=2026-04-08&page=1&page_size=10 HTTP/1.1" 200 7652
[08/Apr/2026 07:25:30] "GET /datatable/po/list/?start_date=2026-01-08&end_date=2026-04-08&page=1&page_size=10 HTTP/1.1" 200 7652
[08/Apr/2026 07:26:00] "GET /datatable/po/list/?start_date=2026-01-08&end_date=2026-04-08&page=1&page_size=10 HTTP/1.1" 200 7652
[08/Apr/2026 07:26:30] "GET /datatable/po/list/?start_date=2026-01-08&end_date=2026-04-08&page=1&page_size=10 HTTP/1.1" 200 7652
[08/Apr/2026 07:27:00] "GET /datatable/po/list/?start_date=2026-01-08&end_date=2026-04-08&page=1&page_size=10 HTTP/1.1" 200 7652
[08/Apr/2026 07:27:30] "GET /datatable/po/list/?start_date=2026-01-08&end_date=2026-04-08&page=1&page_size=10 HTTP/1.1" 200 7652
[08/Apr/2026 07:28:00] "GET /datatable/po/list/?start_date=2026-01-08&end_date=2026-04-08&page=1&page_size=10 HTTP/1.1" 200 7652
[08/Apr/2026 07:28:30] "GET /datatable/po/list/?start_date=2026-01-08&end_date=2026-04-08&page=1&page_size=10 HTTP/1.1" 200 7652
[08/Apr/2026 07:29:00] "GET /datatable/po/list/?start_date=2026-01-08&end_date=2026-04-08&page=1&page_size=10 HTTP/1.1" 200 7652
[08/Apr/2026 07:29:30] "GET /datatable/po/list/?start_date=2026-01-08&end_date=2026-04-08&page=1&page_size=10 HTTP/1.1" 200 7652
[08/Apr/2026 07:30:00] "GET /datatable/po/list/?start_date=2026-01-08&end_date=2026-04-08&page=1&page_size=10 HTTP/1.1" 200 7652
[08/Apr/2026 07:30:30] "GET /datatable/po/list/?start_date=2026-01-08&end_date=2026-04-08&page=1&page_size=10 HTTP/1.1" 200 7652
[08/Apr/2026 07:31:00] "GET /datatable/po/list/?start_date=2026-01-08&end_date=2026-04-08&page=1&page_size=10 HTTP/1.1" 200 7652
[08/Apr/2026 07:31:30] "GET /datatable/po/list/?start_date=2026-01-08&end_date=2026-04-08&page=1&page_size=10 HTTP/1.1" 200 7652
[08/Apr/2026 07:32:00] "GET /datatable/po/list/?start_date=2026-01-08&end_date=2026-04-08&page=1&page_size=10 HTTP/1.1" 200 7652
[08/Apr/2026 07:32:30] "GET /datatable/po/list/?start_date=2026-01-08&end_date=2026-04-08&page=1&page_size=10 HTTP/1.1" 200 7652
[08/Apr/2026 07:33:00] "GET /datatable/po/list/?start_date=2026-01-08&end_date=2026-04-08&page=1&page_size=10 HTTP/1.1" 200 7652
[08/Apr/2026 07:33:30] "GET /datatable/po/list/?start_date=2026-01-08&end_date=2026-04-08&page=1&page_size=10 HTTP/1.1" 200 7652
[08/Apr/2026 07:34:00] "GET /datatable/po/list/?start_date=2026-01-08&end_date=2026-04-08&page=1&page_size=10 HTTP/1.1" 200 7652
[08/Apr/2026 07:34:30] "GET /datatable/po/list/?start_date=2026-01-08&end_date=2026-04-08&page=1&page_size=10 HTTP/1.1" 200 7652
[08/Apr/2026 07:35:00] "GET /datatable/po/list/?start_date=2026-01-08&end_date=2026-04-08&page=1&page_size=10 HTTP/1.1" 200 7652
[08/Apr/2026 07:35:30] "GET /datatable/po/list/?start_date=2026-01-08&end_date=2026-04-08&page=1&page_size=10 HTTP/1.1" 200 7652
[08/Apr/2026 07:36:00] "GET /datatable/po/list/?start_date=2026-01-08&end_date=2026-04-08&page=1&page_size=10 HTTP/1.1" 200 7652
[08/Apr/2026 07:36:30] "GET /datatable/po/list/?start_date=2026-01-08&end_date=2026-04-08&page=1&page_size=10 HTTP/1.1" 200 7652
[08/Apr/2026 07:37:00] "GET /datatable/po/list/?start_date=2026-01-08&end_date=2026-04-08&page=1&page_size=10 HTTP/1.1" 200 7652
[08/Apr/2026 07:37:30] "GET /datatable/po/list/?start_date=2026-01-08&end_date=2026-04-08&page=1&page_size=10 HTTP/1.1" 200 7652
[08/Apr/2026 07:38:00] "GET /datatable/po/list/?start_date=2026-01-08&end_date=2026-04-08&page=1&page_size=10 HTTP/1.1" 200 7652
[08/Apr/2026 07:38:30] "GET /datatable/po/list/?start_date=2026-01-08&end_date=2026-04-08&page=1&page_size=10 HTTP/1.1" 200 7652
[08/Apr/2026 07:39:00] "GET /datatable/po/list/?start_date=2026-01-08&end_date=2026-04-08&page=1&page_size=10 HTTP/1.1" 200 7652
[08/Apr/2026 07:39:30] "GET /datatable/po/list/?start_date=2026-01-08&end_date=2026-04-08&page=1&page_size=10 HTTP/1.1" 200 7652
[08/Apr/2026 07:40:00] "GET /datatable/po/list/?start_date=2026-01-08&end_date=2026-04-08&page=1&page_size=10 HTTP/1.1" 200 7652
[08/Apr/2026 07:40:30] "GET /datatable/po/list/?start_date=2026-01-08&end_date=2026-04-08&page=1&page_size=10 HTTP/1.1" 200 7652
[08/Apr/2026 07:41:00] "GET /datatable/po/list/?start_date=2026-01-08&end_date=2026-04-08&page=1&page_size=10 HTTP/1.1" 200 7652
[08/Apr/2026 07:41:30] "GET /datatable/po/list/?start_date=2026-01-08&end_date=2026-04-08&page=1&page_size=10 HTTP/1.1" 200 7652
[08/Apr/2026 07:42:00] "GET /datatable/po/list/?start_date=2026-01-08&end_date=2026-04-08&page=1&page_size=10 HTTP/1.1" 200 7652
[08/Apr/2026 07:42:30] "GET /datatable/po/list/?start_date=2026-01-08&end_date=2026-04-08&page=1&page_size=10 HTTP/1.1" 200 7652
[08/Apr/2026 07:43:00] "GET /datatable/po/list/?start_date=2026-01-08&end_date=2026-04-08&page=1&page_size=10 HTTP/1.1" 200 7652
[08/Apr/2026 07:43:30] "GET /datatable/po/list/?start_date=2026-01-08&end_date=2026-04-08&page=1&page_size=10 HTTP/1.1" 200 7652
[08/Apr/2026 07:44:00] "GET /datatable/po/list/?start_date=2026-01-08&end_date=2026-04-08&page=1&page_size=10 HTTP/1.1" 200 7652
[08/Apr/2026 07:44:30] "GET /datatable/po/list/?start_date=2026-01-08&end_date=2026-04-08&page=1&page_size=10 HTTP/1.1" 200 7652
[08/Apr/2026 07:45:00] "GET /datatable/po/list/?start_date=2026-01-08&end_date=2026-04-08&page=1&page_size=10 HTTP/1.1" 200 7652
[08/Apr/2026 07:45:30] "GET /datatable/po/list/?start_date=2026-01-08&end_date=2026-04-08&page=1&page_size=10 HTTP/1.1" 200 7652
[08/Apr/2026 07:46:00] "GET /datatable/po/list/?start_date=2026-01-08&end_date=2026-04-08&page=1&page_size=10 HTTP/1.1" 200 7652
[08/Apr/2026 07:46:30] "GET /datatable/po/list/?start_date=2026-01-08&end_date=2026-04-08&page=1&page_size=10 HTTP/1.1" 200 7652
[08/Apr/2026 07:47:00] "GET /datatable/po/list/?start_date=2026-01-08&end_date=2026-04-08&page=1&page_size=10 HTTP/1.1" 200 7652
[08/Apr/2026 07:47:30] "GET /datatable/po/list/?start_date=2026-01-08&end_date=2026-04-08&page=1&page_size=10 HTTP/1.1" 200 7652
[08/Apr/2026 07:48:00] "GET /datatable/po/list/?start_date=2026-01-08&end_date=2026-04-08&page=1&page_size=10 HTTP/1.1" 200 7652
[08/Apr/2026 07:48:30] "GET /datatable/po/list/?start_date=2026-01-08&end_date=2026-04-08&page=1&page_size=10 HTTP/1.1" 200 7652
[08/Apr/2026 07:49:00] "GET /datatable/po/list/?start_date=2026-01-08&end_date=2026-04-08&page=1&page_size=10 HTTP/1.1" 200 7652
[08/Apr/2026 07:49:30] "GET /datatable/po/list/?start_date=2026-01-08&end_date=2026-04-08&page=1&page_size=10 HTTP/1.1" 200 7652
[08/Apr/2026 07:50:00] "GET /datatable/po/list/?start_date=2026-01-08&end_date=2026-04-08&page=1&page_size=10 HTTP/1.1" 200 7652
[08/Apr/2026 07:50:30] "GET /datatable/po/list/?start_date=2026-01-08&end_date=2026-04-08&page=1&page_size=10 HTTP/1.1" 200 7652
[08/Apr/2026 07:51:00] "GET /datatable/po/list/?start_date=2026-01-08&end_date=2026-04-08&page=1&page_size=10 HTTP/1.1" 200 7652
[08/Apr/2026 07:51:30] "GET /datatable/po/list/?start_date=2026-01-08&end_date=2026-04-08&page=1&page_size=10 HTTP/1.1" 200 7652
[08/Apr/2026 07:52:00] "GET /datatable/po/list/?start_date=2026-01-08&end_date=2026-04-08&page=1&page_size=10 HTTP/1.1" 200 7652
[08/Apr/2026 07:52:30] "GET /datatable/po/list/?start_date=2026-01-08&end_date=2026-04-08&page=1&page_size=10 HTTP/1.1" 200 7652
[08/Apr/2026 07:53:00] "GET /datatable/po/list/?start_date=2026-01-08&end_date=2026-04-08&page=1&page_size=10 HTTP/1.1" 200 7652
[08/Apr/2026 07:53:30] "GET /datatable/po/list/?start_date=2026-01-08&end_date=2026-04-08&page=1&page_size=10 HTTP/1.1" 200 7652
[08/Apr/2026 07:54:00] "GET /datatable/po/list/?start_date=2026-01-08&end_date=2026-04-08&page=1&page_size=10 HTTP/1.1" 200 7652
[08/Apr/2026 07:54:30] "GET /datatable/po/list/?start_date=2026-01-08&end_date=2026-04-08&page=1&page_size=10 HTTP/1.1" 200 7652
[08/Apr/2026 07:55:00] "GET /datatable/po/list/?start_date=2026-01-08&end_date=2026-04-08&page=1&page_size=10 HTTP/1.1" 200 7652
[08/Apr/2026 07:55:30] "GET /datatable/po/list/?start_date=2026-01-08&end_date=2026-04-08&page=1&page_size=10 HTTP/1.1" 200 7652
[08/Apr/2026 07:56:00] "GET /datatable/po/list/?start_date=2026-01-08&end_date=2026-04-08&page=1&page_size=10 HTTP/1.1" 200 7652
[08/Apr/2026 07:56:30] "GET /datatable/po/list/?start_date=2026-01-08&end_date=2026-04-08&page=1&page_size=10 HTTP/1.1" 200 7652
[08/Apr/2026 07:57:00] "GET /datatable/po/list/?start_date=2026-01-08&end_date=2026-04-08&page=1&page_size=10 HTTP/1.1" 200 7652
[08/Apr/2026 07:57:30] "GET /datatable/po/list/?start_date=2026-01-08&end_date=2026-04-08&page=1&page_size=10 HTTP/1.1" 200 7652
[08/Apr/2026 07:58:00] "GET /datatable/po/list/?start_date=2026-01-08&end_date=2026-04-08&page=1&page_size=10 HTTP/1.1" 200 7652
[08/Apr/2026 07:58:30] "GET /datatable/po/list/?start_date=2026-01-08&end_date=2026-04-08&page=1&page_size=10 HTTP/1.1" 200 7652
[08/Apr/2026 07:59:00] "GET /datatable/po/list/?start_date=2026-01-08&end_date=2026-04-08&page=1&page_size=10 HTTP/1.1" 200 7652
[08/Apr/2026 07:59:30] "GET /datatable/po/list/?start_date=2026-01-08&end_date=2026-04-08&page=1&page_size=10 HTTP/1.1" 200 7652
[08/Apr/2026 08:00:00] "GET /datatable/po/list/?start_date=2026-01-08&end_date=2026-04-08&page=1&page_size=10 HTTP/1.1" 200 7652
[08/Apr/2026 08:00:30] "GET /datatable/po/list/?start_date=2026-01-08&end_date=2026-04-08&page=1&page_size=10 HTTP/1.1" 200 7652
[08/Apr/2026 08:01:00] "GET /datatable/po/list/?start_date=2026-01-08&end_date=2026-04-08&page=1&page_size=10 HTTP/1.1" 200 7652
[08/Apr/2026 08:01:30] "GET /datatable/po/list/?start_date=2026-01-08&end_date=2026-04-08&page=1&page_size=10 HTTP/1.1" 200 7652
[08/Apr/2026 08:02:00] "GET /datatable/po/list/?start_date=2026-01-08&end_date=2026-04-08&page=1&page_size=10 HTTP/1.1" 200 7652
[08/Apr/2026 08:02:30] "GET /datatable/po/list/?start_date=2026-01-08&end_date=2026-04-08&page=1&page_size=10 HTTP/1.1" 200 7652
[08/Apr/2026 08:03:00] "GET /datatable/po/list/?start_date=2026-01-08&end_date=2026-04-08&page=1&page_size=10 HTTP/1.1" 200 7652
[08/Apr/2026 08:03:30] "GET /datatable/po/list/?start_date=2026-01-08&end_date=2026-04-08&page=1&page_size=10 HTTP/1.1" 200 7652
[08/Apr/2026 08:04:00] "GET /datatable/po/list/?start_date=2026-01-08&end_date=2026-04-08&page=1&page_size=10 HTTP/1.1" 200 7652
[08/Apr/2026 08:04:30] "GET /datatable/po/list/?start_date=2026-01-08&end_date=2026-04-08&page=1&page_size=10 HTTP/1.1" 200 7652
[08/Apr/2026 08:05:00] "GET /datatable/po/list/?start_date=2026-01-08&end_date=2026-04-08&page=1&page_size=10 HTTP/1.1" 200 7652
[08/Apr/2026 08:05:30] "GET /datatable/po/list/?start_date=2026-01-08&end_date=2026-04-08&page=1&page_size=10 HTTP/1.1" 200 7652
[08/Apr/2026 08:06:00] "GET /datatable/po/list/?start_date=2026-01-08&end_date=2026-04-08&page=1&page_size=10 HTTP/1.1" 200 7652
[08/Apr/2026 08:06:30] "GET /datatable/po/list/?start_date=2026-01-08&end_date=2026-04-08&page=1&page_size=10 HTTP/1.1" 200 7652
[08/Apr/2026 08:07:00] "GET /datatable/po/list/?start_date=2026-01-08&end_date=2026-04-08&page=1&page_size=10 HTTP/1.1" 200 7652
[08/Apr/2026 08:07:30] "GET /datatable/po/list/?start_date=2026-01-08&end_date=2026-04-08&page=1&page_size=10 HTTP/1.1" 200 7652
[08/Apr/2026 08:08:00] "GET /datatable/po/list/?start_date=2026-01-08&end_date=2026-04-08&page=1&page_size=10 HTTP/1.1" 200 7652
[08/Apr/2026 08:08:30] "GET /datatable/po/list/?start_date=2026-01-08&end_date=2026-04-08&page=1&page_size=10 HTTP/1.1" 200 7652
[08/Apr/2026 08:09:00] "GET /datatable/po/list/?start_date=2026-01-08&end_date=2026-04-08&page=1&page_size=10 HTTP/1.1" 200 7652
[08/Apr/2026 08:09:30] "GET /datatable/po/list/?start_date=2026-01-08&end_date=2026-04-08&page=1&page_size=10 HTTP/1.1" 200 7652
[08/Apr/2026 08:10:00] "GET /datatable/po/list/?start_date=2026-01-08&end_date=2026-04-08&page=1&page_size=10 HTTP/1.1" 200 7652
[08/Apr/2026 08:10:30] "GET /datatable/po/list/?start_date=2026-01-08&end_date=2026-04-08&page=1&page_size=10 HTTP/1.1" 200 7652
[08/Apr/2026 08:11:00] "GET /datatable/po/list/?start_date=2026-01-08&end_date=2026-04-08&page=1&page_size=10 HTTP/1.1" 200 7652
[08/Apr/2026 08:11:30] "GET /datatable/po/list/?start_date=2026-01-08&end_date=2026-04-08&page=1&page_size=10 HTTP/1.1" 200 7652
[08/Apr/2026 08:12:00] "GET /datatable/po/list/?start_date=2026-01-08&end_date=2026-04-08&page=1&page_size=10 HTTP/1.1" 200 7652
[08/Apr/2026 08:12:30] "GET /datatable/po/list/?start_date=2026-01-08&end_date=2026-04-08&page=1&page_size=10 HTTP/1.1" 200 7652
[08/Apr/2026 08:13:00] "GET /datatable/po/list/?start_date=2026-01-08&end_date=2026-04-08&page=1&page_size=10 HTTP/1.1" 200 7652
[08/Apr/2026 08:13:30] "GET /datatable/po/list/?start_date=2026-01-08&end_date=2026-04-08&page=1&page_size=10 HTTP/1.1" 200 7652
[08/Apr/2026 08:14:00] "GET /datatable/po/list/?start_date=2026-01-08&end_date=2026-04-08&page=1&page_size=10 HTTP/1.1" 200 7652
[08/Apr/2026 08:14:30] "GET /datatable/po/list/?start_date=2026-01-08&end_date=2026-04-08&page=1&page_size=10 HTTP/1.1" 200 7652
[08/Apr/2026 08:15:00] "GET /datatable/po/list/?start_date=2026-01-08&end_date=2026-04-08&page=1&page_size=10 HTTP/1.1" 200 7652
[08/Apr/2026 08:15:30] "GET /datatable/po/list/?start_date=2026-01-08&end_date=2026-04-08&page=1&page_size=10 HTTP/1.1" 200 7652
[08/Apr/2026 08:16:00] "GET /datatable/po/list/?start_date=2026-01-08&end_date=2026-04-08&page=1&page_size=10 HTTP/1.1" 200 7652
[08/Apr/2026 08:16:30] "GET /datatable/po/list/?start_date=2026-01-08&end_date=2026-04-08&page=1&page_size=10 HTTP/1.1" 200 7652
[08/Apr/2026 08:17:00] "GET /datatable/po/list/?start_date=2026-01-08&end_date=2026-04-08&page=1&page_size=10 HTTP/1.1" 200 7652
[08/Apr/2026 08:17:30] "GET /datatable/po/list/?start_date=2026-01-08&end_date=2026-04-08&page=1&page_size=10 HTTP/1.1" 200 7652
[08/Apr/2026 08:18:00] "GET /datatable/po/list/?start_date=2026-01-08&end_date=2026-04-08&page=1&page_size=10 HTTP/1.1" 200 7652
[08/Apr/2026 08:18:30] "GET /datatable/po/list/?start_date=2026-01-08&end_date=2026-04-08&page=1&page_size=10 HTTP/1.1" 200 7652
[08/Apr/2026 08:19:00] "GET /datatable/po/list/?start_date=2026-01-08&end_date=2026-04-08&page=1&page_size=10 HTTP/1.1" 200 7652
[08/Apr/2026 08:19:30] "GET /datatable/po/list/?start_date=2026-01-08&end_date=2026-04-08&page=1&page_size=10 HTTP/1.1" 200 7652
[08/Apr/2026 08:20:00] "GET /datatable/po/list/?start_date=2026-01-08&end_date=2026-04-08&page=1&page_size=10 HTTP/1.1" 200 7652
[08/Apr/2026 08:20:30] "GET /datatable/po/list/?start_date=2026-01-08&end_date=2026-04-08&page=1&page_size=10 HTTP/1.1" 200 7652
[08/Apr/2026 08:21:00] "GET /datatable/po/list/?start_date=2026-01-08&end_date=2026-04-08&page=1&page_size=10 HTTP/1.1" 200 7652
[08/Apr/2026 08:21:30] "GET /datatable/po/list/?start_date=2026-01-08&end_date=2026-04-08&page=1&page_size=10 HTTP/1.1" 200 7652
[08/Apr/2026 08:22:00] "GET /datatable/po/list/?start_date=2026-01-08&end_date=2026-04-08&page=1&page_size=10 HTTP/1.1" 200 7652
[08/Apr/2026 08:22:30] "GET /datatable/po/list/?start_date=2026-01-08&end_date=2026-04-08&page=1&page_size=10 HTTP/1.1" 200 7652
[08/Apr/2026 08:23:00] "GET /datatable/po/list/?start_date=2026-01-08&end_date=2026-04-08&page=1&page_size=10 HTTP/1.1" 200 7652
[08/Apr/2026 08:23:30] "GET /datatable/po/list/?start_date=2026-01-08&end_date=2026-04-08&page=1&page_size=10 HTTP/1.1" 200 7652
[08/Apr/2026 08:24:00] "GET /datatable/po/list/?start_date=2026-01-08&end_date=2026-04-08&page=1&page_size=10 HTTP/1.1" 200 7652
[08/Apr/2026 08:24:30] "GET /datatable/po/list/?start_date=2026-01-08&end_date=2026-04-08&page=1&page_size=10 HTTP/1.1" 200 7652
[08/Apr/2026 08:25:00] "GET /datatable/po/list/?start_date=2026-01-08&end_date=2026-04-08&page=1&page_size=10 HTTP/1.1" 200 7652
[08/Apr/2026 08:25:28] "OPTIONS /stats/po/totals/?group_by=summary&start_date=2026-01-08&end_date=2026-04-08&status=approved%2Crejected HTTP/1.1" 200 0
[08/Apr/2026 08:25:28] "OPTIONS /stats/po/total-price-dinar/?start_date=2026-01-08&end_date=2026-04-08 HTTP/1.1" 200 0
[08/Apr/2026 08:25:28] "OPTIONS /purchase_request/purchaseRequests/293/ HTTP/1.1" 200 0
[08/Apr/2026 08:25:29] "GET /datatable/po/list/?start_date=2026-01-08&end_date=2026-04-08&page=1&page_size=10 HTTP/1.1" 200 7652
[08/Apr/2026 08:25:29] "GET /stats/po/totals/?group_by=summary&start_date=2026-01-08&end_date=2026-04-08&status=approved%2Crejected HTTP/1.1" 200 62
[08/Apr/2026 08:25:29] "GET /stats/po/total-price-dinar/?start_date=2026-01-08&end_date=2026-04-08 HTTP/1.1" 200 71
[08/Apr/2026 08:25:29] "GET /purchase_request/purchaseRequests/293/ HTTP/1.1" 200 422
[08/Apr/2026 08:25:29] "OPTIONS /purchase_request/purchaseRequests/288/ HTTP/1.1" 200 0
[08/Apr/2026 08:25:29] "GET /purchase_request/purchaseRequests/288/ HTTP/1.1" 200 436
[08/Apr/2026 08:25:29] "OPTIONS /purchase_request/purchaseRequests/287/ HTTP/1.1" 200 0
[08/Apr/2026 08:25:29] "GET /purchase_request/purchaseRequests/287/ HTTP/1.1" 200 431
[08/Apr/2026 08:25:29] "OPTIONS /purchase_request/purchaseRequests/286/ HTTP/1.1" 200 0
[08/Apr/2026 08:25:29] "GET /purchase_request/purchaseRequests/286/ HTTP/1.1" 200 438
[08/Apr/2026 08:25:29] "OPTIONS /purchase_request/purchaseRequests/285/ HTTP/1.1" 200 0
[08/Apr/2026 08:25:30] "GET /purchase_request/purchaseRequests/285/ HTTP/1.1" 200 443
[08/Apr/2026 08:25:30] "OPTIONS /purchase_request/purchaseRequests/284/ HTTP/1.1" 200 0
[08/Apr/2026 08:25:30] "GET /purchase_request/purchaseRequests/284/ HTTP/1.1" 200 432
[08/Apr/2026 08:25:30] "OPTIONS /purchase_request/purchaseRequests/283/ HTTP/1.1" 200 0
[08/Apr/2026 08:25:30] "GET /purchase_request/purchaseRequests/283/ HTTP/1.1" 200 438
[08/Apr/2026 08:25:30] "GET /datatable/po/list/?start_date=2026-01-08&end_date=2026-04-08&page=1&page_size=10 HTTP/1.1" 200 7652
[08/Apr/2026 08:25:30] "OPTIONS /purchase_request/purchaseRequests/282/ HTTP/1.1" 200 0
[08/Apr/2026 08:25:30] "GET /purchase_request/purchaseRequests/282/ HTTP/1.1" 200 444
[08/Apr/2026 08:25:30] "OPTIONS /purchase_request/purchaseRequests/281/ HTTP/1.1" 200 0
[08/Apr/2026 08:25:30] "GET /purchase_request/purchaseRequests/281/ HTTP/1.1" 200 443
[08/Apr/2026 08:25:31] "OPTIONS /purchase_request/purchaseRequests/280/ HTTP/1.1" 200 0
[08/Apr/2026 08:25:31] "GET /purchase_request/purchaseRequests/280/ HTTP/1.1" 200 446
[08/Apr/2026 08:25:31] "OPTIONS /purchase_request/purchaseRequests/279/ HTTP/1.1" 200 0
[08/Apr/2026 08:25:31] "GET /purchase_request/purchaseRequests/279/ HTTP/1.1" 200 435
[08/Apr/2026 08:25:31] "OPTIONS /purchase_request/purchaseRequests/278/ HTTP/1.1" 200 0
[08/Apr/2026 08:25:31] "GET /purchase_request/purchaseRequests/278/ HTTP/1.1" 200 429
[08/Apr/2026 08:25:31] "OPTIONS /purchase_request/purchaseRequests/277/ HTTP/1.1" 200 0
[08/Apr/2026 08:25:31] "GET /purchase_request/purchaseRequests/277/ HTTP/1.1" 200 432
[08/Apr/2026 08:25:31] "OPTIONS /purchase_request/purchaseRequests/276/ HTTP/1.1" 200 0
[08/Apr/2026 08:25:32] "GET /purchase_request/purchaseRequests/276/ HTTP/1.1" 200 429
[08/Apr/2026 08:25:32] "OPTIONS /purchase_request/purchaseRequests/265/ HTTP/1.1" 200 0
[08/Apr/2026 08:25:32] "GET /purchase_request/purchaseRequests/265/ HTTP/1.1" 200 428
[08/Apr/2026 08:25:32] "OPTIONS /purchase_request/purchaseRequests/264/ HTTP/1.1" 200 0
[08/Apr/2026 08:25:32] "GET /purchase_request/purchaseRequests/264/ HTTP/1.1" 200 438
[08/Apr/2026 08:25:32] "OPTIONS /purchase_request/purchaseRequests/263/ HTTP/1.1" 200 0
[08/Apr/2026 08:25:32] "GET /purchase_request/purchaseRequests/263/ HTTP/1.1" 200 432
[08/Apr/2026 08:25:32] "OPTIONS /purchase_request/purchaseRequests/262/ HTTP/1.1" 200 0
[08/Apr/2026 08:25:32] "GET /purchase_request/purchaseRequests/262/ HTTP/1.1" 200 446
[08/Apr/2026 08:25:33] "OPTIONS /purchase_request/purchaseRequests/261/ HTTP/1.1" 200 0
[08/Apr/2026 08:25:33] "GET /purchase_request/purchaseRequests/261/ HTTP/1.1" 200 443
[08/Apr/2026 08:25:33] "OPTIONS /purchase_request/purchaseRequests/260/ HTTP/1.1" 200 0
[08/Apr/2026 08:25:33] "GET /purchase_request/purchaseRequests/260/ HTTP/1.1" 200 435
[08/Apr/2026 08:25:33] "OPTIONS /purchase_request/purchaseRequests/259/ HTTP/1.1" 200 0
[08/Apr/2026 08:25:33] "GET /purchase_request/purchaseRequests/259/ HTTP/1.1" 200 439
[08/Apr/2026 08:25:33] "OPTIONS /purchase_request/purchaseRequests/258/ HTTP/1.1" 200 0
[08/Apr/2026 08:25:33] "GET /purchase_request/purchaseRequests/258/ HTTP/1.1" 200 432
[08/Apr/2026 08:25:33] "OPTIONS /purchase_request/purchaseRequests/257/ HTTP/1.1" 200 0
[08/Apr/2026 08:25:34] "GET /purchase_request/purchaseRequests/257/ HTTP/1.1" 200 428
[08/Apr/2026 08:25:34] "OPTIONS /purchase_request/purchaseRequests/256/ HTTP/1.1" 200 0
[08/Apr/2026 08:25:34] "GET /purchase_request/purchaseRequests/256/ HTTP/1.1" 200 436
[08/Apr/2026 08:25:34] "OPTIONS /purchase_request/purchaseRequests/255/ HTTP/1.1" 200 0
[08/Apr/2026 08:25:34] "GET /purchase_request/purchaseRequests/255/ HTTP/1.1" 200 442
[08/Apr/2026 08:25:34] "OPTIONS /purchase_request/purchaseRequests/254/ HTTP/1.1" 200 0
[08/Apr/2026 08:25:34] "GET /purchase_request/purchaseRequests/254/ HTTP/1.1" 200 412
[08/Apr/2026 08:25:34] "OPTIONS /purchase_request/purchaseRequests/253/ HTTP/1.1" 200 0
[08/Apr/2026 08:25:35] "GET /purchase_request/purchaseRequests/253/ HTTP/1.1" 200 446
[08/Apr/2026 08:25:35] "OPTIONS /purchase_request/purchaseRequests/252/ HTTP/1.1" 200 0
[08/Apr/2026 08:25:35] "GET /purchase_request/purchaseRequests/252/ HTTP/1.1" 200 441
[08/Apr/2026 08:25:35] "OPTIONS /purchase_request/purchaseRequests/251/ HTTP/1.1" 200 0
[08/Apr/2026 08:25:35] "GET /purchase_request/purchaseRequests/251/ HTTP/1.1" 200 435
[08/Apr/2026 08:25:35] "OPTIONS /purchase_request/purchaseRequests/250/ HTTP/1.1" 200 0
[08/Apr/2026 08:25:35] "GET /purchase_request/purchaseRequests/250/ HTTP/1.1" 200 543
[08/Apr/2026 08:25:36] "OPTIONS /purchase_request/purchaseRequests/249/ HTTP/1.1" 200 0
[08/Apr/2026 08:25:36] "GET /purchase_request/purchaseRequests/249/ HTTP/1.1" 200 433
[08/Apr/2026 08:25:36] "OPTIONS /purchase_request/purchaseRequests/248/ HTTP/1.1" 200 0
[08/Apr/2026 08:25:36] "GET /purchase_request/purchaseRequests/248/ HTTP/1.1" 200 426
[08/Apr/2026 08:25:36] "OPTIONS /purchase_request/purchaseRequests/247/ HTTP/1.1" 200 0
[08/Apr/2026 08:25:36] "GET /purchase_request/purchaseRequests/247/ HTTP/1.1" 200 431
[08/Apr/2026 08:25:36] "OPTIONS /purchase_request/purchaseRequests/246/ HTTP/1.1" 200 0
[08/Apr/2026 08:25:37] "GET /purchase_request/purchaseRequests/246/ HTTP/1.1" 200 431
[08/Apr/2026 08:25:37] "OPTIONS /purchase_request/purchaseRequests/245/ HTTP/1.1" 200 0
[08/Apr/2026 08:25:37] "GET /purchase_request/purchaseRequests/245/ HTTP/1.1" 200 438
[08/Apr/2026 08:25:37] "OPTIONS /purchase_request/purchaseRequests/244/ HTTP/1.1" 200 0
[08/Apr/2026 08:25:37] "GET /purchase_request/purchaseRequests/244/ HTTP/1.1" 200 446
[08/Apr/2026 08:25:37] "OPTIONS /purchase_request/purchaseRequests/243/ HTTP/1.1" 200 0
[08/Apr/2026 08:25:37] "GET /purchase_request/purchaseRequests/243/ HTTP/1.1" 200 430
[08/Apr/2026 08:25:37] "OPTIONS /purchase_request/purchaseRequests/242/ HTTP/1.1" 200 0
[08/Apr/2026 08:25:37] "GET /purchase_request/purchaseRequests/242/ HTTP/1.1" 200 443
[08/Apr/2026 08:25:38] "OPTIONS /purchase_request/purchaseRequests/241/ HTTP/1.1" 200 0
[08/Apr/2026 08:25:38] "GET /purchase_request/purchaseRequests/241/ HTTP/1.1" 200 442
[08/Apr/2026 08:25:38] "OPTIONS /purchase_request/purchaseRequests/240/ HTTP/1.1" 200 0
[08/Apr/2026 08:25:38] "GET /purchase_request/purchaseRequests/240/ HTTP/1.1" 200 436
[08/Apr/2026 08:25:38] "OPTIONS /purchase_request/purchaseRequests/239/ HTTP/1.1" 200 0
[08/Apr/2026 08:25:38] "GET /purchase_request/purchaseRequests/239/ HTTP/1.1" 200 430
[08/Apr/2026 08:25:38] "OPTIONS /purchase_request/purchaseRequests/238/ HTTP/1.1" 200 0
[08/Apr/2026 08:25:38] "GET /purchase_request/purchaseRequests/238/ HTTP/1.1" 200 432
[08/Apr/2026 08:25:39] "OPTIONS /purchase_request/purchaseRequests/237/ HTTP/1.1" 200 0
[08/Apr/2026 08:25:39] "GET /purchase_request/purchaseRequests/237/ HTTP/1.1" 200 430
[08/Apr/2026 08:25:39] "OPTIONS /purchase_request/purchaseRequests/236/ HTTP/1.1" 200 0
[08/Apr/2026 08:25:39] "GET /purchase_request/purchaseRequests/236/ HTTP/1.1" 200 428
[08/Apr/2026 08:25:39] "OPTIONS /purchase_request/purchaseRequests/235/ HTTP/1.1" 200 0
[08/Apr/2026 08:25:39] "GET /purchase_request/purchaseRequests/235/ HTTP/1.1" 200 427
[08/Apr/2026 08:25:39] "OPTIONS /purchase_request/purchaseRequests/234/ HTTP/1.1" 200 0
[08/Apr/2026 08:25:39] "GET /purchase_request/purchaseRequests/234/ HTTP/1.1" 200 411
[08/Apr/2026 08:25:39] "OPTIONS /purchase_request/purchaseRequests/233/ HTTP/1.1" 200 0
[08/Apr/2026 08:25:40] "GET /purchase_request/purchaseRequests/233/ HTTP/1.1" 200 444
[08/Apr/2026 08:25:40] "OPTIONS /purchase_request/purchaseRequests/232/ HTTP/1.1" 200 0
[08/Apr/2026 08:25:40] "GET /purchase_request/purchaseRequests/232/ HTTP/1.1" 200 443
[08/Apr/2026 08:25:40] "OPTIONS /purchase_request/purchaseRequests/231/ HTTP/1.1" 200 0
[08/Apr/2026 08:25:40] "GET /purchase_request/purchaseRequests/231/ HTTP/1.1" 200 437
[08/Apr/2026 08:25:40] "OPTIONS /purchase_request/purchaseRequests/230/ HTTP/1.1" 200 0
[08/Apr/2026 08:25:40] "GET /purchase_request/purchaseRequests/230/ HTTP/1.1" 200 443
[08/Apr/2026 08:25:40] "OPTIONS /purchase_request/purchaseRequests/229/ HTTP/1.1" 200 0
[08/Apr/2026 08:25:40] "GET /purchase_request/purchaseRequests/229/ HTTP/1.1" 200 503
[08/Apr/2026 08:25:41] "OPTIONS /purchase_request/purchaseRequests/228/ HTTP/1.1" 200 0
[08/Apr/2026 08:25:41] "GET /purchase_request/purchaseRequests/228/ HTTP/1.1" 200 412
[08/Apr/2026 08:25:41] "OPTIONS /purchase_request/purchaseRequests/227/ HTTP/1.1" 200 0
[08/Apr/2026 08:25:41] "GET /purchase_request/purchaseRequests/227/ HTTP/1.1" 200 440
[08/Apr/2026 08:25:41] "OPTIONS /purchase_request/purchaseRequests/226/ HTTP/1.1" 200 0
[08/Apr/2026 08:25:41] "GET /purchase_request/purchaseRequests/226/ HTTP/1.1" 200 411
[08/Apr/2026 08:25:41] "OPTIONS /purchase_request/purchaseRequests/225/ HTTP/1.1" 200 0
[08/Apr/2026 08:25:41] "GET /purchase_request/purchaseRequests/225/ HTTP/1.1" 200 438
[08/Apr/2026 08:25:41] "OPTIONS /purchase_request/purchaseRequests/224/ HTTP/1.1" 200 0
[08/Apr/2026 08:25:42] "GET /purchase_request/purchaseRequests/224/ HTTP/1.1" 200 437
[08/Apr/2026 08:25:42] "OPTIONS /purchase_request/purchaseRequests/223/ HTTP/1.1" 200 0
[08/Apr/2026 08:25:42] "GET /purchase_request/purchaseRequests/223/ HTTP/1.1" 200 432
[08/Apr/2026 08:25:42] "OPTIONS /purchase_request/purchaseRequests/222/ HTTP/1.1" 200 0
[08/Apr/2026 08:25:42] "GET /purchase_request/purchaseRequests/222/ HTTP/1.1" 200 442
[08/Apr/2026 08:25:42] "OPTIONS /purchase_request/purchaseRequests/221/ HTTP/1.1" 200 0
[08/Apr/2026 08:25:42] "GET /purchase_request/purchaseRequests/221/ HTTP/1.1" 200 430
[08/Apr/2026 08:25:42] "OPTIONS /purchase_request/purchaseRequests/220/ HTTP/1.1" 200 0
[08/Apr/2026 08:25:42] "GET /purchase_request/purchaseRequests/220/ HTTP/1.1" 200 429
[08/Apr/2026 08:25:43] "OPTIONS /purchase_request/purchaseRequests/219/ HTTP/1.1" 200 0
[08/Apr/2026 08:25:43] "GET /purchase_request/purchaseRequests/219/ HTTP/1.1" 200 440
[08/Apr/2026 08:25:43] "OPTIONS /purchase_request/purchaseRequests/218/ HTTP/1.1" 200 0
[08/Apr/2026 08:25:43] "GET /purchase_request/purchaseRequests/218/ HTTP/1.1" 200 428
[08/Apr/2026 08:25:43] "OPTIONS /purchase_request/purchaseRequests/217/ HTTP/1.1" 200 0
[08/Apr/2026 08:25:43] "GET /purchase_request/purchaseRequests/217/ HTTP/1.1" 200 429
[08/Apr/2026 08:25:43] "OPTIONS /purchase_request/purchaseRequests/216/ HTTP/1.1" 200 0
[08/Apr/2026 08:25:43] "GET /purchase_request/purchaseRequests/216/ HTTP/1.1" 200 426
[08/Apr/2026 08:25:43] "OPTIONS /purchase_request/purchaseRequests/215/ HTTP/1.1" 200 0
[08/Apr/2026 08:25:44] "GET /purchase_request/purchaseRequests/215/ HTTP/1.1" 200 428
[08/Apr/2026 08:25:44] "OPTIONS /purchase_request/purchaseRequests/214/ HTTP/1.1" 200 0
[08/Apr/2026 08:25:44] "GET /purchase_request/purchaseRequests/214/ HTTP/1.1" 200 436
[08/Apr/2026 08:25:44] "OPTIONS /purchase_request/purchaseRequests/206/ HTTP/1.1" 200 0
[08/Apr/2026 08:25:44] "GET /purchase_request/purchaseRequests/206/ HTTP/1.1" 200 418
[08/Apr/2026 08:25:44] "OPTIONS /purchase_request/purchaseRequests/204/ HTTP/1.1" 200 0
[08/Apr/2026 08:25:44] "GET /purchase_request/purchaseRequests/204/ HTTP/1.1" 200 402
[08/Apr/2026 08:25:44] "OPTIONS /purchase_request/purchaseRequests/203/ HTTP/1.1" 200 0
[08/Apr/2026 08:25:45] "GET /purchase_request/purchaseRequests/203/ HTTP/1.1" 200 445
[08/Apr/2026 08:25:45] "OPTIONS /purchase_request/purchaseRequests/202/ HTTP/1.1" 200 0
[08/Apr/2026 08:25:45] "GET /purchase_request/purchaseRequests/202/ HTTP/1.1" 200 438
[08/Apr/2026 08:25:45] "OPTIONS /purchase_request/purchaseRequests/200/ HTTP/1.1" 200 0
[08/Apr/2026 08:25:45] "GET /purchase_request/purchaseRequests/200/ HTTP/1.1" 200 406
[08/Apr/2026 08:25:45] "OPTIONS /purchase_request/purchaseRequests/199/ HTTP/1.1" 200 0
[08/Apr/2026 08:25:45] "GET /purchase_request/purchaseRequests/199/ HTTP/1.1" 200 424
[08/Apr/2026 08:25:45] "OPTIONS /purchase_request/purchaseRequests/198/ HTTP/1.1" 200 0
[08/Apr/2026 08:25:45] "GET /purchase_request/purchaseRequests/198/ HTTP/1.1" 200 517
[08/Apr/2026 08:25:46] "OPTIONS /purchase_request/purchaseRequests/197/ HTTP/1.1" 200 0
[08/Apr/2026 08:25:46] "GET /purchase_request/purchaseRequests/197/ HTTP/1.1" 200 426
[08/Apr/2026 08:25:46] "OPTIONS /purchase_request/purchaseRequests/192/ HTTP/1.1" 200 0
[08/Apr/2026 08:25:46] "GET /purchase_request/purchaseRequests/192/ HTTP/1.1" 200 412
[08/Apr/2026 08:25:46] "OPTIONS /purchase_request/purchaseRequests/175/ HTTP/1.1" 200 0
[08/Apr/2026 08:25:46] "GET /purchase_request/purchaseRequests/175/ HTTP/1.1" 200 414
[08/Apr/2026 08:25:46] "OPTIONS /purchase_request/purchaseRequests/174/ HTTP/1.1" 200 0
[08/Apr/2026 08:25:46] "GET /purchase_request/purchaseRequests/174/ HTTP/1.1" 200 410
[08/Apr/2026 08:25:47] "OPTIONS /purchase_request/purchaseRequests/173/ HTTP/1.1" 200 0
[08/Apr/2026 08:25:47] "GET /purchase_request/purchaseRequests/173/ HTTP/1.1" 200 412
[08/Apr/2026 08:25:47] "OPTIONS /purchase_request/purchaseRequests/156/ HTTP/1.1" 200 0
[08/Apr/2026 08:25:47] "GET /purchase_request/purchaseRequests/156/ HTTP/1.1" 200 412
[08/Apr/2026 08:25:47] "OPTIONS /purchase_request/purchaseRequests/154/ HTTP/1.1" 200 0
[08/Apr/2026 08:25:47] "GET /purchase_request/purchaseRequests/154/ HTTP/1.1" 200 412
[08/Apr/2026 08:25:47] "OPTIONS /purchase_request/purchaseRequests/153/ HTTP/1.1" 200 0
[08/Apr/2026 08:25:47] "GET /purchase_request/purchaseRequests/153/ HTTP/1.1" 200 414
[08/Apr/2026 08:25:47] "OPTIONS /purchase_request/purchaseRequests/152/ HTTP/1.1" 200 0
[08/Apr/2026 08:25:48] "GET /purchase_request/purchaseRequests/152/ HTTP/1.1" 200 414
[08/Apr/2026 08:25:48] "OPTIONS /purchase_request/purchaseRequests/149/ HTTP/1.1" 200 0
[08/Apr/2026 08:25:48] "GET /purchase_request/purchaseRequests/149/ HTTP/1.1" 200 410
[08/Apr/2026 08:25:48] "OPTIONS /purchase_request/purchaseRequests/148/ HTTP/1.1" 200 0
[08/Apr/2026 08:25:48] "GET /purchase_request/purchaseRequests/148/ HTTP/1.1" 200 412
[08/Apr/2026 08:25:48] "OPTIONS /purchase_request/purchaseRequests/146/ HTTP/1.1" 200 0
[08/Apr/2026 08:25:48] "GET /purchase_request/purchaseRequests/146/ HTTP/1.1" 200 410
[08/Apr/2026 08:25:48] "OPTIONS /purchase_request/purchaseRequests/131/ HTTP/1.1" 200 0
[08/Apr/2026 08:25:49] "GET /purchase_request/purchaseRequests/131/ HTTP/1.1" 200 400
[08/Apr/2026 08:25:49] "OPTIONS /purchase_request/purchaseRequests/127/ HTTP/1.1" 200 0
[08/Apr/2026 08:25:49] "GET /purchase_request/purchaseRequests/127/ HTTP/1.1" 200 414
[08/Apr/2026 08:25:49] "OPTIONS /purchase_request/purchaseRequests/123/ HTTP/1.1" 200 0
[08/Apr/2026 08:25:49] "GET /purchase_request/purchaseRequests/123/ HTTP/1.1" 200 414
[08/Apr/2026 08:25:49] "OPTIONS /purchase_request/purchaseRequests/122/ HTTP/1.1" 200 0
[08/Apr/2026 08:25:49] "GET /purchase_request/purchaseRequests/122/ HTTP/1.1" 200 409
[08/Apr/2026 08:25:49] "OPTIONS /purchase_request/purchaseRequests/115/ HTTP/1.1" 200 0
[08/Apr/2026 08:25:50] "GET /purchase_request/purchaseRequests/115/ HTTP/1.1" 200 412
[08/Apr/2026 08:25:50] "OPTIONS /purchase_request/purchaseRequests/110/ HTTP/1.1" 200 0
[08/Apr/2026 08:25:50] "GET /purchase_request/purchaseRequests/110/ HTTP/1.1" 200 415
[08/Apr/2026 08:26:04] "GET /datatable/po/list/?start_date=2026-01-08&end_date=2026-04-08&page=1&page_size=10 HTTP/1.1" 200 7652
[08/Apr/2026 08:26:30] "GET /purchase_request/purchaseRequests/293/ HTTP/1.1" 200 422
[08/Apr/2026 08:26:30] "GET /stats/po/totals/?group_by=summary&start_date=2026-01-08&end_date=2026-04-08&status=approved%2Crejected HTTP/1.1" 200 62
[08/Apr/2026 08:26:30] "GET /datatable/po/list/?start_date=2026-01-08&end_date=2026-04-08&page=1&page_size=10 HTTP/1.1" 200 7652
[08/Apr/2026 08:26:30] "GET /stats/po/total-price-dinar/?start_date=2026-01-08&end_date=2026-04-08 HTTP/1.1" 200 71
[08/Apr/2026 08:26:30] "GET /purchase_request/purchaseRequests/288/ HTTP/1.1" 200 436
[08/Apr/2026 08:26:30] "GET /purchase_request/purchaseRequests/287/ HTTP/1.1" 200 431
[08/Apr/2026 08:26:30] "GET /purchase_request/purchaseRequests/286/ HTTP/1.1" 200 438
[08/Apr/2026 08:26:30] "GET /datatable/po/list/?start_date=2026-01-08&end_date=2026-04-08&page=1&page_size=10 HTTP/1.1" 200 7652
[08/Apr/2026 08:26:30] "GET /purchase_request/purchaseRequests/285/ HTTP/1.1" 200 443
[08/Apr/2026 08:26:30] "GET /purchase_request/purchaseRequests/284/ HTTP/1.1" 200 432
[08/Apr/2026 08:26:30] "GET /purchase_request/purchaseRequests/283/ HTTP/1.1" 200 438
[08/Apr/2026 08:26:30] "GET /purchase_request/purchaseRequests/282/ HTTP/1.1" 200 444
[08/Apr/2026 08:26:31] "GET /purchase_request/purchaseRequests/281/ HTTP/1.1" 200 443
[08/Apr/2026 08:26:31] "GET /purchase_request/purchaseRequests/280/ HTTP/1.1" 200 446
[08/Apr/2026 08:26:31] "GET /purchase_request/purchaseRequests/279/ HTTP/1.1" 200 435
[08/Apr/2026 08:26:31] "GET /purchase_request/purchaseRequests/278/ HTTP/1.1" 200 429
[08/Apr/2026 08:26:31] "GET /purchase_request/purchaseRequests/277/ HTTP/1.1" 200 432
[08/Apr/2026 08:26:31] "GET /purchase_request/purchaseRequests/276/ HTTP/1.1" 200 429
[08/Apr/2026 08:26:31] "GET /purchase_request/purchaseRequests/265/ HTTP/1.1" 200 428
[08/Apr/2026 08:26:31] "GET /purchase_request/purchaseRequests/264/ HTTP/1.1" 200 438
[08/Apr/2026 08:26:32] "GET /purchase_request/purchaseRequests/263/ HTTP/1.1" 200 432
[08/Apr/2026 08:26:32] "GET /purchase_request/purchaseRequests/262/ HTTP/1.1" 200 446
[08/Apr/2026 08:26:32] "GET /purchase_request/purchaseRequests/261/ HTTP/1.1" 200 443
[08/Apr/2026 08:26:32] "GET /purchase_request/purchaseRequests/260/ HTTP/1.1" 200 435
[08/Apr/2026 08:26:32] "GET /purchase_request/purchaseRequests/259/ HTTP/1.1" 200 439
[08/Apr/2026 08:26:32] "GET /purchase_request/purchaseRequests/258/ HTTP/1.1" 200 432
[08/Apr/2026 08:26:32] "GET /purchase_request/purchaseRequests/257/ HTTP/1.1" 200 428
[08/Apr/2026 08:26:32] "GET /purchase_request/purchaseRequests/256/ HTTP/1.1" 200 436
[08/Apr/2026 08:26:33] "GET /purchase_request/purchaseRequests/255/ HTTP/1.1" 200 442
[08/Apr/2026 08:26:33] "GET /purchase_request/purchaseRequests/254/ HTTP/1.1" 200 412
[08/Apr/2026 08:26:33] "GET /purchase_request/purchaseRequests/253/ HTTP/1.1" 200 446
[08/Apr/2026 08:26:33] "GET /purchase_request/purchaseRequests/252/ HTTP/1.1" 200 441
[08/Apr/2026 08:26:33] "GET /purchase_request/purchaseRequests/251/ HTTP/1.1" 200 435
[08/Apr/2026 08:26:33] "GET /purchase_request/purchaseRequests/250/ HTTP/1.1" 200 543
[08/Apr/2026 08:26:33] "GET /purchase_request/purchaseRequests/249/ HTTP/1.1" 200 433
[08/Apr/2026 08:26:33] "GET /purchase_request/purchaseRequests/248/ HTTP/1.1" 200 426
[08/Apr/2026 08:26:34] "GET /purchase_request/purchaseRequests/247/ HTTP/1.1" 200 431
[08/Apr/2026 08:26:34] "GET /purchase_request/purchaseRequests/246/ HTTP/1.1" 200 431
[08/Apr/2026 08:26:34] "GET /purchase_request/purchaseRequests/245/ HTTP/1.1" 200 438
[08/Apr/2026 08:26:34] "GET /purchase_request/purchaseRequests/244/ HTTP/1.1" 200 446
[08/Apr/2026 08:26:34] "GET /purchase_request/purchaseRequests/243/ HTTP/1.1" 200 430
[08/Apr/2026 08:26:34] "GET /purchase_request/purchaseRequests/242/ HTTP/1.1" 200 443
[08/Apr/2026 08:26:34] "GET /purchase_request/purchaseRequests/241/ HTTP/1.1" 200 442
[08/Apr/2026 08:26:34] "GET /purchase_request/purchaseRequests/240/ HTTP/1.1" 200 436
[08/Apr/2026 08:26:35] "GET /purchase_request/purchaseRequests/239/ HTTP/1.1" 200 430
[08/Apr/2026 08:26:35] "GET /purchase_request/purchaseRequests/238/ HTTP/1.1" 200 432
[08/Apr/2026 08:26:35] "GET /purchase_request/purchaseRequests/237/ HTTP/1.1" 200 430
[08/Apr/2026 08:26:35] "GET /purchase_request/purchaseRequests/236/ HTTP/1.1" 200 428
[08/Apr/2026 08:26:35] "GET /purchase_request/purchaseRequests/235/ HTTP/1.1" 200 427
[08/Apr/2026 08:26:35] "GET /purchase_request/purchaseRequests/234/ HTTP/1.1" 200 411
[08/Apr/2026 08:26:35] "GET /purchase_request/purchaseRequests/233/ HTTP/1.1" 200 444
[08/Apr/2026 08:26:35] "GET /purchase_request/purchaseRequests/232/ HTTP/1.1" 200 443
[08/Apr/2026 08:26:36] "GET /purchase_request/purchaseRequests/231/ HTTP/1.1" 200 437
[08/Apr/2026 08:26:36] "GET /purchase_request/purchaseRequests/230/ HTTP/1.1" 200 443
[08/Apr/2026 08:26:36] "GET /purchase_request/purchaseRequests/229/ HTTP/1.1" 200 503
[08/Apr/2026 08:26:36] "GET /purchase_request/purchaseRequests/228/ HTTP/1.1" 200 412
[08/Apr/2026 08:26:36] "GET /purchase_request/purchaseRequests/227/ HTTP/1.1" 200 440
[08/Apr/2026 08:26:36] "GET /purchase_request/purchaseRequests/226/ HTTP/1.1" 200 411
[08/Apr/2026 08:26:36] "GET /purchase_request/purchaseRequests/225/ HTTP/1.1" 200 438
[08/Apr/2026 08:26:37] "GET /purchase_request/purchaseRequests/224/ HTTP/1.1" 200 437
[08/Apr/2026 08:26:37] "GET /purchase_request/purchaseRequests/223/ HTTP/1.1" 200 432
[08/Apr/2026 08:26:37] "GET /purchase_request/purchaseRequests/222/ HTTP/1.1" 200 442
[08/Apr/2026 08:26:37] "GET /purchase_request/purchaseRequests/221/ HTTP/1.1" 200 430
[08/Apr/2026 08:26:37] "GET /purchase_request/purchaseRequests/220/ HTTP/1.1" 200 429
[08/Apr/2026 08:26:37] "GET /purchase_request/purchaseRequests/219/ HTTP/1.1" 200 440
[08/Apr/2026 08:26:37] "GET /purchase_request/purchaseRequests/218/ HTTP/1.1" 200 428
[08/Apr/2026 08:26:37] "GET /purchase_request/purchaseRequests/217/ HTTP/1.1" 200 429
[08/Apr/2026 08:26:38] "GET /purchase_request/purchaseRequests/216/ HTTP/1.1" 200 426
[08/Apr/2026 08:26:38] "GET /purchase_request/purchaseRequests/215/ HTTP/1.1" 200 428
[08/Apr/2026 08:26:38] "GET /purchase_request/purchaseRequests/214/ HTTP/1.1" 200 436
[08/Apr/2026 08:26:38] "GET /purchase_request/purchaseRequests/206/ HTTP/1.1" 200 418
[08/Apr/2026 08:26:38] "GET /purchase_request/purchaseRequests/204/ HTTP/1.1" 200 402
[08/Apr/2026 08:26:38] "GET /purchase_request/purchaseRequests/203/ HTTP/1.1" 200 445
[08/Apr/2026 08:26:38] "GET /purchase_request/purchaseRequests/202/ HTTP/1.1" 200 438
[08/Apr/2026 08:26:38] "GET /purchase_request/purchaseRequests/200/ HTTP/1.1" 200 406
[08/Apr/2026 08:26:39] "GET /purchase_request/purchaseRequests/199/ HTTP/1.1" 200 424
[08/Apr/2026 08:26:39] "GET /purchase_request/purchaseRequests/198/ HTTP/1.1" 200 517
[08/Apr/2026 08:26:39] "GET /purchase_request/purchaseRequests/197/ HTTP/1.1" 200 426
[08/Apr/2026 08:26:39] "GET /purchase_request/purchaseRequests/192/ HTTP/1.1" 200 412
[08/Apr/2026 08:26:39] "GET /purchase_request/purchaseRequests/175/ HTTP/1.1" 200 414
[08/Apr/2026 08:26:39] "GET /purchase_request/purchaseRequests/174/ HTTP/1.1" 200 410
[08/Apr/2026 08:26:39] "GET /purchase_request/purchaseRequests/173/ HTTP/1.1" 200 412
[08/Apr/2026 08:26:40] "GET /purchase_request/purchaseRequests/156/ HTTP/1.1" 200 412
[08/Apr/2026 08:26:40] "GET /purchase_request/purchaseRequests/154/ HTTP/1.1" 200 412
[08/Apr/2026 08:26:40] "GET /purchase_request/purchaseRequests/153/ HTTP/1.1" 200 414
[08/Apr/2026 08:26:40] "GET /purchase_request/purchaseRequests/152/ HTTP/1.1" 200 414
[08/Apr/2026 08:26:40] "GET /purchase_request/purchaseRequests/149/ HTTP/1.1" 200 410
[08/Apr/2026 08:26:40] "GET /purchase_request/purchaseRequests/148/ HTTP/1.1" 200 412
[08/Apr/2026 08:26:40] "GET /purchase_request/purchaseRequests/146/ HTTP/1.1" 200 410
[08/Apr/2026 08:26:40] "GET /purchase_request/purchaseRequests/131/ HTTP/1.1" 200 400
[08/Apr/2026 08:26:41] "GET /purchase_request/purchaseRequests/127/ HTTP/1.1" 200 414
[08/Apr/2026 08:26:41] "GET /purchase_request/purchaseRequests/123/ HTTP/1.1" 200 414
[08/Apr/2026 08:26:41] "GET /purchase_request/purchaseRequests/122/ HTTP/1.1" 200 409
[08/Apr/2026 08:26:42] "GET /purchase_request/purchaseRequests/115/ HTTP/1.1" 200 412
[08/Apr/2026 08:26:42] "GET /purchase_request/purchaseRequests/110/ HTTP/1.1" 200 415
[08/Apr/2026 08:27:04] "GET /datatable/po/list/?start_date=2026-01-08&end_date=2026-04-08&page=1&page_size=10 HTTP/1.1" 200 7652
[08/Apr/2026 08:30:46] "GET /datatable/po/list/?start_date=2026-01-08&end_date=2026-04-08&page=1&page_size=10 HTTP/1.1" 200 7652
[08/Apr/2026 08:32:46] "GET /datatable/po/list/?start_date=2026-01-08&end_date=2026-04-08&page=1&page_size=10 HTTP/1.1" 200 7652
[08/Apr/2026 08:33:46] "GET /datatable/po/list/?start_date=2026-01-08&end_date=2026-04-08&page=1&page_size=10 HTTP/1.1" 200 7652
[08/Apr/2026 08:34:46] "GET /datatable/po/list/?start_date=2026-01-08&end_date=2026-04-08&page=1&page_size=10 HTTP/1.1" 200 7652
[08/Apr/2026 08:35:46] "GET /datatable/po/list/?start_date=2026-01-08&end_date=2026-04-08&page=1&page_size=10 HTTP/1.1" 200 7652
[08/Apr/2026 08:36:46] "GET /datatable/po/list/?start_date=2026-01-08&end_date=2026-04-08&page=1&page_size=10 HTTP/1.1" 200 7652
[08/Apr/2026 08:37:46] "GET /datatable/po/list/?start_date=2026-01-08&end_date=2026-04-08&page=1&page_size=10 HTTP/1.1" 200 7652
[08/Apr/2026 08:38:46] "GET /datatable/po/list/?start_date=2026-01-08&end_date=2026-04-08&page=1&page_size=10 HTTP/1.1" 200 7652
[08/Apr/2026 08:39:46] "GET /datatable/po/list/?start_date=2026-01-08&end_date=2026-04-08&page=1&page_size=10 HTTP/1.1" 200 7652
[08/Apr/2026 08:40:47] "GET /datatable/po/list/?start_date=2026-01-08&end_date=2026-04-08&page=1&page_size=10 HTTP/1.1" 200 7652
[08/Apr/2026 08:41:31] "GET /datatable/po/list/?start_date=2026-01-08&end_date=2026-04-08&page=1&page_size=10 HTTP/1.1" 200 7652
[08/Apr/2026 08:41:31] "GET /datatable/po/list/?start_date=2026-01-08&end_date=2026-04-08&page=1&page_size=10 HTTP/1.1" 200 7652
[08/Apr/2026 08:41:32] "GET /datatable/po/list/?start_date=2026-01-08&end_date=2026-04-08&page=1&page_size=10 HTTP/1.1" 200 7652
[08/Apr/2026 08:41:32] "GET /datatable/po/list/?start_date=2026-01-08&end_date=2026-04-08&page=1&page_size=10 HTTP/1.1" 200 7652
[08/Apr/2026 08:41:32] "GET /stats/po/totals/?group_by=summary&start_date=2026-01-08&end_date=2026-04-08&status=approved%2Crejected HTTP/1.1" 200 62
[08/Apr/2026 08:41:32] "GET /purchase_request/purchaseRequests/293/ HTTP/1.1" 200 422
[08/Apr/2026 08:41:32] "GET /stats/po/total-price-dinar/?start_date=2026-01-08&end_date=2026-04-08 HTTP/1.1" 200 71
[08/Apr/2026 08:41:32] "GET /datatable/po/list/?start_date=2026-01-08&end_date=2026-04-08&page=1&page_size=10 HTTP/1.1" 200 7652
[08/Apr/2026 08:41:32] "GET /datatable/po/list/?start_date=2026-01-08&end_date=2026-04-08&page=1&page_size=10 HTTP/1.1" 200 7652
[08/Apr/2026 08:41:32] "GET /purchase_request/purchaseRequests/288/ HTTP/1.1" 200 436
[08/Apr/2026 08:41:32] "GET /purchase_request/purchaseRequests/287/ HTTP/1.1" 200 431
[08/Apr/2026 08:41:32] "GET /purchase_request/purchaseRequests/286/ HTTP/1.1" 200 438
[08/Apr/2026 08:41:32] "GET /purchase_request/purchaseRequests/285/ HTTP/1.1" 200 443
[08/Apr/2026 08:41:32] "GET /purchase_request/purchaseRequests/284/ HTTP/1.1" 200 432
[08/Apr/2026 08:41:32] "GET /purchase_request/purchaseRequests/283/ HTTP/1.1" 200 438
[08/Apr/2026 08:41:33] "GET /purchase_request/purchaseRequests/282/ HTTP/1.1" 200 444
[08/Apr/2026 08:41:33] "GET /purchase_request/purchaseRequests/281/ HTTP/1.1" 200 443
[08/Apr/2026 08:41:33] "GET /purchase_request/purchaseRequests/280/ HTTP/1.1" 200 446
[08/Apr/2026 08:41:33] "GET /purchase_request/purchaseRequests/279/ HTTP/1.1" 200 435
[08/Apr/2026 08:41:33] "GET /purchase_request/purchaseRequests/278/ HTTP/1.1" 200 429
[08/Apr/2026 08:41:33] "GET /purchase_request/purchaseRequests/277/ HTTP/1.1" 200 432
[08/Apr/2026 08:41:33] "GET /purchase_request/purchaseRequests/276/ HTTP/1.1" 200 429
[08/Apr/2026 08:41:33] "GET /purchase_request/purchaseRequests/265/ HTTP/1.1" 200 428
[08/Apr/2026 08:41:34] "GET /purchase_request/purchaseRequests/264/ HTTP/1.1" 200 438
[08/Apr/2026 08:41:34] "GET /purchase_request/purchaseRequests/263/ HTTP/1.1" 200 432
[08/Apr/2026 08:41:34] "GET /purchase_request/purchaseRequests/262/ HTTP/1.1" 200 446
[08/Apr/2026 08:41:34] "GET /purchase_request/purchaseRequests/261/ HTTP/1.1" 200 443
[08/Apr/2026 08:41:34] "GET /purchase_request/purchaseRequests/260/ HTTP/1.1" 200 435
[08/Apr/2026 08:41:34] "GET /purchase_request/purchaseRequests/259/ HTTP/1.1" 200 439
[08/Apr/2026 08:41:34] "GET /purchase_request/purchaseRequests/258/ HTTP/1.1" 200 432
[08/Apr/2026 08:41:35] "GET /purchase_request/purchaseRequests/257/ HTTP/1.1" 200 428
[08/Apr/2026 08:41:35] "GET /purchase_request/purchaseRequests/256/ HTTP/1.1" 200 436
[08/Apr/2026 08:41:35] "GET /purchase_request/purchaseRequests/255/ HTTP/1.1" 200 442
[08/Apr/2026 08:41:35] "GET /purchase_request/purchaseRequests/254/ HTTP/1.1" 200 412
[08/Apr/2026 08:41:35] "GET /purchase_request/purchaseRequests/253/ HTTP/1.1" 200 446
[08/Apr/2026 08:41:35] "GET /purchase_request/purchaseRequests/252/ HTTP/1.1" 200 441
[08/Apr/2026 08:41:35] "GET /purchase_request/purchaseRequests/251/ HTTP/1.1" 200 435
[08/Apr/2026 08:41:35] "GET /purchase_request/purchaseRequests/250/ HTTP/1.1" 200 543
[08/Apr/2026 08:41:36] "GET /purchase_request/purchaseRequests/249/ HTTP/1.1" 200 433
[08/Apr/2026 08:41:36] "GET /purchase_request/purchaseRequests/248/ HTTP/1.1" 200 426
[08/Apr/2026 08:41:36] "GET /purchase_request/purchaseRequests/247/ HTTP/1.1" 200 431
[08/Apr/2026 08:41:36] "GET /purchase_request/purchaseRequests/246/ HTTP/1.1" 200 431
[08/Apr/2026 08:41:36] "GET /purchase_request/purchaseRequests/245/ HTTP/1.1" 200 438
[08/Apr/2026 08:41:36] "GET /purchase_request/purchaseRequests/244/ HTTP/1.1" 200 446
[08/Apr/2026 08:41:37] "GET /purchase_request/purchaseRequests/243/ HTTP/1.1" 200 430
[08/Apr/2026 08:41:37] "GET /purchase_request/purchaseRequests/242/ HTTP/1.1" 200 443
[08/Apr/2026 08:41:37] "GET /purchase_request/purchaseRequests/241/ HTTP/1.1" 200 442
[08/Apr/2026 08:41:37] "GET /purchase_request/purchaseRequests/240/ HTTP/1.1" 200 436
[08/Apr/2026 08:41:37] "GET /purchase_request/purchaseRequests/239/ HTTP/1.1" 200 430
[08/Apr/2026 08:41:37] "GET /purchase_request/purchaseRequests/238/ HTTP/1.1" 200 432
[08/Apr/2026 08:41:37] "GET /purchase_request/purchaseRequests/237/ HTTP/1.1" 200 430
[08/Apr/2026 08:41:37] "GET /purchase_request/purchaseRequests/236/ HTTP/1.1" 200 428
[08/Apr/2026 08:41:38] "GET /purchase_request/purchaseRequests/235/ HTTP/1.1" 200 427
[08/Apr/2026 08:41:38] "GET /purchase_request/purchaseRequests/234/ HTTP/1.1" 200 411
[08/Apr/2026 08:41:38] "GET /purchase_request/purchaseRequests/233/ HTTP/1.1" 200 444
[08/Apr/2026 08:41:38] "GET /purchase_request/purchaseRequests/232/ HTTP/1.1" 200 443
[08/Apr/2026 08:41:38] "GET /purchase_request/purchaseRequests/231/ HTTP/1.1" 200 437
[08/Apr/2026 08:41:38] "GET /purchase_request/purchaseRequests/230/ HTTP/1.1" 200 443
[08/Apr/2026 08:41:38] "GET /purchase_request/purchaseRequests/229/ HTTP/1.1" 200 503
[08/Apr/2026 08:41:38] "GET /purchase_request/purchaseRequests/228/ HTTP/1.1" 200 412
[08/Apr/2026 08:41:39] "GET /purchase_request/purchaseRequests/227/ HTTP/1.1" 200 440
[08/Apr/2026 08:41:39] "GET /purchase_request/purchaseRequests/226/ HTTP/1.1" 200 411
[08/Apr/2026 08:41:39] "GET /purchase_request/purchaseRequests/225/ HTTP/1.1" 200 438
[08/Apr/2026 08:41:39] "GET /purchase_request/purchaseRequests/224/ HTTP/1.1" 200 437
[08/Apr/2026 08:41:39] "GET /purchase_request/purchaseRequests/223/ HTTP/1.1" 200 432
[08/Apr/2026 08:41:39] "GET /purchase_request/purchaseRequests/222/ HTTP/1.1" 200 442
[08/Apr/2026 08:41:39] "GET /purchase_request/purchaseRequests/221/ HTTP/1.1" 200 430
[08/Apr/2026 08:41:40] "GET /purchase_request/purchaseRequests/220/ HTTP/1.1" 200 429
[08/Apr/2026 08:41:40] "GET /purchase_request/purchaseRequests/219/ HTTP/1.1" 200 440
[08/Apr/2026 08:41:40] "GET /purchase_request/purchaseRequests/218/ HTTP/1.1" 200 428
[08/Apr/2026 08:41:40] "GET /purchase_request/purchaseRequests/217/ HTTP/1.1" 200 429
[08/Apr/2026 08:41:40] "GET /purchase_request/purchaseRequests/216/ HTTP/1.1" 200 426
[08/Apr/2026 08:41:40] "GET /purchase_request/purchaseRequests/215/ HTTP/1.1" 200 428
[08/Apr/2026 08:41:40] "GET /purchase_request/purchaseRequests/214/ HTTP/1.1" 200 436
[08/Apr/2026 08:41:40] "GET /purchase_request/purchaseRequests/206/ HTTP/1.1" 200 418
[08/Apr/2026 08:41:41] "GET /purchase_request/purchaseRequests/204/ HTTP/1.1" 200 402
[08/Apr/2026 08:41:41] "GET /purchase_request/purchaseRequests/203/ HTTP/1.1" 200 445
[08/Apr/2026 08:41:41] "GET /purchase_request/purchaseRequests/202/ HTTP/1.1" 200 438
[08/Apr/2026 08:41:41] "GET /purchase_request/purchaseRequests/200/ HTTP/1.1" 200 406
[08/Apr/2026 08:41:41] "GET /purchase_request/purchaseRequests/199/ HTTP/1.1" 200 424
[08/Apr/2026 08:41:41] "GET /purchase_request/purchaseRequests/198/ HTTP/1.1" 200 517
[08/Apr/2026 08:41:41] "GET /purchase_request/purchaseRequests/197/ HTTP/1.1" 200 426
[08/Apr/2026 08:41:41] "GET /purchase_request/purchaseRequests/192/ HTTP/1.1" 200 412
[08/Apr/2026 08:41:42] "GET /purchase_request/purchaseRequests/175/ HTTP/1.1" 200 414
[08/Apr/2026 08:41:42] "GET /purchase_request/purchaseRequests/174/ HTTP/1.1" 200 410
[08/Apr/2026 08:41:42] "GET /purchase_request/purchaseRequests/173/ HTTP/1.1" 200 412
[08/Apr/2026 08:41:42] "GET /purchase_request/purchaseRequests/156/ HTTP/1.1" 200 412
[08/Apr/2026 08:41:42] "GET /purchase_request/purchaseRequests/154/ HTTP/1.1" 200 412
[08/Apr/2026 08:41:42] "GET /purchase_request/purchaseRequests/153/ HTTP/1.1" 200 414
[08/Apr/2026 08:41:42] "GET /purchase_request/purchaseRequests/152/ HTTP/1.1" 200 414
[08/Apr/2026 08:41:42] "GET /purchase_request/purchaseRequests/149/ HTTP/1.1" 200 410
[08/Apr/2026 08:41:43] "GET /purchase_request/purchaseRequests/148/ HTTP/1.1" 200 412
[08/Apr/2026 08:41:43] "GET /purchase_request/purchaseRequests/146/ HTTP/1.1" 200 410
[08/Apr/2026 08:41:43] "GET /purchase_request/purchaseRequests/131/ HTTP/1.1" 200 400
[08/Apr/2026 08:41:43] "GET /purchase_request/purchaseRequests/127/ HTTP/1.1" 200 414
[08/Apr/2026 08:41:43] "GET /purchase_request/purchaseRequests/123/ HTTP/1.1" 200 414
[08/Apr/2026 08:41:43] "GET /purchase_request/purchaseRequests/122/ HTTP/1.1" 200 409
[08/Apr/2026 08:41:43] "GET /purchase_request/purchaseRequests/115/ HTTP/1.1" 200 412
[08/Apr/2026 08:41:44] "GET /purchase_request/purchaseRequests/110/ HTTP/1.1" 200 415
[08/Apr/2026 08:42:04] "GET /datatable/po/list/?start_date=2026-01-08&end_date=2026-04-08&page=1&page_size=10 HTTP/1.1" 200 7652
[08/Apr/2026 08:43:46] "GET /datatable/po/list/?start_date=2026-01-08&end_date=2026-04-08&page=1&page_size=10 HTTP/1.1" 200 7652
[08/Apr/2026 08:47:46] "GET /datatable/po/list/?start_date=2026-01-08&end_date=2026-04-08&page=1&page_size=10 HTTP/1.1" 200 7652
[08/Apr/2026 08:48:46] "GET /datatable/po/list/?start_date=2026-01-08&end_date=2026-04-08&page=1&page_size=10 HTTP/1.1" 200 7652
